ZIP,NatWalkInd,total_weight,block_group_rows
00601,4.193668,9812.552,8
00602,4.204497,11001,11
00603,4.447414,29944.914,41
00604,4.135266,1271.571,2
00605,4.648216,3254.055,3
00606,3.020047,6202,5
00610,3.93842,20233.891,16
00611,2.362235,4705.257,3
00612,4.107743,76258.338,87
00613,6.103281,814.575,5
00614,5.64172,1748.558,3
00616,3.974184,3889.866,7
00617,3.984205,28333.092,23
00623,3.563857,32947.969,22
00624,3.705642,12552.568,14
00627,3.935413,20546,11
00637,4.472413,17559.595,17
00638,3.346265,8057.098,8
00641,4.29127,13744.606,19
00646,4.313282,34784.737,36
00647,3.498584,4009.827,12
00650,3.185983,11701.617,24
00652,3.494682,3740.311,7
00653,5.459949,6409.12,10
00656,4.062009,10110.118,10
00659,3.728948,31680.404,36
00660,4.46164,9289.558,13
00662,3.642951,34293.013,30
00664,2.32216,6414,4
00667,3.304473,17461.579,16
00669,3.728721,6360,4
00670,2.544133,5778,5
00674,4.389065,35878.681,42
00676,3.468792,16330.828,13
00677,4.295767,2520,2
00678,3.607066,23673.176,13
00680,4.413859,36480.275,50
00681,6.822358,758.866,2
00682,4.156894,26303.02,33
00683,3.562055,26843.008,34
00685,3.64363,24859,16
00687,3.075453,23576.491,25
00688,1.994993,2868.244,2
00690,4.532959,4001.444,5
00692,3.832551,27335.03,27
00693,4.377278,49238.112,52
00694,5.209321,3518.219,4
00698,4.498563,37354.175,32
00703,3.098832,14804.09,14
00704,4.633522,3042.496,5
00705,3.414844,20049.311,16
00707,4.116728,8644,8
00714,5.2526,13144.898,11
00715,3.55749,3573.275,18
00716,5.643475,28831.764,72
00717,6.153879,14012.407,33
00718,3.325455,18972.806,11
00719,3.64838,12262.78,11
00720,3.296496,6398.548,8
00721,6.763484,1451.255,4
00723,3.32331,14256.993,13
00725,4.679773,77495.224,118
00726,6.521774,3417.123,6
00727,5.214226,39814.576,76
00728,5.188951,39779.963,57
00729,4.716889,45344.201,40
00730,5.174459,38622.858,87
00731,2.529994,3441.841,7
00732,5.896846,924.465,3
00733,7.333333,1508.788,3
00735,4.319431,7973.621,11
00736,4.009119,38141.677,31
00737,6.652557,1881.457,3
00738,4.48013,25962.164,30
00739,3.613415,31708.722,27
00740,5.656633,1873.803,8
00741,5.324522,4880,4
00744,2.518239,7292,4
00745,4.428511,38532.295,33
00751,4.686249,17117.321,21
00754,3.58683,26368.269,18
00757,4.127084,22453.775,17
00765,3.604226,8771,6
00766,3.498194,18518.623,16
00767,4.199473,14589.429,13
00769,3.614087,35635.106,21
00771,3.742555,13205.949,21
00772,4.982049,11197,9
00773,3.822429,15549.25,15
00777,3.679386,31085.389,27
00778,4.481802,22465.427,37
00780,3.49188,9548.335,15
00782,4.464543,6109.739,8
00783,3.486372,26699.401,18
00784,4.637439,42943.813,39
00785,7.333333,858.289,3
00791,3.720913,33943.845,26
00792,6.105797,2087.958,5
00794,3.251307,16209.887,15
00795,3.841021,44146.435,42
00801,5.734619,1010.696,2
00802,5.125246,30324.08,29
00803,5.734619,1217.573,2
00804,5.734619,387.651,2
00820,4.97509,14827.963,15
00830,2.513357,1435,3
00831,5.053991,2735,4
00840,4.107944,20231.571,23
00850,3.836179,8589.467,6
00901,6.699945,5805.38,13
00902,6.53981,810.657,3
00907,6.170284,11892.318,41
00908,6.594527,1016.577,5
00909,6.522651,3374.052,28
00910,6.536036,228.489,3
00911,6.699504,5022.691,17
00912,6.954975,5347.92,21
00913,6.637806,8486.482,8
00914,7.333333,635.618,2
00915,6.935476,22206.044,42
00916,7.333333,1095.658,2
00917,6.527993,11532.709,48
00918,6.872162,7588.581,31
00919,4.555463,2506.513,3
00920,6.135625,16823.849,29
00921,6.349508,35429.445,69
00922,4.814501,1132.798,2
00923,6.871746,23478.025,45
00924,6.252542,37483.31,90
00925,7.066733,6105.128,18
00926,5.448158,76407.328,162
00927,5.535275,10929.785,27
00928,6.20198,1418.31,3
00929,5.194119,2069.344,3
00931,6.20198,1080.04,3
00934,3.58628,3036.039,4
00936,3.333333,1340,1
00940,6.536036,147.854,3
00949,5.578233,49664.236,66
00950,4.485784,1764.866,3
00951,4.485784,2036.974,3
00952,6.492762,3565.982,5
00953,4.439833,68685.517,72
00954,5.322775,1586.335,2
00956,5.557686,53182.611,129
00957,5.95018,39378.925,143
00958,6.639772,850.193,3
00959,5.666904,38505.832,126
00960,6.562253,1652.735,2
00961,5.747937,30638.383,101
00962,6.426874,15375.739,50
00963,7.225587,770.7,4
00965,7.134583,5167.041,27
00966,5.532583,14143.115,34
00968,5.373988,2292.632,14
00969,5.429481,25476.179,56
00970,6.048677,2671.078,3
00971,5.359998,1269.637,11
00976,5.159065,45869.637,81
00977,7.225587,1201.98,4
00979,5.114775,11720.068,15
00982,5.956365,14316.908,23
00983,6.529325,28209.011,37
00984,4.772645,3432.633,3
00985,5.653218,31345.127,48
00986,7.333333,875.177,2
00987,4.946049,35829.896,38
00988,7.062548,2115.907,3
01001,8.416922,17145.922,15
01002,11.926521,32087.054,29
01003,16.051145,5570.838,17
01004,12.725733,2394.935,6
01005,5.636911,5543.646,7
01008,5.458891,265.409,3
01010,4.309652,4312.717,13
01011,4.236892,138.026,3
01013,13.493839,21390.272,37
01014,18.666667,757.267,1
01020,11.861853,29603.551,38
01021,16.387083,1383.164,3
01022,10.995688,2641.815,9
01026,4.16075,1204.414,5
01027,8.651385,17939.706,23
01028,8.283456,16137.677,19
01030,9.025025,11598.078,12
01031,4.585781,1175.821,3
01033,5.404014,6314.063,16
01035,8.031135,5300.017,9
01036,5.675111,5178.723,4
01038,5.970332,2739.45,3
01039,6.289774,258.976,10
01040,12.709679,38490.742,40
01041,15.855209,2002.169,5
01050,5.203,2035.617,5
01053,7.661808,1648.788,3
01054,3.920224,1922.435,7
01056,7.976425,21336,11
01057,5.060503,8825.746,16
01060,13.270488,15000.717,16
01061,16.731218,1244.836,2
01062,8.587062,10552.226,20
01068,3.839805,1846.914,8
01069,5.981375,9770.114,26
01070,4.225432,643.829,9
01072,3.917704,1478.323,3
01073,5.145091,6164.174,13
01075,9.518646,10751.734,12
01077,6.497344,9727,5
01080,7.174859,2549.919,5
01081,4.744881,1791.077,3
01082,6.17429,11275.085,14
01085,10.305269,39559.459,26
01086,7.442279,2018.533,4
01088,5.970332,542.564,3
01089,10.802173,27308.319,20
01090,13.47461,1240.77,3
01095,5.626636,14695.674,14
01096,4.836243,300.8,6
01098,4.236892,1121.198,3
01101,15.666667,1310.506,1
01103,15.314524,1327.855,15
01104,13.668131,23619.005,37
01105,15.009235,12224.249,22
01106,10.936384,14947.541,8
01107,14.01416,11548.167,22
01108,14.676805,20228.341,23
01109,13.421931,28750.177,37
01116,7.873595,882.459,3
01118,12.102116,14596.505,21
01119,12.65698,13097.07,17
01128,7.885979,2847.807,7
01129,8.890538,6781.949,17
01138,15.44086,1578.134,3
01139,13.598688,1575.587,2
01151,13.703462,8930.354,7
01201,10.715183,42396.256,62
01202,17.57599,1603.306,4
01220,9.145395,8172,10
01222,5.794532,358.504,4
01223,5.174149,2417.423,8
01224,5.944111,120.401,3
01225,8.315943,3188.722,6
01226,9.171013,5690.638,14
01227,9.172805,635.752,7
01230,4.653411,2426.686,10
01235,5.898761,2766.338,7
01236,7.509529,344.011,5
01237,5.824297,3075.152,7
01238,9.552239,6220.242,24
01240,8.456749,5554.258,16
01245,4.157595,470.465,7
01247,9.318285,15441.884,23
01253,5.458891,119.434,3
01254,4.527055,1073.231,13
01255,5.455412,1827.77,5
01256,3.065824,777.86,2
01257,5.788832,2600.467,6
01258,5.178626,994.196,2
01259,4.613948,489.646,2
01266,7.345842,2185.695,7
01267,9.239168,8139.365,13
01270,3.978264,998.081,9
01301,9.377457,13122.293,23
01330,4.681274,1606.186,10
01331,8.066644,11675.398,11
01337,5.13748,2566.016,7
01338,9.329332,102.068,4
01339,4.604117,1647.777,8
01340,4.180726,1740.657,8
01341,4.588218,1282.007,7
01342,7.900713,1001.728,4
01343,3.324426,189.074,6
01344,4.200584,1570.509,3
01346,4.07611,120.992,4
01349,5.470636,910.141,7
01350,4.07611,72.595,4
01351,5.512464,2311.623,7
01354,5.133102,1564.989,7
01355,3.922432,1029.696,6
01360,4.420318,2999.151,5
01364,8.530098,7784.134,16
01366,7.968526,6.373,2
01367,4.006022,626.224,6
01368,6.601737,13.823,3
01370,8.457711,4150.443,18
01373,7.587311,4999.092,8
01375,6.288309,3882.606,8
01376,11.250785,5127.434,8
01378,4.200584,849.796,3
01379,4.200584,808.92,3
01380,4.200584,144.143,3
01420,11.788394,33561.035,39
01430,4.860067,6185.056,5
01431,4.841896,3212.637,4
01432,7.584878,40.265,5
01436,8.166595,19.69,3
01440,11.295462,20600.796,18
01450,6.347948,11098.286,14
01451,7.643431,82.688,8
01452,4,4629.296,2
01453,10.25262,34706.889,33
01460,7.5572,9819.158,14
01462,5.594702,11259.473,17
01463,5.203293,12452.83,16
01464,5.669248,7580.709,6
01468,4,2.541,2
01469,5.629284,7131.934,6
01473,5.330054,7699.068,12
01474,5.592632,2150.958,8
01501,9.494839,16341.026,33
01503,6.413047,3147.277,11
01504,6.650495,9229.733,5
01505,6.381652,4613.999,11
01506,6.152191,3428.609,3
01507,6.491523,12932.484,23
01508,7.412606,532.546,2
01509,7.412606,70.366,2
01510,9.181071,6254.31,13
01515,9.016288,2144.059,2
01516,5.25239,31.182,4
01518,5.5,257.38,1
01519,7.508912,6743.773,7
01520,6.079406,15520.826,18
01521,4.744881,2726.685,3
01522,5.19258,3279.143,9
01523,7.002494,7998.564,12
01524,7.214355,6739.076,11
01525,6.663307,1042.108,4
01527,8.47524,13508.571,27
01529,4.798431,3252.639,4
01531,4.585504,1685.729,7
01532,6.811147,15024.902,24
01534,6.468034,5921.876,15
01535,5.358985,4802.146,13
01536,6.959535,7349.08,7
01537,7.180019,3436.287,5
01538,7.325878,950.028,2
01540,9.224673,10267.571,17
01541,5.07387,3443,2
01542,6.244437,2782.549,13
01543,5.787953,42.348,3
01545,7.937111,11428.996,18
01550,10.704698,16861.638,16
01560,8.577753,4484.445,8
01562,8.410804,11949.293,19
01564,5.775335,8039.608,4
01566,5.510608,1406.206,6
01568,5.662805,7770.612,10
01569,6.077534,12926.7,15
01570,10.527109,17013.471,18
01571,9.914331,3477.778,16
01581,8.292812,18935.091,21
01583,8.460987,7923.583,10
01585,4.912597,8368.198,12
01586,15.388381,11.776,2
01588,9.395126,9657.3,11
01590,5.605399,9249.468,18
01601,17.747751,664.833,2
01602,12.364705,23837.409,39
01603,14.233265,19449.258,36
01604,13.290465,34488.262,39
01605,13.152867,25741.253,39
01606,12.2277,19956.909,41
01607,11.940619,9931.076,30
01608,17.173834,1730.274,10
01609,11.982261,12619.64,31
01610,14.586666,19953.828,51
01611,6.014615,2000.634,8
01612,5.787255,4845.727,11
01613,17.747751,806.502,2
01701,9.956763,22303.123,33
01702,13.247331,26508.432,19
01703,14.423494,897.667,4
01704,13.195003,766.252,2
01719,6.228599,5777.247,3
01720,7.255017,16825.006,30
01721,6.756345,2613.831,12
01730,12.623918,6662.227,18
01731,13.969296,42.134,10
01740,6.088359,5171.663,4
01741,5.358015,5181.763,2
01742,9.082646,19290.48,13
01745,10.36105,338.484,3
01746,6.893139,14436.638,11
01747,6.166308,5978.185,11
01748,5.221723,5565.605,6
01749,9.520609,19863.851,21
01752,8.681806,31920.532,19
01754,7.61506,10599.579,11
01756,6.355315,6073.71,15
01757,12.347493,14013.362,16
01760,10.191479,36004.043,35
01770,5.924552,4224.196,3
01772,9.012067,9764.327,10
01773,11.181585,112.623,19
01775,6.607609,13.77,4
01776,6.870117,18915.772,18
01778,7.109827,13770.693,19
01801,13.080119,31755.725,35
01803,10.447083,13955.607,21
01810,9.26329,35559.52,30
01821,9.343709,30793.25,44
01822,11.143355,579.782,4
01824,8.812147,26013.277,37
01826,9.315614,31208.712,45
01827,4.180698,3348.828,8
01830,12.656323,24291.811,24
01831,17.250453,1987.798,3
01832,11.70584,23799.023,18
01833,6.394814,8728.862,16
01834,6.130021,6706.5,7
01835,11.166212,13155.089,9
01840,16.836374,5254.719,9
01841,14.943426,48150.072,47
01842,17.5,995.081,1
01843,14.527037,25467.892,31
01844,11.373638,49986.241,52
01845,10.287291,30589.057,35
01850,14.616862,16246.832,21
01851,15.014941,30609.983,29
01852,14.553103,29540.516,39
01854,13.860255,28907.398,34
01860,8.539614,6946.086,10
01862,8.853321,10510.673,19
01863,11.026877,9101.793,16
01864,6.104275,14.154,2
01865,11.020109,1447.293,6
01867,9.167889,25137.007,31
01876,8.985152,30695.084,41
01879,6.937698,12208.432,13
01880,11.919934,27007.209,44
01886,6.754685,24234.688,28
01887,8.167542,23593.879,22
01890,12.680362,22764.904,35
01901,15.577716,3228.695,19
01902,14.98571,44015.214,52
01903,15.069339,1510.099,2
01904,13.891808,19057.628,35
01905,13.808473,25658.543,33
01906,14.613055,13902.43,21
01907,13.769024,8118.774,17
01908,13.631521,3495,4
01913,10.827764,17311.606,22
01915,14.158784,18904.595,21
01921,5.139485,8338.894,14
01922,5.433935,3516.779,11
01923,9.442591,21346.056,16
01929,9.257542,3654.982,6
01930,12.336601,28986.283,32
01931,18.735891,1075.394,2
01936,5.494996,942.339,3
01938,7.168378,13983.803,24
01940,6.833756,12920.378,15
01944,8.02825,5377.266,7
01945,13.051478,20651.693,28
01949,9.666667,108.583,1
01950,13.050751,18006.113,19
01951,5.457341,3479.872,13
01952,7.456341,5462.525,4
01960,11.512658,36821.895,39
01966,11.287817,7192.056,9
01969,7.191212,6276.332,7
01970,14.147749,42365.311,42
01971,14.027483,814.445,3
01982,6.475842,7247.755,19
01983,8.017905,6418.572,12
01984,5.411933,5082.882,6
01985,5.096085,4579.034,3
02021,9.966215,8929.261,15
02025,7.281043,2.567,4
02026,11.670441,24615.328,35
02027,9.944578,795.386,6
02030,6.227881,6041.117,20
02032,13.537714,4446.844,8
02035,7.299501,17477.994,14
02038,6.775613,17368.299,12
02041,8.814794,1404.752,3
02043,11.548339,15979.046,9
02045,13.754972,10424,8
02048,7.970062,23768.119,21
02050,7.483947,11996.515,15
02051,8.201202,452.733,2
02052,7.353912,12749.737,13
02053,9.453341,5293.522,11
02054,9.562278,5.084,4
02056,7.347102,11766.992,14
02061,6.107687,11123.432,20
02062,11.482883,22642.911,25
02066,7.277806,5178.109,8
02067,6.993162,18188.877,21
02072,10.852926,28701.047,26
02081,9.410431,12259.089,37
02090,8.307684,15810.197,19
02093,6.910533,11634.734,11
02108,16.322336,2899.039,10
02109,16.489664,2268.395,7
02110,17.298158,191.715,2
02111,17.666667,3.497,1
02113,16.244432,6842.78,8
02114,15.523717,8874.934,16
02115,15.4062,26709.929,35
02116,15.783915,12612.317,23
02117,16.403701,1349.718,2
02118,16.60639,14365.384,21
02119,15.807264,26728.443,46
02120,15.272487,12697.598,19
02121,13.911194,29058.303,43
02122,15.37444,24979.052,50
02123,16.24063,646.121,3
02124,14.580971,55390.404,74
02125,15.301283,34817.241,38
02126,13.910362,25026.715,46
02127,15.47783,31831.384,36
02128,14.667639,46941.215,42
02129,15.757865,19398.146,16
02130,14.750739,33919.022,46
02131,14.70318,30846.069,36
02132,14.267702,24366.274,35
02134,14.814885,9906.764,16
02135,14.006127,36741.829,43
02136,14.380209,37764.156,42
02137,14.859192,657.453,2
02138,15.529868,32770.48,38
02139,16.314141,30155.434,49
02140,16.22143,13136.067,26
02141,16.02366,12609.549,18
02142,15.31391,7327.636,7
02143,16.59923,16514.077,31
02144,15.582306,18212.093,22
02145,15.413744,10294.518,30
02148,14.970126,46940.475,65
02149,14.746077,22633.769,32
02150,15.368898,29598.979,22
02151,14.878654,34576.805,31
02152,14.436184,18940,18
02155,14.772453,46766.525,71
02169,14.630095,45475.341,41
02170,15.669634,14363.038,26
02171,14.122743,13931.933,24
02176,14.603737,17288.58,35
02180,11.96332,22064.15,31
02184,13.443273,29367.532,22
02185,13.573102,972.418,3
02186,12.565798,27564.34,41
02188,9.642131,4776.268,15
02189,11.658894,14197.855,21
02190,8.618089,6370.329,6
02191,13.884278,8577.304,15
02199,17.855591,1450.21,2
02210,15.166667,19.545,1
02215,15.655636,16368.44,29
02238,16.144834,1069.482,4
02301,13.744488,48687.957,48
02302,12.399575,30192.501,34
02303,15.027504,2027.707,2
02305,16.257875,1635.129,3
02322,11.473165,4523.531,9
02324,7.670789,16849.285,23
02327,6.707759,1180.806,3
02330,5.587183,11650.525,22
02331,10.070647,2304.416,4
02332,7.122608,13737.97,20
02333,6.96716,6293.072,23
02334,9.5,1891.491,1
02338,7.008223,7769.463,16
02339,6.988346,14249.027,9
02341,6.018839,10326.169,8
02343,9.238657,10965.528,9
02345,9.910732,2137.886,5
02346,6.296925,17125.646,24
02347,6.558032,11227.398,17
02350,5.962385,246.72,3
02351,8.451108,16601.584,20
02356,7.778104,12386.372,16
02359,6.47978,17176.646,22
02360,8.169612,45942.331,46
02361,13.10825,881.645,4
02362,7.061717,1658.731,8
02364,7.249976,12992.345,15
02367,3.835899,2969.25,10
02368,12.02833,25387.955,18
02370,9.349216,17920.203,24
02375,7.540169,10122.712,16
02379,6.827219,7155.642,12
02382,8.696602,14963.885,23
02420,12.317736,15764.373,30
02421,13.513282,17641.188,27
02445,15.470572,18994.25,21
02446,16.230119,18991.303,28
02447,16.932837,532.392,3
02451,13.825337,17334.668,25
02452,11.864492,15800.041,33
02453,15.250036,27937.5,49
02454,16.250133,1165.576,5
02455,13.988759,349.546,4
02458,15.916907,12808.648,31
02459,14.366298,15053.665,26
02460,15.574109,9303.527,32
02461,15.688268,7453.615,20
02462,11.97078,2082.772,6
02464,17.478326,3163.275,6
02465,14.549418,11892.689,29
02466,14.000483,8707.265,24
02467,13.119515,9166.127,20
02468,13.127585,5279.605,21
02472,14.18789,16468.145,37
02474,14.948118,25351.07,44
02476,15.376332,11931.396,20
02478,14.38497,25729.381,39
02481,11.600587,16235.014,18
02482,11.787064,12986.692,21
02492,9.828455,20159.981,20
02493,6.996997,12112.481,16
02494,14.527347,3851.359,12
02532,10.206093,12783.992,23
02534,8.66571,793.086,9
02535,8.742927,1127.979,6
02536,8.00398,18065.616,19
02537,6.205267,5998.973,15
02538,7.302941,3847.554,13
02539,12.424618,4446.833,15
02540,10.603427,6602.172,19
02541,7.2764,622.806,4
02542,4.5,860.795,1
02543,7.2764,1069.928,4
02554,13.887774,5881,7
02556,8.134626,3272.043,5
02557,12.580132,2669.439,5
02558,9.742359,1825.883,8
02559,9.074605,3605.741,8
02561,9.739569,831.508,3
02562,9.739569,2966.919,3
02563,7.572051,9480.11,20
02568,12.756642,6746.68,20
02571,9.1179,11056.822,13
02574,6.606104,1528.96,3
02575,8.749133,2333.305,15
02576,7.910224,3922.445,7
02601,12.895167,14132.612,24
02630,6.830479,2042.989,7
02631,7.204142,9784.148,13
02632,8.027596,9921.991,12
02633,9.713438,3353.633,8
02634,7.672286,16.861,3
02635,7.582456,3733.668,3
02637,6.771999,451.891,4
02638,7.373545,3021.194,16
02639,11.829183,3139.425,8
02641,7.209962,445.92,4
02642,8.684881,4892.323,9
02644,8.831537,4857.362,6
02645,7.450423,7594.543,26
02646,8.684138,2542.955,8
02647,11.395178,814.13,4
02648,6.616321,6145.674,17
02649,7.278835,14190.131,19
02650,10.056928,1069.368,4
02652,11.312865,940.5,3
02653,8.430585,4837.164,14
02655,9.290069,3420.727,11
02657,14.128153,2960,5
02659,9.201105,901.771,4
02660,8.173945,5889.217,19
02661,8.927202,308.044,4
02662,9.514893,993.022,4
02664,9.540342,8946.317,11
02667,9.389976,3796.052,9
02668,6.858533,2523.471,18
02669,9.201105,830.228,4
02670,10.060072,1448.13,3
02671,7.785398,1792.745,7
02672,8.938154,739.167,4
02673,9.149086,8543.943,19
02675,6.979761,6219.427,13
02702,4.939153,4479.678,10
02703,10.283722,36912.785,34
02712,5.242461,691.94,2
02715,6.032203,2888.732,8
02717,5.850872,4820.219,11
02718,8.127724,6337.129,6
02719,11.552002,16016.548,15
02720,13.859481,29853.548,42
02721,14.498556,25992.612,35
02722,17.256206,907.575,2
02723,14.96091,14672.333,21
02724,14.444589,11245.614,21
02725,11.209183,2337.553,6
02726,8.866239,15839.786,14
02738,7.01825,5111.79,12
02739,8.409438,6294,6
02740,15.022691,41803.063,55
02741,18.166397,307.936,2
02742,18.166397,397.61,2
02743,6.461304,10319.715,21
02744,14.639994,12478.474,15
02745,13.360907,23898.61,30
02746,15.185093,16229.305,26
02747,9.291455,22910.919,35
02748,8.651607,11763.816,20
02760,12.855555,10129.85,16
02761,14.83178,1041.032,4
02762,4.833333,11.844,7
02763,10.895898,1088.316,7
02764,6.02285,4748.905,5
02766,7.760561,18868.715,17
02767,7.032554,4940.112,19
02769,6.148815,12051.353,12
02770,5.501464,5390.28,10
02771,7.746181,15114.929,28
02777,8.164815,16408.725,28
02779,5.299005,6770.264,8
02780,10.636474,50267.196,41
02790,6.845767,16184.574,22
02806,9.775518,16173.673,13
02808,6.27392,1207.465,8
02809,11.794537,22248.384,19
02812,5.776707,1062.226,4
02813,6.617488,7776.098,13
02814,5.455723,8553.108,16
02815,4.661106,240.22,7
02816,8.399268,32479.42,32
02817,5.956895,5845.788,7
02818,10.143572,18660.935,25
02822,7.968308,6486.034,14
02823,5.898587,112.772,4
02825,5.234681,5357.064,10
02826,5.342273,2.697,4
02827,4.071426,2077.381,3
02828,9.61221,8194.927,15
02830,6.702449,7080.539,16
02831,5.867494,3059.521,13
02832,5.832674,880.139,7
02835,10.849406,5496,5
02836,5.776707,112.417,4
02837,5.997527,3503.53,2
02838,8.427595,4251.84,4
02839,5.342273,2159.963,4
02840,14.975822,24759.649,27
02842,11.087734,16083.308,24
02852,9.001555,22690.798,25
02857,5.391099,8704.015,21
02858,5.342273,601.338,4
02859,6.738753,6814.909,14
02860,15.560176,45349.057,56
02861,15.1865,25066.734,36
02862,18.808127,1403.548,2
02863,15.420428,19356.582,17
02864,9.630982,25782.868,24
02865,9.635454,17414.119,34
02871,9.89398,10724.043,8
02874,8.426468,5565.325,15
02875,5.776707,442.785,4
02876,8.421005,2312.254,5
02877,6.321678,41.568,5
02878,8.249696,15817.47,10
02879,7.988111,18982.601,25
02880,13.565114,1133.941,4
02881,14.472168,7639.79,6
02882,12.582627,14000.849,16
02883,13.565114,645.626,4
02885,12.783482,10473.616,13
02886,12.400313,27906.664,43
02887,13.785372,913.013,3
02888,13.927507,19203.119,17
02889,13.544659,27253.572,38
02891,8.916973,21427.975,23
02892,7.35134,5006.058,11
02893,13.050118,28970.111,36
02894,5.776707,543.731,4
02895,12.673727,41579.977,45
02896,8.461939,9858.368,9
02898,5.776707,1991.386,4
02901,18.856886,853.35,3
02903,17.608207,11554.247,34
02904,14.96346,25140.513,58
02905,15.535994,26024.953,37
02906,15.901321,28268.151,34
02907,15.290322,21974.414,45
02908,15.252646,35284.358,55
02909,15.05308,33843.695,64
02910,15.045136,21532.425,44
02911,14.424587,14884.058,30
02914,15.074929,22357.841,26
02915,12.885733,16438.971,24
02916,14.162003,8602.713,18
02917,9.217127,13561.229,24
02919,11.292335,28988.46,46
02920,14.912089,37635.612,45
02921,7.507558,12108.694,22
02940,15.166644,2581.415,5
03031,6.383789,11317.254,14
03032,5.74138,5379.076,3
03033,6.249777,20.04,2
03034,5.906883,3972.278,7
03036,5.243303,5015.121,7
03037,4.83739,4457.286,8
03038,6.631866,34283.506,34
03042,7.418531,6929.737,15
03043,4.672322,1510.484,3
03044,6.013862,4667.731,7
03045,5.157663,9684.104,12
03046,4.907582,2807.02,5
03047,5.335558,1774.582,3
03048,5.381011,3495.44,3
03049,5.902676,8.707,3
03053,6.196431,24941.659,19
03054,4.213669,12375.365,18
03055,6.30819,8586.788,12
03057,5.166429,2576.201,7
03060,8.652981,21055.734,17
03061,12.454545,851.266,2
03062,7.091948,27929.293,17
03063,7.248486,8973,4
03064,8.295189,14301,15
03070,6.069579,5608.738,6
03071,4.914348,56.06,2
03073,5.937804,973.927,3
03076,6.616944,4329.344,5
03077,6.485792,10397.335,10
03079,7.047529,20232.912,16
03082,4.5,1618.213,1
03086,7.282429,3768.5,3
03087,6.914214,14450.57,15
03101,14.076007,2596.031,8
03102,7.596973,28262.263,33
03103,9.106988,34711.586,43
03104,8.067303,24785.75,47
03105,15.591789,1299.142,2
03106,7.068419,14247.7,14
03108,7.9483,2009.43,4
03109,6.856499,10085.871,27
03110,7.677967,22299.271,26
03216,5.173927,2589.191,6
03218,5.16609,967.255,3
03220,6.011371,89.174,3
03221,6.140543,75.765,3
03222,4.000651,1834.061,6
03224,6.482808,2325.548,10
03225,5.16609,3656.745,3
03226,7.360268,1259.2,5
03229,6.071764,5682.767,10
03230,5.475951,1432.153,3
03233,5.475951,2.427,3
03234,6.757199,4634.077,7
03235,6.027352,8657.246,14
03237,4.939008,2396.201,4
03240,3.959209,1357.172,3
03241,5.932889,997.419,3
03242,7.049187,4941.134,14
03243,5.413489,1215.185,6
03244,4.699106,2020.974,11
03245,7.358695,2.104,3
03246,8.092295,16365.636,19
03249,9.155263,1186.703,9
03253,7.362644,6329.641,14
03254,6.660914,44.187,5
03256,7.358587,2035.457,6
03257,5.172506,68.407,4
03258,7.275515,2615.536,5
03261,7.160406,4308.633,12
03262,5.561233,950.36,3
03263,6.649044,4128.499,10
03266,5.932682,749.315,5
03268,5.173644,1276.941,3
03269,5.882427,2941.387,5
03273,6.140543,9.184,3
03275,6.83343,4409.644,6
03276,6.838403,8366.612,9
03278,6.101269,2833.433,6
03279,5.561233,1147.838,3
03280,4.954023,1249.292,3
03281,5.646254,22.106,5
03282,5.862696,934.198,2
03284,5.172506,429.984,4
03287,5.474547,1180.331,6
03290,5.316705,4998.768,11
03291,7.183275,35.084,5
03301,8.022932,30834.187,28
03302,8.613059,1796.277,3
03303,6.257684,16293.169,19
03304,5.156729,7782.639,7
03307,6.279945,5516.279,12
03431,7.573776,18354.208,23
03440,4.645274,2670.629,2
03441,4.842176,338.628,4
03442,4.672322,1526.36,3
03443,6.077746,588.913,4
03444,6.994724,2.077,3
03445,6.200065,13.727,9
03446,5.406101,7.73,8
03447,5.430431,2392.262,7
03448,4.8534,644.865,8
03449,6.157195,1789.181,4
03451,5.848736,3917,3
03452,6.994694,5291.348,6
03455,5.397535,2297.649,4
03456,4.85038,629.065,4
03461,6.937372,6137.078,10
03462,6.077746,1726.3,4
03465,5.397668,1991.654,8
03466,6.077746,1243.542,4
03467,6.080612,1726.781,7
03470,4.9725,4995.572,8
03561,7.251689,68.177,3
03570,7.548899,10382,12
03574,7.222073,2363.744,6
03576,6.617954,2870.635,8
03579,5.0995,366.659,2
03580,6.594846,1496.821,7
03581,6.338203,3080,4
03582,5.023863,2441.838,6
03583,5.447456,945.635,2
03584,7.000066,3652.702,9
03585,4.323746,2783.377,7
03586,6.943549,737.73,7
03588,5.0995,1497.62,2
03590,5.462061,953.655,7
03592,5.332478,1365.733,3
03593,5.447456,396.28,2
03595,5.447456,457.796,2
03597,5.332478,97.45,3
03598,5.806927,3486.156,8
03601,4.84319,219.057,3
03602,4.872953,2848.372,10
03603,5.874467,5429.007,7
03605,4.952731,916.562,6
03607,4.847712,272.938,6
03608,6.706012,2847.861,6
03609,6.711269,992.953,3
03740,4.354582,944.791,7
03741,5.579926,4191.309,8
03743,7.625227,13577.369,19
03745,5.126054,1896.481,6
03748,7.423478,4637.167,15
03750,5.496976,973.667,2
03751,6.091832,10.454,3
03752,4.953545,618.964,6
03753,5.18505,3308.112,7
03755,5.496976,1923.65,2
03765,7.696166,431.656,3
03766,7.467761,6.026,3
03768,5.932889,1349.789,3
03770,5.109232,354.031,3
03771,4.291521,723.786,4
03773,5.017206,2144.758,10
03774,7.696166,1576.906,3
03777,5.863748,1413.623,5
03779,5.866902,847.593,5
03780,7.497777,435.418,8
03781,5.109232,1989.198,3
03782,6.082304,3457.378,7
03785,7.349189,2585.79,10
03801,9.484141,20576.793,23
03802,11.566143,1496.149,4
03804,7.252731,36.35,5
03809,4.76013,10.208,3
03811,6.846314,6890.933,8
03813,6.9506,33.013,2
03814,6.127756,18.656,3
03815,4.537802,23.174,2
03816,6.127756,1343.216,3
03818,6.9506,271.719,2
03819,4.680731,4307.414,2
03820,8.647604,23049.847,22
03821,9.739702,1314.673,3
03823,6.472505,1696.61,6
03824,7.313389,16517.542,14
03825,5.335949,59.715,11
03826,7.104583,3308.969,7
03827,6.082826,3356.383,10
03830,6.196739,1565.498,4
03832,6.9506,17.776,2
03833,7.21724,21760.886,24
03835,4.950096,57.654,9
03836,6.9506,43.17,2
03837,4.934591,1348.56,6
03839,7.813618,3592.489,7
03840,7.902316,4127.484,9
03841,7.037965,5416.512,4
03842,6.957888,7365.683,11
03844,7.666625,2341.942,3
03848,6.711998,6258.253,12
03849,6.9506,1566.826,2
03850,6.127756,4.664,3
03851,4.994898,4469.089,6
03852,5.00061,247.398,3
03853,6.127756,783.542,3
03854,8.427065,1100.526,3
03855,4.76013,2660.192,3
03857,7.16477,3246.614,10
03858,5.35434,4881.814,10
03861,6.471974,4495.212,6
03862,7.510929,4423.75,3
03865,6.724611,2.324,4
03867,6.849456,12368.488,25
03868,5.275093,220.891,4
03869,6.79987,2367.708,2
03870,7.510929,11.143,3
03871,7.510929,1.393,3
03872,6.195267,3984.587,7
03873,4.710006,6372.255,7
03874,7.699844,4037.285,8
03875,6.9506,901.496,2
03878,7.886588,11987.903,18
03884,4.540502,4043.336,5
03885,7.091402,7453.271,13
03887,4.895072,1843.15,7
03894,6.131334,113.139,7
03901,5.246605,2.366,3
03902,5.144929,3548.27,5
03903,7.058906,6486.986,8
03904,7.217466,8167.381,8
03905,7.247018,1460.348,8
03906,5.246605,4659.267,3
03907,5.144929,1.898,5
03908,6.620859,9.65,6
03909,5.193935,3271.483,11
04001,5.004601,1.946,3
04002,6.814748,3103.513,4
04003,5.785007,347.39,3
04005,6.275802,8715.505,11
04006,6.365573,21.003,2
04008,4.752072,3142.662,9
04010,5.11757,1379.051,4
04011,5.907142,6835.449,12
04019,10.109787,50.599,3
04020,5.806882,1339.482,3
04021,5.814736,44.997,2
04022,5.121445,1292.123,5
04024,4.364407,405.109,3
04027,5.004601,6228.054,3
04029,4.364407,1941.728,3
04030,5.318764,13.571,3
04032,7.314563,8390.331,18
04037,6.787687,3400.998,3
04038,6.769054,17265.574,13
04039,6.610647,7610.673,10
04040,5.15945,3250.822,5
04041,4.30002,1770.592,2
04042,5.318764,4539.429,3
04043,6.037716,2576.447,7
04046,6.529093,7830.953,7
04047,5.806882,1840.569,3
04048,6.071478,2934.452,4
04049,4.946188,3799.498,5
04050,10.109787,349.906,3
04051,5.242795,1092.599,3
04062,6.099301,11477.804,12
04064,7.930193,16.86,4
04066,5.785007,672.885,3
04068,4.30002,1514.236,2
04069,6.394385,1594.476,4
04071,4.974459,1104.554,9
04072,6.725313,12436.982,7
04073,7.038678,10241.051,12
04074,7.600426,4465.452,11
04079,6.075868,3834.649,5
04083,6.791604,220.978,2
04084,5.3788,3131.097,3
04086,7.013642,8779.333,9
04087,6.815578,6.789,2
04088,5.242795,1335.213,3
04090,4.591451,5332.97,4
04091,4.364407,721.163,3
04092,11.894196,11767,7
04093,7.435767,11.99,8
04094,6.035841,1003.789,2
04096,7.766862,8504.355,12
04097,5.819068,3726.604,6
04101,16.562326,15401.005,26
04102,14.843843,17344.918,30
04103,13.473327,30584.112,30
04104,17.846996,1681.164,2
04105,13.604226,3600.243,6
04106,13.239523,18230.587,20
04107,7.217547,9267.396,10
04108,10.121973,833.327,7
04109,10.111114,71.837,5
04112,18.890058,817.606,2
04116,13.132159,502.298,3
04210,7.918228,21441.545,27
04211,5.978213,984.345,2
04212,12.317214,807.61,2
04216,4.760783,492.902,3
04217,7.184068,2716.649,9
04219,7.347387,250.502,3
04220,4.778259,3684.943,12
04221,4.398308,862.903,6
04222,3.813486,3996.061,6
04224,4.438607,2581.928,7
04226,4.760783,51.951,3
04236,5.482848,4341.066,4
04237,7.307023,243.598,6
04238,5.263484,1389.981,5
04239,4.256637,4689.748,12
04240,8.432937,17072.769,22
04241,8.454557,857.421,2
04243,12.833333,649.947,1
04250,6.312823,4035.602,8
04252,6.818809,4901.492,9
04253,5.103987,2078.144,2
04254,7.130985,3134.666,5
04256,6.253997,3164.386,6
04257,7.549872,2504.672,3
04258,6.283924,2437.73,10
04259,5.430671,3258.908,3
04260,6.390262,5677.648,9
04261,4.772934,455.763,6
04262,4.245689,1.994,4
04263,5.82349,2253.934,4
04265,5.430671,811.939,3
04268,6.315831,4972.68,8
04270,5.133338,30.503,9
04271,7.067563,106.687,4
04274,4.975865,5473.832,3
04275,7.549872,486.328,3
04276,6.821502,5705,5
04280,6.204218,6705.475,8
04281,7.048006,5056.565,5
04282,5.129002,5771.169,7
04284,5.580016,958.027,2
04285,4.493447,433.343,2
04287,4.742171,2951.183,8
04289,5.663543,2229.605,9
04290,3.755376,1351.358,4
04292,3.755376,947.123,4
04294,6.279661,3999.756,9
04330,7.527542,21114.878,27
04332,9.236994,1016.667,2
04338,10.514883,844.108,4
04342,6.351076,1704.627,5
04344,8.364676,4.582,5
04345,6.897936,5519.771,10
04347,9.590915,2484.982,3
04348,5.090756,3236.427,5
04349,5.580667,1144.425,4
04350,5.073115,3633.153,6
04351,7.70532,2558.385,9
04352,5.211364,1423.723,6
04353,5.090216,2100.351,7
04354,4.299228,1576.75,7
04355,5.877639,2554.843,5
04357,5.630337,3359.993,8
04358,6.516012,4233.493,5
04359,6.808692,155.321,5
04360,5.210254,495.644,3
04363,4.618835,2604.151,5
04364,5.729311,9.983,4
04401,7.367422,42975.096,38
04402,9.82292,1508.48,5
04406,4.120125,679.833,4
04408,3.890598,167.317,3
04410,4.285207,1212.887,2
04411,4.954212,1446.393,3
04412,8.077827,9119.9,8
04413,3.57993,306.954,3
04414,5.332422,1340.673,2
04415,5.5,3.622,1
04416,5.896285,5437.225,8
04417,3.419697,352.082,3
04418,3.391642,1951.491,6
04419,4.875105,2784.739,3
04421,5.755918,872.215,2
04422,6.004561,1300.857,3
04424,3.454792,942.218,7
04426,6.029726,4569.243,9
04427,6.004561,2931.414,3
04428,5.217607,3022.105,11
04429,5.540561,4576.171,8
04430,6.166667,1739.567,1
04434,3.975491,1309.048,4
04435,3.418681,1028.654,4
04438,5.125118,845.884,6
04441,6.688178,1445.736,6
04442,7.370811,413.971,4
04443,4.430664,2396.119,12
04444,5.154957,8918.698,9
04448,6.146061,1336.928,3
04449,4.285207,1383.803,2
04450,4.970406,1259.562,7
04451,3.911705,307.162,6
04453,4.674252,859.413,3
04454,3.57993,105.998,3
04455,3.403098,850.819,2
04456,5.165726,2953.67,3
04457,6.852502,5980.631,10
04459,4.132423,612.06,8
04460,5.402821,1142.618,5
04461,4.954212,3036.891,3
04462,8.098526,4441.208,6
04463,5.016419,3221.045,5
04464,4.132526,263.846,2
04468,6.589662,9290.677,18
04471,3.236945,887.145,4
04472,5.071973,2218.639,10
04473,6.907322,10725.559,7
04474,4.763756,3669.1,5
04475,3.333333,397.561,1
04476,5.755918,1521.785,2
04478,4.35637,413.755,4
04479,4.652229,1338.074,5
04481,4.997171,687.472,7
04485,4.306421,185.403,5
04487,4.302864,1121.031,8
04488,3.994268,1351.249,5
04489,6.402447,227.037,2
04490,3.57993,251.746,3
04492,3.57993,194.33,3
04493,5.589771,1890.722,6
04495,3.403098,360.446,2
04496,5.207371,3878.997,2
04497,3.352293,449.207,6
04530,7.7187,10711.624,15
04535,6.709922,495.254,8
04537,6.486753,1827.423,3
04538,8.075651,2036.066,7
04539,5.854861,820.111,6
04541,5.854861,107.829,6
04543,7.539047,2457.239,7
04544,6.486753,804.559,3
04547,5.842607,1016.008,3
04548,6.107335,1196.543,3
04551,5.854861,707.725,6
04553,6.712698,2073.143,3
04554,5.854861,970.464,6
04555,7.540474,1215.997,4
04556,6.712698,1059.167,3
04558,5.854861,470.804,6
04562,5.565846,2403.411,4
04563,5.842607,1499.992,3
04564,5.854861,492.066,6
04568,6.333333,576.913,1
04571,6.486753,322.176,3
04572,6.370285,4983.5,3
04573,6.333333,337.087,1
04575,8.193728,175.655,4
04576,8.193728,528.12,4
04578,6.351076,4547.572,5
04579,6.111775,2711.935,11
04605,6.267335,13527.457,14
04606,5.797283,1216.812,3
04607,5.638703,1242.634,6
04609,7.114779,5477.939,11
04611,5.655757,336.36,3
04612,6.074341,612.876,2
04613,5.660367,116.649,3
04614,6.680784,3128.868,3
04616,5.668683,724.368,3
04617,5.668683,806.344,3
04619,8.656104,2998,3
04622,5.621401,1494.452,11
04623,5.791915,930.324,6
04624,5.660367,186.29,3
04625,7.709585,76.887,2
04626,5.097909,399.924,4
04627,7.374691,1690.364,3
04628,4.314181,575.211,7
04630,5.253378,1324.29,5
04631,9,1351,1
04634,4.905863,2048.456,5
04640,5.713561,2287.34,4
04642,5.668683,301.075,3
04643,5.797283,1004.147,3
04646,7.709585,6.234,2
04648,5.655757,722.116,3
04649,5.655757,1284.285,3
04650,7.374691,341.635,3
04652,5.097909,1762.082,4
04653,6.074341,530.795,2
04654,6.900478,3396.751,11
04655,5.260599,1080.036,2
04657,4.145262,481.79,3
04658,6.225091,1251.518,3
04660,7.669473,1624.223,7
04662,7.670452,17.927,2
04664,5.255141,1189.555,5
04666,4.145262,1124.748,3
04667,4.665361,1369.473,5
04668,4.48592,1552.492,5
04669,5.660367,141.023,3
04671,4.666667,586.956,2
04673,5.668683,193.761,3
04674,6.074341,350.215,2
04675,7.670452,21.911,2
04676,5.671444,869.826,6
04677,5.256888,371.261,2
04679,7.709585,1780.878,2
04680,6.225091,1335.771,3
04681,7.374691,992.522,3
04683,7.374691,74.48,3
04684,6.680784,1130.759,3
04685,6.074341,517.114,2
04686,3.57993,247.33,3
04691,4.166357,433.407,5
04693,5.660367,365.615,3
04694,5.04766,1992.952,7
04730,6.628608,9413.481,18
04732,4.365274,992.211,2
04733,3.441052,144.945,6
04734,5.025395,336.512,3
04735,3.118338,624.81,7
04736,6.483275,9444.286,17
04739,3.169757,903.619,9
04740,4.874043,1132.236,5
04742,4.87773,3321.027,7
04743,6.999227,4404.807,8
04744,7.465649,1.994,3
04745,5.985079,998.624,7
04746,5.258692,348.411,4
04747,5.432077,1248.184,3
04750,5.748017,2239.81,10
04756,6.803761,3120.714,5
04757,3.287726,3003.543,11
04758,5.025395,2036.861,3
04760,3.113803,684.783,4
04761,4.717116,615.127,6
04762,3.931631,481.545,4
04763,3.997757,692.405,3
04764,3.113803,105.351,4
04765,5.728723,1224.589,2
04766,3.218221,456.569,4
04768,4.365274,969.789,2
04769,7.383287,9164.965,11
04772,5.980829,736.535,2
04773,6.614391,714.219,9
04774,3.15673,766.655,5
04776,5.205221,1001.505,7
04777,5.728723,293.426,2
04779,3.931631,489.14,4
04780,4.757204,703.438,10
04781,3.15673,535.115,5
04783,3.931631,537.75,4
04785,5.136528,2277.221,8
04786,3.218221,1515.375,4
04787,5.025395,280.18,3
04841,8.998523,7182.925,11
04843,7.206937,4833.514,8
04848,6.631466,623.414,4
04849,6.631466,3803.586,4
04851,7.207943,11.425,4
04853,7.207943,571.237,4
04854,6.193806,1641.045,4
04856,8.215545,3381.959,12
04858,6.183896,1278.685,7
04859,5.296091,755.195,7
04860,5.282606,1831.074,3
04861,9.562621,9.602,8
04862,6.370285,3.8,3
04863,7.207943,1125.338,4
04864,6.370285,5.7,3
04901,7.72976,17677.44,21
04903,10.947461,1896.413,5
04910,4.318153,2074.254,2
04911,4.548388,2113.022,4
04912,4.300092,962.107,4
04915,7.162541,9137.19,21
04917,6.066614,2917.806,6
04918,6.067525,228.605,3
04920,5.378015,1422.919,8
04921,4.685409,1580.274,6
04922,4.92492,1432.804,5
04923,4.624123,478.538,3
04924,5.223607,2340.783,6
04925,4.35637,65.257,4
04926,6.523642,4.591,3
04927,4.242612,3378.224,6
04928,4.438744,1957.522,7
04929,4.401541,891.515,2
04930,6.353971,4303.454,13
04932,4.094146,1236.3,7
04933,7.145077,1.85,3
04936,5.979863,344.926,2
04937,9.211298,11.471,4
04938,4.816506,2688.787,9
04939,3.324829,1107.567,5
04941,4.625175,1769.222,13
04942,4.244749,1368.764,8
04943,6,1640.491,1
04945,6.453062,1051.191,5
04947,6.086187,1445.596,2
04949,4.830474,1110.754,6
04950,6.405189,4683,3
04951,4.698665,966.472,6
04952,4.830474,1793.129,6
04953,7.113429,3264.064,7
04955,5.227161,1548.645,2
04956,4.32055,867.574,4
04957,4.470967,3955.688,4
04958,4.10119,1835.217,4
04961,3.542324,935.538,8
04963,5.210636,1067.581,8
04964,7.556897,379.332,2
04965,4.404301,2054.032,3
04966,4.433305,1757.561,6
04967,6.856979,4027.404,5
04969,4.091028,1224.237,4
04970,7.521028,1179.495,4
04971,4.624123,1930.976,3
04973,4.830474,1258.602,6
04974,5.128959,3270.412,11
04976,5.214571,1495.722,4
04978,4.5,908.207,2
04979,6.322906,927.751,4
04981,5.125118,1831.745,6
04982,5.979863,406.246,2
04983,4.68698,1439.43,8
04984,4.374577,646.708,7
04985,4.35637,130.513,4
04986,4.880903,1634.965,11
04987,4.92492,1042.429,5
04988,4.912859,1886.292,9
04989,3.628297,4315.675,3
05001,8.89403,7239.081,18
05030,5.486226,771.13,3
05031,8.152183,4.636,4
05032,7.510303,933.226,14
05033,8.31935,2993.185,8
05036,4.57226,897.417,9
05037,7.475207,14.796,4
05038,5.758955,1317.2,13
05039,5.337406,943.181,6
05040,5.737236,479.546,6
05041,7.517381,186.779,5
05042,4.845898,595.132,6
05043,6.062168,754.706,2
05045,5.672994,1724.794,4
05046,4.896434,1330.127,8
05047,7.382815,10.054,2
05048,5.633266,2742.346,3
05049,5.633266,5.023,3
05050,4.615624,193.592,3
05051,5.458753,984.361,2
05052,5.633266,138.122,3
05053,8.152183,234.096,4
05054,6.062168,2.273,2
05055,7.204896,3279.407,8
05058,6.062168,197.769,2
05059,6.289571,951.022,3
05060,7.839866,4640.647,5
05061,9.050071,1389.413,9
05062,6.518801,19.537,5
05065,8.026054,1145.733,10
05067,8.152183,113.571,4
05068,7.243222,3268.694,11
05069,5.131861,539.869,5
05070,6.113004,207.702,8
05071,11.136497,203.576,5
05072,5.882915,448.37,8
05073,6.465466,23.618,5
05074,5.609102,16.788,2
05075,6.034329,1532.025,6
05076,5.333333,514.961,2
05077,5.797718,1213.73,4
05079,5.786674,788.466,6
05081,5.376173,945.239,5
05083,5.650618,278.446,8
05084,7.700123,94.878,9
05086,5.016808,749.836,4
05088,12.911207,1557.621,6
05089,7.181982,4013.199,10
05091,10.520527,3349.771,12
05101,10.818586,4655.303,7
05142,6.166667,740.344,2
05143,5.668456,1255.719,16
05146,5.735437,614.632,3
05148,6.707456,1089.809,8
05149,7.32785,1963.91,5
05150,8.227063,750.476,12
05151,5.486226,1009.941,3
05152,6.38846,198.473,3
05153,6.166667,662.727,2
05154,5.203695,176.938,2
05155,6.653775,696.057,10
05156,7.826057,8952.961,14
05158,7.913657,822.44,2
05161,6.38846,2.849,3
05201,9.781592,14437.889,19
05251,4.4329,3.812,2
05253,4.4329,34.307,2
05255,6.38846,36.086,3
05257,7.925076,2481.388,5
05260,6.453201,161.552,5
05261,5.862091,2814.943,3
05262,4.780818,2186.229,3
05301,10.168567,16110.123,25
05340,6.38846,657.147,3
05341,8.796617,285.388,7
05342,4.288063,815.664,4
05343,5.831213,813.451,13
05345,5.492523,1765.86,5
05346,6.550924,5360.842,9
05350,4.067715,2.278,2
05351,5.214328,363.888,8
05353,5.711402,933.009,6
05354,6.040233,1948.719,3
05355,5.261,337.611,3
05356,8.86049,969.956,4
05358,4.833333,409.31,2
05359,5.744746,599.402,7
05360,5.261,531.738,3
05361,4.067715,1031.975,2
05362,5.399225,280.167,2
05363,10.628165,1622.44,7
05401,14.173224,25589.27,23
05403,12.604695,17188.289,12
05404,12.956332,3223.169,5
05406,13.681684,1179.038,3
05407,14.268075,496.703,3
05408,11.954314,8975.749,8
05440,6.000161,1866.752,4
05441,4.509031,239.744,3
05442,5.811783,382.833,2
05443,8.325438,6329.99,13
05444,7.200477,1901.291,5
05445,6.23631,3832.918,8
05446,7.967909,2565.812,8
05447,6.770371,231.484,6
05448,5.006228,1304.158,6
05450,6.444073,4468.406,9
05451,10.010331,844.703,3
05452,9.291084,19092.284,18
05453,12.349743,1327.049,4
05454,5.705749,4897.626,13
05455,4.682949,1345.229,15
05456,5.777412,1111.261,2
05457,6.849683,23.937,3
05458,6.338862,2149.585,4
05461,6.501996,4656.685,12
05462,4.831856,1849.343,4
05463,6.000161,375.321,4
05464,8.417709,2956.284,5
05465,7.481801,5659.039,9
05468,4.979549,5051.861,5
05471,5.921823,742.723,8
05472,5.487847,1760.854,10
05473,5.319574,1547.274,5
05474,6.000161,863.927,4
05476,6.189897,3262.949,11
05477,6.420019,4581.32,11
05478,10.503661,15023.519,26
05481,7.87762,13.444,4
05482,6.40936,16.842,7
05483,6.5855,140.42,8
05486,6.338862,1709.415,4
05487,4.786919,1640.665,11
05488,8.118048,6506.655,9
05489,5.291287,3130.203,9
05491,8.615685,6042.964,15
05492,6.066839,717.273,4
05494,5.249528,1834.772,4
05495,6.612444,714.066,10
05601,12.43503,910.701,2
05602,11.162659,10963.018,20
05620,12.43503,2.004,6
05640,4.143641,79.943,3
05641,10.59133,16178.236,25
05647,5.334418,936.936,9
05648,4.236035,373.659,5
05649,6.041328,850.68,10
05650,4.143641,1185.042,3
05651,7.826418,1376.56,13
05652,5.811783,715.459,2
05653,5.811783,468.605,2
05654,6.61233,1232.067,7
05655,5.90783,3031.345,9
05656,8.174075,3691.499,8
05658,5.239097,1493.913,9
05660,6.729752,1711.577,6
05661,9.914113,5853.092,9
05662,7.345657,26.53,3
05663,8.20659,404.042,6
05666,4.143641,49.377,3
05667,5.497938,2567.183,11
05669,5.03409,112.985,5
05670,6.920596,342.482,9
05672,7.375306,4448.089,6
05673,8.713727,2450.369,8
05674,8.179583,1606.314,2
05675,4.108131,863.932,6
05676,7.858622,5658.698,11
05677,9.081891,1632.723,4
05679,5.918677,3253.994,6
05680,5.311747,2267.075,14
05681,4.143641,110.51,3
05682,5.759238,1197.054,5
05701,12.650362,19136.763,28
05702,11.087251,817.318,4
05730,6.732679,353.338,3
05732,9.579736,616.671,6
05733,5.944468,5908.257,19
05734,5.289133,1270.922,8
05735,10.138385,4272.669,17
05736,7.645944,678.216,9
05737,5.465282,672.995,2
05738,7.219311,754.345,8
05739,4.413379,1341.445,8
05740,11.051156,999.197,4
05741,7.742094,5.084,4
05742,6.732679,599.217,3
05743,9.842887,4009.029,12
05744,5.897961,547.58,6
05746,8.152183,2.318,4
05747,6.164714,449.523,3
05748,6.164714,422.001,3
05751,7.244839,1190.204,3
05753,11.676387,9464.333,15
05757,3.712411,914.384,7
05758,6.734832,848.128,6
05759,6.208566,1964.277,17
05760,5.280662,1121.331,10
05761,4.833475,884.86,7
05762,5.640918,425.492,6
05763,5.484312,2613.344,4
05764,7.74588,2886.367,6
05765,11.332138,1699.308,5
05766,6.164714,387.14,3
05767,6.350465,39.526,9
05769,5.531159,1148.85,2
05770,5.285446,1139.9,4
05772,8.136566,701.73,6
05773,6.079378,1814.08,10
05774,7.339719,1632.042,9
05775,4.975136,436.107,2
05777,7.375325,3377.243,10
05778,5.312176,686.397,10
05819,9.702963,8931.782,24
05820,5.14949,229.151,4
05821,4.710386,1151.897,8
05822,8.482002,1938.898,11
05824,5.570849,1245.48,11
05825,5.849735,70.851,2
05826,5.168176,863.187,7
05827,5.26485,473.195,6
05828,6.795177,1966.255,7
05829,7.85258,1313.342,6
05830,7.669864,2086.568,5
05832,6.695202,796.301,4
05833,4.493839,43.045,2
05836,5.605987,1211.848,7
05837,4.807378,252.661,6
05839,6.297683,720.794,5
05840,5.269748,97.676,3
05841,6.573255,398.933,7
05842,5.518463,572.015,7
05843,6.624437,2647.49,14
05845,5.17402,1231.279,9
05846,9.978136,1310.172,7
05847,5.14949,967.964,4
05848,4.615624,2.175,3
05849,6.579697,7.692,3
05850,6.579697,323.062,3
05851,7.572198,6264.152,16
05853,4.493839,410.886,2
05855,9.710413,6845.811,15
05857,4.66442,1470.837,5
05858,5.269748,383.38,3
05859,4.66442,2484.388,5
05860,6.870246,2539.631,11
05861,4.615624,15.226,3
05862,4.906496,83.987,3
05866,4.087576,511.289,3
05867,4.171412,780.788,5
05868,4.66442,79.184,5
05871,5.117056,1761.478,7
05872,4.519006,785.419,5
05873,5.14812,786.578,11
05874,4.676323,724.493,9
05875,6.564568,671.778,9
05901,4.820862,15.223,2
05902,4.820862,119.883,2
05903,4.820862,692.66,2
05904,5.269748,90.351,3
05905,4.911788,928.26,5
05906,5.269748,1501.776,3
05907,4.790915,213.663,4
06001,6.892808,18542.296,23
06002,9.095071,21190.371,29
06010,10.630778,50464.81,50
06011,14.219504,2480.852,6
06013,5.088235,9522.76,11
06016,5.411573,6869.698,7
06018,8.254341,2782.426,3
06019,7.816081,10287.769,13
06021,5.667367,1451.959,5
06023,6.117528,220.305,6
06024,8.254341,517.567,3
06026,5.407992,5155.042,10
06027,5.333333,1493.098,1
06029,6.888032,6696.219,16
06031,6.874647,245.824,9
06032,9.774392,16918.876,20
06033,7.551681,28467.591,23
06034,9.905243,1397.468,3
06035,7.123096,7674.195,12
06037,6.866233,12901.73,13
06039,6.884217,1936.89,7
06040,11.727258,34667.913,42
06042,12.344408,14667.631,30
06043,5.854473,4951.393,16
06050,16.793598,1017.388,3
06051,12.887058,29537.097,49
06052,11.364181,7758.208,15
06053,12.200273,34642.975,46
06057,6.360178,6588.388,4
06058,5.532418,46.556,6
06060,4.044594,2489.709,5
06061,6.360178,164.555,4
06062,9.248353,11712.245,15
06063,5.340007,3035.675,3
06065,5.349684,676.467,5
06066,10.096544,29830.755,35
06067,12.79013,12006.051,14
06068,6.895437,1352.187,4
06069,5.601366,2462.308,5
06070,7.087142,15036.815,19
06071,5.762604,11268.407,13
06073,5.358708,6078.235,12
06074,7.779337,25747.921,31
06076,5.847212,9010.423,15
06078,5.615706,3725.173,3
06079,6.895437,156.154,4
06081,6.023229,1968.461,10
06082,8.499088,42881.003,34
06083,7.831805,1581.299,4
06084,4.504148,5392.064,10
06085,10.482724,6840.916,16
06088,10.169086,4529.626,11
06089,6.448594,3643.57,12
06090,4.047312,1231.107,6
06091,5.333333,264.863,1
06092,6.565666,3949.763,16
06093,3.783141,3228.372,10
06095,9.648825,28739.133,32
06096,11.066784,12602.72,13
06098,6.15738,4684.325,12
06102,14.144283,1.689,4
06103,16.272804,1675.16,8
06105,13.0173,15257.718,42
06106,14.178326,35672.747,63
06107,11.679835,18347.762,41
06108,13.006606,23748.927,24
06109,11.900017,25446.685,34
06110,13.197075,11503.675,28
06111,11.05903,28924.11,35
06112,12.440979,20866.606,31
06114,13.942111,27672.078,25
06117,11.06511,15279.5,28
06118,10.524446,24791.407,30
06119,13.533982,14814.276,19
06120,14.286776,13195.025,20
06123,16.666667,720.887,2
06126,15.101593,1481.791,2
06127,12.794184,704.822,3
06128,14.42876,1129.355,4
06129,14.240649,900.315,4
06131,14.097015,1278.504,3
06132,14.982397,789.828,2
06133,14.715451,1325.807,3
06134,15.023956,1963.485,3
06137,13.143192,548.651,4
06138,12.652384,799.68,2
06226,11.353381,18749.595,16
06230,6.609274,242.678,3
06231,5.813021,4147.295,7
06232,5.854894,3212.882,6
06234,6.609274,18.465,3
06235,5.831478,2261.841,3
06237,5.058792,5446.325,12
06238,5.286058,12440.054,15
06239,6.838067,8285.796,18
06241,5.775724,2379.2,4
06242,4.833333,1291.397,1
06247,3.947709,2772.5,5
06248,6.065117,5358.686,13
06249,4.66456,7220.609,7
06250,6.091497,4458.686,10
06251,6.987053,16.572,4
06254,6.849138,1846.451,9
06255,5.254439,4955.13,8
06256,4.617238,25.312,3
06259,6.510143,4126.36,4
06260,6.507683,2529.825,5
06262,5.258783,58.209,4
06264,3.833333,138.52,1
06267,6.609274,2.638,3
06268,7.009014,8376.959,18
06269,12.333005,12357.905,13
06277,5.249362,4281.776,10
06278,4.725503,4409.092,6
06279,5.281413,5914.294,10
06280,3.833333,209.318,4
06281,5.258783,77.611,4
06320,14.509527,27037.392,27
06330,5.574041,3040.631,5
06331,4.752447,5109.528,4
06332,6.142306,1145.124,3
06333,9.081978,7176.292,11
06334,5.27127,2605.32,8
06335,7.211466,6688.144,11
06336,4.995984,83.824,7
06338,5.401906,470.474,5
06339,5.537743,8086.292,14
06340,10.500232,29196.012,23
06349,11.493377,1178.812,3
06350,5.762376,186.267,2
06351,7.535315,15947.745,16
06353,4.432977,135.819,4
06354,5.905503,5962.07,13
06355,8.612659,12387.458,15
06357,9.918253,11558.135,11
06359,5.837171,5232.364,5
06360,10.645696,25237.512,27
06365,5.226404,4684.556,6
06370,5.068423,7163.622,13
06371,8.313895,5733.495,9
06372,10.728053,545.346,3
06373,3.950381,6.182,2
06374,6.581863,7947.266,17
06375,9.613831,3691.886,15
06377,3.970689,3186.32,6
06378,9.717527,5006.001,11
06379,8.390036,8839.42,15
06380,8.741083,2890.417,4
06382,9.121453,11833.094,12
06383,11.952848,1.692,5
06384,4.786113,2593.076,10
06385,7.861844,15351.762,19
06389,7.823046,225.71,6
06401,9.302278,18762.322,23
06403,5.424439,6173.231,9
06405,8.607256,22951.815,22
06410,8.569018,28897.301,36
06412,10.690331,4268,3
06413,10.224703,13061.307,16
06415,5.963246,16709.89,21
06416,9.81994,14064.693,13
06417,9.690556,4490.821,4
06418,11.409531,12568.733,18
06419,6.902875,6326.323,8
06420,6.656815,4343.9,14
06422,5.218968,7293.067,8
06423,5.806315,4911.593,5
06424,5.878429,12848.355,9
06437,7.06496,22185.427,23
06441,6.067963,4.714,10
06443,5.733503,13167.09,12
06444,9.951977,713.512,2
06447,6.894826,6461.14,13
06450,11.518405,26445.828,32
06451,10.989676,24759.999,34
06455,5.698632,3032.507,4
06457,8.876202,39957.153,32
06459,15.465436,17.396,8
06460,11.567806,38555.328,41
06461,8.476763,15470.362,25
06468,7.469225,19620.321,25
06469,6.324714,3060.438,2
06470,6.044829,17798.839,28
06471,7.784207,7447.56,20
06472,5.749383,6694.037,7
06473,12.292966,9232.532,20
06475,12.327008,10118,8
06477,7.805203,13956.268,35
06478,5.772203,12984.676,6
06479,8.510263,5426.315,12
06480,6.616609,9341.379,7
06481,5.704595,1351.281,7
06482,6.268088,10252.077,11
06483,9.14093,8009.968,16
06484,8.450304,32549.784,25
06487,9.598926,21.818,2
06488,6.011301,19772.337,14
06489,6.474106,25702.615,23
06492,10.025156,37420.023,36
06498,9.690556,2.179,4
06510,15.14932,350.931,10
06511,14.444584,48323.193,66
06512,12.766987,22862.408,32
06513,12.869387,35462.813,31
06514,11.326875,28074.941,39
06515,12.972635,11286.402,13
06516,12.863279,47193.328,45
06517,12.993756,13802.124,22
06518,9.715738,12435.433,16
06519,14.264587,15445.567,17
06520,16.096195,3114.048,3
06524,6.175569,5491.019,4
06525,7.437702,9911.01,13
06530,15.5,113.157,1
06531,15.5,79.326,1
06532,15.5,133.571,1
06533,15.5,83.993,1
06534,15.5,54.245,1
06535,15.5,21.581,1
06536,15.5,48.412,1
06601,17.402275,990.605,2
06604,14.50237,27020.563,48
06605,14.352972,24431.056,19
06606,13.160378,48169.572,49
06607,13.055001,8770.16,13
06608,15.122746,13835.272,23
06610,13.294192,23081.545,41
06611,8.445463,36124.019,51
06612,6.115125,7550.091,10
06614,10.901463,33922.996,35
06615,12.268794,18594.376,21
06702,13.803813,756.177,13
06704,12.468273,25569.393,27
06705,13.049531,25386.577,35
06706,12.759094,14083.121,23
06708,12.212663,29617.083,30
06710,13.860019,9765.462,15
06712,6.10673,9609.016,14
06716,6.853878,16397.418,19
06750,6.577304,1173.578,7
06751,5.984434,3443.063,9
06752,5.873477,1720.042,4
06754,6.141539,1461.458,8
06755,5.17518,1033.36,8
06756,5.505566,2838.193,4
06757,7.289244,1983.107,5
06758,5.683712,158.657,2
06759,6.719845,6417.377,13
06762,9.417823,7625.926,13
06763,5.688805,2096.617,7
06770,9.865634,31547.44,37
06776,5.639864,21229.02,21
06777,6.296949,1547.303,7
06778,6.286431,712.278,5
06779,11.919495,8136.641,11
06782,4.588524,2318.131,12
06783,5.616456,2087.154,4
06784,6.379172,3761.287,15
06785,7.235437,796.25,6
06786,5.674438,9420.659,18
06787,7.827841,7672.113,11
06790,8.814329,34686.55,34
06791,5.185481,5583.215,20
06793,6.465154,915.575,8
06794,6.426687,1653.659,13
06795,8.064917,13626.086,24
06796,6.470007,935.846,5
06798,6.284754,9675.6,16
06801,6.734475,19509.811,16
06804,6.469814,17146.399,16
06807,9.70821,7608.074,8
06810,8.826556,22979.736,36
06811,6.469856,24757.884,32
06812,5.601124,14016.613,22
06820,10.298574,21759,15
06824,9.460465,34277.796,38
06825,10.848721,22858.224,40
06829,5.536382,1302.746,4
06830,11.589544,23087.498,43
06831,8.319406,15857.307,26
06836,17.910938,782.005,3
06838,10.644758,906.315,3
06840,5.556734,12305.154,14
06850,10.004764,19378.654,32
06851,10.405921,25342.924,30
06852,16.426816,725.553,2
06853,9.032668,3867.966,9
06854,10.801767,29666.352,30
06855,11.296259,8472.111,10
06856,18.12296,780.657,2
06870,13.873362,7264.407,17
06877,6.316331,25124.115,22
06878,12.614656,8270.477,12
06880,9.236759,18082.529,37
06881,10.395714,638.135,3
06883,5.048208,8895.118,13
06890,11.607479,4357.548,11
06896,5.691139,9184.356,17
06897,6.865842,18410.745,30
06902,12.211746,30256.532,42
06903,8.730092,7244.738,7
06904,15.15158,1240.806,3
06905,13.310787,17018.431,27
06906,14.160431,9160.568,11
06907,14.029113,8795.338,12
06911,15.15158,917.354,3
06912,15.15158,77.465,3
07001,10.315992,17989.933,15
07002,14.014355,54417.692,48
07003,13.752814,49056.765,87
07004,9.809878,7381.894,9
07005,10.470744,14406.668,35
07006,10.411798,23954.623,29
07007,11.19719,1411.581,3
07008,13.216783,7027,8
07009,12.819669,12512.577,11
07010,14.647106,9433.971,14
07011,15.372858,36578.475,49
07012,14.341189,8852.421,16
07013,14.280002,16890.145,36
07014,13.960093,4611.473,8
07015,15.921068,2469.35,3
07016,12.280197,23926.332,42
07017,13.380609,34645.207,59
07018,13.54634,29411.126,49
07019,14.82614,2065.492,6
07020,15.028982,5018.634,5
07021,9.962236,1258.045,13
07022,15.015707,6844,5
07023,13.78052,32.405,9
07024,15.692466,37431.992,44
07026,14.874954,25384.171,37
07027,14.72577,4321.577,19
07028,12.571254,7450.104,30
07029,14.453305,18494.062,21
07030,15.658918,41320,33
07031,14.851087,15693.553,25
07032,14.272747,41956.888,49
07033,14.366509,8097.388,20
07034,13.705696,8982.067,15
07035,10.154761,10365.866,16
07036,14.328866,43543.863,54
07039,12.588665,28434.888,44
07040,12.141224,24366.141,49
07041,14.274194,6723.362,23
07042,13.965306,26508.978,39
07043,13.190908,11939.022,34
07044,13.407576,13483.791,29
07045,9.067215,9775.274,17
07046,10.500091,4063.989,8
07047,14.554091,48952.826,54
07050,13.523824,28636.686,47
07051,16.598693,1711.967,5
07052,11.911279,48516.814,70
07054,11.723901,29785.042,28
07055,15.002241,48645.778,46
07057,15.035576,11374.019,10
07058,9.457495,5342.976,4
07059,7.791207,16121.455,17
07060,13.533461,39361.516,48
07062,13.521365,14443.422,28
07063,12.651881,6358.735,18
07064,13.008323,1430.815,6
07065,13.61448,29399.025,38
07066,11.544512,15567.718,19
07067,12.543837,18062.966,30
07068,8.876034,6843.697,9
07069,8.059424,5803.951,19
07070,14.587612,18428.998,23
07071,15.005287,22027.1,29
07072,15.752445,6318.447,14
07073,15.711756,9159.667,22
07074,12.939577,2831.9,13
07075,15.723471,389.977,7
07076,10.703051,23913.301,49
07077,12.962018,2312.422,4
07078,9.900379,13350.954,25
07079,12.17199,16554.818,41
07080,14.163847,16309.977,20
07081,13.630899,17375.513,16
07082,7.230632,5941.656,12
07083,13.960408,37948.073,49
07086,14.225862,14438.102,14
07087,15.531214,68347.628,57
07088,14.316685,4299.676,10
07090,11.935643,28574.811,48
07091,17.90521,1539.775,3
07092,11.73798,6912.684,17
07093,15.099699,57256.704,39
07094,13.771082,18978.382,12
07095,14.477126,20401.668,35
07096,15.209653,414.394,3
07101,17.280624,1496.014,2
07102,16.139245,10712.647,29
07103,14.755073,31352.15,38
07104,13.752647,51225.466,35
07105,14.286438,50900.793,34
07106,12.045472,22513.508,28
07107,14.175943,37641.859,51
07108,13.488216,24113.622,38
07109,14.185579,35941.678,67
07110,14.577306,28651.601,50
07111,13.839368,54132.816,80
07112,13.244254,25553.284,47
07114,13.764107,11574.829,24
07201,13.553885,19330.861,26
07202,14.123564,26038.132,29
07203,14.30113,21650.882,23
07204,14.571324,13577.123,20
07205,13.41371,14095.037,16
07206,9.689196,23329.759,26
07207,17.563582,1300.395,2
07208,12.937793,23776.824,30
07302,15.577767,30381.572,28
07303,16.36484,1349.374,4
07304,14.266939,36807.755,41
07305,13.203916,49681.974,40
07306,14.028133,46001.676,44
07307,14.470931,36356.903,37
07310,12.148833,2092.018,5
07401,13.427803,9.294,7
07403,7.788565,8023.543,9
07405,10.185189,17727.513,16
07407,14.351648,20097.117,17
07410,15.541417,12173.359,29
07416,8.082014,5679.933,11
07417,8.889187,10880.858,20
07418,4.630157,2348.671,4
07419,7.409754,8730.105,13
07420,13.089034,4750.295,10
07421,6.361997,8358.041,12
07422,5.285343,6719.179,5
07423,12.249004,4084.801,4
07424,13.182735,12539.229,28
07428,6.216148,2205.801,3
07430,10.435508,26299.318,24
07432,11.046892,7.312,4
07435,6.299798,2562.621,11
07436,9.31632,13013.422,13
07438,7.1568,11357.652,10
07439,7.22796,2314,2
07440,13.224502,2216.663,7
07442,11.827503,4145,3
07444,13.223484,4753.432,9
07446,10.887759,14978.583,17
07450,12.335525,23790.48,37
07451,16.75763,1485.14,5
07452,13.160863,11297.776,21
07456,7.047464,12276,12
07457,10.909711,4220.208,5
07458,6.297464,3242.487,19
07460,5.490579,2692.321,16
07461,5.761679,10683.532,21
07462,5.963264,5192.74,16
07463,13.495975,9949.726,12
07465,7.794324,48.763,6
07470,12.068885,51222.431,43
07474,12.738766,2874.003,10
07480,7.136733,15149.874,13
07481,10.45915,16963.739,22
07495,10.506517,6.185,3
07501,14.701154,31247.658,43
07502,12.003007,2496.772,14
07503,14.325347,11338.126,18
07504,15.21115,9081.765,16
07505,16.64487,1694.933,11
07506,7.577041,64.206,7
07508,14.620099,13177.005,18
07509,17.822335,1615.47,2
07511,14.938614,973.799,5
07512,14.854486,9798.016,9
07513,14.245366,4703.643,18
07514,15.146039,10568.601,17
07522,13.3142,13516.495,16
07524,14.665749,9811.254,12
07538,14.073275,1040.146,2
07544,17.822335,376.318,2
07601,14.835108,31890.915,37
07602,16.657287,468.168,2
07603,15.934255,8256.228,21
07604,14.750232,12024.567,24
07605,13.822706,9114.403,25
07606,14.544382,2545.544,11
07607,14.96314,9725.726,26
07608,14.537278,50.103,17
07620,7.285488,1529.25,11
07621,13.75766,27476.607,40
07624,10.816817,8554.433,6
07626,7.115435,102.014,7
07627,7.060957,4871.304,11
07628,14.089123,17669.387,34
07630,13.472824,7620.755,15
07631,11.989758,21316.329,25
07632,13.627312,5322.925,19
07640,8.773197,4778.547,8
07641,13.727862,3418,3
07642,10.350689,10310.312,19
07643,13.92406,10724.586,14
07644,14.423176,10263.672,34
07645,9.814567,8374.829,15
07646,13.937745,9445.4,15
07647,9.363317,5446.369,7
07648,8.237633,5764.44,8
07649,12.487102,8107.4,19
07650,15.013229,20569.172,28
07652,14.232483,17088.612,24
07653,13.03639,2206.85,4
07656,10.568936,8875.921,24
07657,14.339436,2958.63,10
07660,14.867382,12989.129,16
07661,13.407797,11525.39,11
07662,15.824823,5585.575,15
07663,14.877227,13612.057,12
07666,14.539278,23821.583,32
07670,11.524119,6802.957,15
07675,9.928276,27104.087,42
07676,8.139541,9209.11,19
07677,8.419465,5797.974,22
07701,11.675367,18977.296,28
07702,12.542072,3891.86,12
07704,12.989939,5926.385,9
07710,9.507574,370.644,3
07711,13.079447,1222.392,11
07712,11.669713,31426.292,41
07716,11.75414,7785.945,16
07717,16.306076,1761,2
07718,12.33489,5923.125,14
07719,10.804069,15035.682,26
07721,10.34248,3579.868,13
07722,8.185941,10147.341,16
07723,13.128743,1487.393,15
07724,11.691172,15859.939,16
07726,11.104071,31496.001,35
07727,7.880072,7984.076,21
07728,10.783536,46388.398,44
07730,10.352638,16934.142,30
07731,8.463012,38466.598,33
07732,7.207221,296.238,5
07733,7.905607,16304.118,19
07734,13.75048,12725.94,28
07735,13.176674,18157.109,33
07737,12.760288,3839.503,6
07738,9.480248,6322.413,10
07739,10.585643,5824.947,14
07740,12.519831,30825.138,33
07746,8.340945,15727.852,19
07747,12.741399,31083.758,25
07748,9.766627,27865.142,49
07750,8.860602,3221,4
07751,9.232223,5106.282,13
07752,7.207221,643.309,3
07753,12.07329,28704.985,40
07754,12.394555,1308.097,4
07755,11.103006,5993.1,10
07756,15.524893,2.155,3
07757,9.630101,5970.49,7
07758,11.087141,5319.92,17
07760,11.107508,8846.136,17
07762,14.739156,3809.669,13
07764,12.062418,7922.427,8
07801,11.846979,20414.276,28
07802,11.156285,1982.957,3
07803,7.216216,3602.773,11
07820,6.32299,543.76,3
07821,5.671577,10316.029,34
07822,6.502606,1014.429,3
07823,6.481619,7584.642,12
07825,5.883982,9587.383,17
07826,6.344489,5808.468,6
07827,5.88854,4024.214,6
07828,7.508895,2426.995,7
07830,6.464088,2946.949,10
07832,6.265636,4045.524,14
07834,9.699441,17543.895,21
07836,7.108523,9250.121,6
07838,6.182751,3104.663,20
07840,7.940863,26953.847,26
07842,5.818033,74.996,4
07843,7.449852,11607.467,12
07847,8.852205,1771.394,7
07848,7.4899,4461.055,15
07849,7.715922,9320.648,14
07850,7.009773,5027.555,4
07851,6.333333,211.88,1
07852,8.7787,859.902,8
07853,5.681101,13074.893,13
07856,8.859235,60.825,8
07857,13.850421,3209,2
07860,6.438769,24190.008,33
07863,5.968685,4037.927,20
07865,5.857536,2259.61,7
07866,9.527643,17806.219,24
07869,7.978184,19249.568,32
07871,6.733836,20187.208,21
07874,7.010572,7965.963,19
07876,6.716699,6211.555,10
07878,13.922583,978.082,6
07880,6.133837,129.53,3
07882,7.765671,13874.987,22
07885,10.899757,10374.524,17
07901,12.519763,21248.394,28
07902,12.996607,1798.171,4
07920,6.691616,18895.917,20
07921,6.5,1857.041,1
07922,9.331411,12493.388,17
07924,7.511383,9.836,7
07926,7.006618,968.062,3
07927,12.890714,4155.689,6
07928,9.751426,18880.405,17
07930,9.7884,1785.189,15
07931,10.042454,1532.738,7
07932,11.2392,3276.882,11
07933,8.584952,3207.421,5
07934,9.220773,1520.75,3
07935,6.72544,545.692,9
07936,8.89869,11116,6
07940,11.202176,16122.89,19
07945,7.871068,8436.183,8
07946,7.257315,2981.624,5
07950,11.711599,12386.826,28
07960,9.228409,28342.955,35
07961,13.337576,722.097,2
07962,11.003045,797.996,2
07970,7.006618,851.404,3
07974,10.997653,3939.835,7
07976,7.444748,1427.781,2
07977,9.301637,834.616,2
07980,8.418104,2388.919,5
07981,10.048884,9515.307,16
08001,6.5,907.824,1
08002,15.121807,15541.481,14
08003,11.088515,28721.284,23
08004,8.221599,12040.563,18
08005,8.314217,14484.675,16
08006,7.580724,369.566,7
08007,12.794136,5092.669,18
08008,9.895716,6895.434,20
08009,9.738673,12720.285,23
08010,11.105204,11201.875,15
08012,10.997233,38377.446,58
08014,9.540231,579.633,4
08015,6.155855,19623.427,19
08016,10.626292,33355.742,30
08019,3.614344,893.884,6
08020,12.247768,2.268,7
08021,11.453127,45136.8,46
08022,6.546531,8867.592,9
08023,14.166667,38.86,1
08026,8.645071,2198.654,12
08027,12.414869,4829.442,12
08028,11.409895,20655.65,24
08029,10.405563,4700.318,13
08030,14.00969,13435.24,19
08031,10.936218,10252.937,17
08032,8.020236,410.775,3
08033,13.311192,16099.565,26
08034,13.089754,19883.517,25
08035,13.277261,7539.641,11
08036,13.260858,6013.807,6
08037,9.627212,23398.963,28
08038,14.666667,3.362,3
08039,6.833333,10.495,1
08041,5.753386,950.132,3
08043,11.652184,29260.254,25
08045,10.468028,2855.845,8
08046,11.294907,31459.992,24
08048,8.213698,12293.771,12
08049,11.343707,5192.573,7
08050,8.155564,12396.391,7
08051,11.362968,3240.934,10
08052,12.767401,18842.776,23
08053,9.790706,37154.761,36
08054,8.480895,41523.272,32
08055,7.272265,26980.062,35
08056,4.833333,10.48,6
08057,10.750289,21036.395,23
08059,14.826178,5448.925,9
08060,10.459324,15747.511,26
08062,7.402276,16873.649,10
08063,12.569999,3123.276,5
08065,13.198361,7275.966,13
08066,11.729553,8585.416,18
08067,3.868293,1647.246,3
08068,7.340177,7333.237,11
08069,13.368821,12496.344,13
08070,11.035018,12705.879,13
08071,13.806144,9511.283,19
08072,5.66568,2.631,2
08073,8.97974,10.358,3
08075,10.582707,28321.269,23
08077,12.004196,19144.421,22
08078,12.442207,8094.068,8
08079,8.142104,10806.123,11
08080,9.213519,37235.825,46
08081,10.127098,41179.001,37
08083,10.129452,9839.47,20
08084,12.463118,6927.192,14
08085,11.617524,8297.531,13
08086,11.025733,8347.79,18
08087,8.039718,17916.437,17
08088,5.999921,23855.093,25
08089,7.143828,3847.782,9
08090,11.610648,8053.438,12
08091,12.588998,5496.268,12
08092,10.273318,2724.031,5
08093,13.31168,9325.624,16
08094,8.722951,40457.407,38
08096,12.231516,33509.624,41
08097,13.533665,3131.285,18
08098,9.501037,8819.877,14
08099,9.713188,1183.812,3
08101,14.938213,2218.58,3
08102,16.043409,8187.518,10
08103,14.511821,11660.601,30
08104,13.80877,22387.488,37
08105,14.013435,28430.919,22
08106,14.898969,9532.995,16
08107,14.938561,13013.128,26
08108,14.550469,18388.301,24
08109,14.514732,21320.266,35
08110,14.367726,19758.838,34
08201,11.923701,8279.925,12
08202,11.978489,1674.397,4
08203,12.211758,8976.517,12
08204,10.796378,16786.705,29
08205,9.402016,29234.519,25
08210,7.862874,14620.09,13
08212,12.168528,402.012,3
08214,6,38.158,1
08215,9.659976,12942.994,18
08219,10.166667,74.576,1
08221,14.682123,6016.167,11
08223,7.816459,4237.419,4
08224,3.565231,67.339,2
08225,14.978687,8400.296,11
08226,13.361885,11202,16
08230,6.59445,6024.489,11
08231,10.876644,839.467,2
08232,14.392563,12689.579,13
08234,7.834779,16635.489,17
08240,7.768544,1345.546,3
08241,8.530738,852.585,4
08242,10.26794,4099.958,11
08243,11.350384,1955,4
08244,14.588083,10568.888,16
08245,7.002186,1.86,2
08246,7.002186,42.772,2
08247,15.474821,1173.004,2
08248,6.393868,110.663,4
08250,7.333333,7.028,1
08251,12.513811,9789.183,15
08260,14.111232,13869.974,18
08270,8.443817,8283.388,15
08302,8.724058,29810.798,31
08310,6.14509,2115.994,10
08311,3.925443,2011.616,6
08312,6.535088,50.926,8
08314,5.113154,275.093,5
08317,5.768677,919.708,3
08318,6.340606,11295.99,20
08319,5.768677,1235.153,3
08322,5.513889,10537.927,12
08323,5.051575,604.325,2
08324,5.113154,205.596,3
08326,6.708015,1170.025,7
08327,5.113154,584.935,3
08328,6.144248,1877.644,4
08329,5.804185,144.667,4
08330,8.132234,28449.679,25
08332,9.167091,26619.208,31
08340,5.645785,874.272,7
08341,6.711012,2276.817,7
08343,6.41641,4231.942,11
08344,7.965825,5384.331,27
08345,4.217635,881.797,4
08346,5.973482,497.963,4
08347,6.440303,766.68,3
08348,5.113154,37.644,3
08349,5.495373,1722.742,6
08350,5.980133,606.561,7
08352,6.055447,970.73,3
08353,6.993966,413.164,4
08360,9.418576,27412.452,34
08361,7.007159,5381.093,12
08401,15.585345,36504.182,36
08402,15.269738,5946.294,11
08403,12.644161,1669.278,3
08404,17.36285,1538.8,3
08406,14.986574,10680.207,18
08501,7.069589,6297.96,13
08502,6.61084,12318.582,7
08505,10.513023,9913.894,14
08510,6.687293,4954.023,8
08511,4.381215,1056.953,3
08512,7.618603,11097.446,22
08514,6.521201,4723.294,9
08515,6.879528,6654.441,10
08518,13.209206,5497.942,8
08520,8.150773,19143.246,23
08525,7.332836,4926.504,14
08527,6.846447,56165.459,37
08528,6.999285,1251.997,6
08530,8.08509,7087.467,14
08533,7.210626,6961.493,13
08534,8.536306,12924.792,12
08535,6.698453,5232.591,5
08536,11.062533,19637.383,13
08540,8.975962,28151.718,36
08542,17.523538,3550.553,5
08544,13.717896,5770.339,7
08550,7.152644,11178.134,10
08551,6.203798,3250.421,11
08553,13.143866,600.481,4
08554,11.727596,3955.073,8
08555,6.762948,1060.224,3
08558,7.835812,6350.005,12
08559,5.918226,4970.7,11
08560,6.80688,3948.018,7
08562,8.739392,3806.445,16
08601,16.658555,84.666,3
08602,16.658555,70.555,3
08603,16.658555,107.689,3
08604,16.658555,124.028,3
08605,16.658555,103.976,3
08606,16.658555,121.058,3
08607,16.658555,1241.769,3
08608,16.155952,889.015,8
08609,14.654795,13241.389,31
08610,14.232582,28968.04,34
08611,15.378456,25907.718,39
08618,13.881458,36617.684,49
08619,12.12218,21770.282,36
08620,8.738801,9761.234,23
08628,8.240052,3791.632,10
08629,14.616906,12831.782,24
08638,13.86654,25846.352,51
08640,4.381215,2192.614,3
08641,7.283127,5230.92,4
08648,11.751204,22885.99,26
08650,11.022471,2073.594,5
08690,11.552519,18627.825,23
08691,6.695381,7055.938,24
08701,11.253574,41599.303,32
08720,8.942075,1503.563,6
08721,9.331427,20665.015,18
08722,9.244351,11254.046,9
08723,9.662536,33517.512,26
08724,8.277728,40212.862,30
08730,13.455478,4754.959,8
08731,8.778772,11887.521,14
08732,11.166667,1300.808,3
08733,8.760867,2714.376,6
08734,9.817613,7557.203,8
08735,8.866461,3875.177,10
08736,12.050404,11404.127,16
08740,9.505578,1718.112,2
08741,10.913791,2818.827,7
08742,12.935394,19077.726,16
08750,13.53719,3536.975,12
08751,8.715185,1279.823,6
08753,9.878524,60836.088,52
08754,16.146009,1870.671,3
08755,7.146862,17066.223,12
08757,6.498785,31750.43,38
08758,9.311102,12.276,4
08759,6.08752,23953.723,31
08801,6.622527,4228.212,14
08802,6.825989,4024.051,16
08804,6.567539,3015.94,19
08805,13.822382,12203.292,13
08807,8.384104,37730.277,35
08809,7.610201,5756.3,15
08810,5.896954,1289.842,2
08812,13.45749,14201.853,22
08816,10.904946,46952.726,47
08817,11.949701,39063.617,42
08818,13.992781,2352.3,10
08820,11.366712,31677.673,29
08822,7.571834,22934.915,27
08823,8.046588,8438.235,8
08824,6.765615,11921.906,12
08825,6.34234,4414.464,8
08826,6.645036,1895.415,6
08827,6.837672,4226.315,17
08828,6.860929,2283,2
08829,8.72615,3650.488,8
08830,14.139497,18146.923,21
08831,9.08648,24328.99,32
08832,14.245149,2327.712,14
08833,8.871698,6248.852,11
08835,9.693168,10290.278,9
08836,6.758448,4311.355,9
08837,13.775641,13350.685,26
08840,13.400245,16441.829,33
08844,7.178855,31559.017,25
08846,14.094555,6025.692,11
08848,5.599236,8161.897,15
08850,12.251661,8310.175,17
08852,6.986228,15921.5,18
08853,5.778772,5066.864,8
08854,9.05754,29001.292,40
08855,6.78372,1652.511,4
08857,11.576117,32949.466,29
08858,6.715723,1275.044,3
08859,12.19024,16406.05,25
08861,14.736335,43062.184,31
08862,17.210866,2375.314,3
08863,13.576804,11572.464,13
08865,11.217343,28962.678,32
08867,6.081325,5448.059,15
08869,13.395233,7689.36,6
08872,9.596311,20376.674,24
08873,8.33911,32094.621,27
08875,8.587459,1173.28,5
08876,11.086122,22136.662,27
08879,11.65129,21898.956,26
08880,9.664118,4630.972,4
08882,12.174862,16068.701,14
08884,10.246424,8271.027,11
08886,7.015265,6883.76,10
08887,5.982945,1158.334,3
08888,6.478178,505.746,3
08889,6.501783,4765.424,11
08901,14.309062,51925.386,46
08902,10.530144,33364.6,33
08903,16.380009,3918.127,6
08904,14.077767,13999.629,14
08906,9.296027,1837.343,3
10001,12.813329,19699.84,36
10002,14.673818,74851.07,66
10003,14.91995,41822.453,48
10004,17.716303,4325.132,16
10005,17.842664,8633.476,12
10006,17.864366,4667.91,7
10007,16.679218,3746.976,16
10008,16.843047,1960.767,2
10009,13.915654,59373.459,49
10010,13.895116,31713.893,51
10011,12.59644,49753.714,63
10012,15.702423,23865.425,39
10013,16.082016,22311.59,27
10014,14.931938,31559.18,43
10016,13.644086,41711.25,56
10017,11.662044,13366.267,40
10018,13.462192,6651.358,18
10019,12.006727,30711.845,35
10021,13.265807,26102.289,47
10022,12.66241,23029.182,39
10023,13.386141,39770.122,39
10024,13.888508,60321.008,68
10025,13.657064,92751.983,78
10026,13.658245,38565.29,41
10027,14.708229,64099.825,60
10028,12.446962,32893.981,53
10029,11.708078,76944.3,59
10030,13.335814,29502.925,25
10031,14.192624,59808.627,49
10032,14.147131,65135.124,60
10033,15.08662,59423.63,50
10034,14.687036,42823.127,31
10035,12.636222,37852.646,44
10036,12.989744,11595.787,15
10037,13.052033,21327.696,36
10038,15.332271,21630.495,23
10039,13.706921,27572.345,24
10040,13.380857,44039.998,46
10044,15.038001,3149,3
10065,12.707332,28203.113,34
10069,13.424035,845.039,8
10075,11.948815,17675.931,39
10101,11.916975,1032.036,5
10108,12.71152,1040.866,2
10113,11.906531,1661.475,5
10116,13.333333,1048.396,1
10128,12.961601,46648.529,44
10129,12.71152,722.042,2
10156,13.776877,1699.117,7
10159,15.708545,1377.312,6
10163,14.666667,1113.644,1
10185,15.666667,746.174,1
10268,16.843047,813.089,2
10272,17.741862,919.233,4
10274,16.843047,1055.576,2
10276,18.438389,1415.912,2
10280,17.177506,7518.919,8
10282,15.98373,4586.614,8
10301,14.47342,34501.119,47
10302,15.178258,12762.027,23
10303,14.316137,26643.054,32
10304,14.932871,23713.77,31
10305,15.274407,33519.102,33
10306,14.569609,48039.608,51
10307,14.19035,14881.611,11
10308,14.636596,28238.043,29
10309,13.936268,17209.964,22
10310,15.299736,18230.12,31
10312,14.039398,45076.166,47
10313,14.006124,894.6,3
10314,14.539259,73299.818,60
10451,13.488049,42521.587,42
10452,13.408731,77179.794,61
10453,12.740215,80024.369,76
10454,12.461083,35623.691,37
10455,13.745121,45320.029,55
10456,12.737625,84891.846,88
10457,13.485578,73123.555,92
10458,13.276843,79332.811,81
10459,13.79007,46242.073,61
10460,12.955399,59526.36,61
10461,14.24166,49618.544,58
10462,12.561504,77620.909,92
10463,13.478947,71760.745,67
10464,12.316089,49.973,5
10465,14.279519,44096.68,52
10466,12.670361,67550.661,83
10467,12.768492,81649.895,77
10468,12.879016,76251.865,69
10469,14.157859,70297.409,84
10470,13.732917,15489.123,31
10471,13.602349,22037.66,33
10472,11.980953,68697.354,58
10473,12.327344,50299.699,48
10474,15.164875,4561.876,9
10475,12.316089,878.685,7
10501,6.942081,914.894,6
10502,13.388367,5565.08,19
10503,12.027884,201.791,5
10504,8.539446,7841.74,14
10505,6.799805,1467.524,5
10506,6.229412,6120.663,15
10507,6.327174,1484.531,13
10509,7.655616,11343.044,13
10510,10.333218,10028.331,16
10511,11.748842,2144.99,9
10512,6.730845,16174.687,25
10514,8.590919,11610.936,22
10516,9.801201,5499.163,8
10517,12.333333,757.963,1
10518,6.45325,1727.444,5
10519,6.798273,1274.149,4
10520,12.389901,13330.684,22
10522,13.593329,11018.058,18
10523,14.216729,9520.828,14
10524,6.139081,4224.267,9
10526,5.892145,2502.173,2
10527,6.928877,648.006,2
10528,13.544769,12989.772,16
10530,14.004202,13148.875,18
10532,14.68457,5221.129,10
10533,12.207984,7053.993,16
10535,11.137109,1975.585,5
10536,9.206939,7932.62,17
10537,8.77435,146.747,3
10538,14.631647,16909.722,32
10540,7.060546,1066.873,4
10541,6.844998,18159.482,22
10542,6.975415,880.466,4
10543,14.549166,20681.64,25
10546,6.312273,2350.22,2
10547,11.125204,2268.298,6
10548,11.197732,3434.336,8
10549,12.755453,15443.813,24
10550,14.108772,28468.444,48
10551,14.726784,1299.018,2
10552,14.035175,14904.419,19
10553,13.736064,11863.112,18
10560,6.793118,3735.605,9
10562,12.700675,25096.793,25
10566,13.769895,24006.084,21
10567,8.519629,19729.053,23
10570,8.207425,5251.002,14
10573,14.16316,30973.196,32
10576,6.84173,5211.61,14
10577,9.263913,3377.463,14
10578,7.040927,514.296,8
10579,4.645299,3568.478,13
10580,12.07972,17240.274,26
10583,13.054904,39256.473,57
10587,6.607642,1448.037,3
10588,10.598689,126.963,9
10589,7.749978,9007.021,14
10590,6.0129,6149.034,9
10591,14.979759,11091.422,16
10594,13.034277,5131.262,9
10595,12.287191,7837.962,13
10596,11.494827,1620.854,3
10597,6.457938,1187.974,5
10598,8.466041,26657.504,28
10601,15.565184,7120.91,20
10602,13.693654,441.211,3
10603,13.69836,18963.454,32
10604,11.367186,11851.924,33
10605,13.646269,17847.325,24
10606,15.420857,9881.594,35
10607,13.848113,6828.189,31
10701,13.608365,42428.294,55
10702,14.553418,1011.446,4
10703,13.412696,14625.29,17
10704,14.474668,32482.399,40
10705,13.982006,24789.724,33
10706,12.116296,8825.703,20
10707,12.240936,4111.384,24
10708,14.011936,21875.004,23
10709,15.639791,9240.059,11
10710,13.668307,25922.095,42
10801,14.803866,35383.73,44
10802,16.773832,1474.64,3
10803,15.597153,12868.287,21
10804,12.230333,14323.277,29
10805,14.564079,11117.005,14
10901,9.066766,21284.933,17
10910,6.440287,1.377,3
10911,7.279957,40.325,4
10912,4.085919,314.63,3
10913,8.147821,4358.642,16
10915,4.464889,29.353,4
10916,5.796517,4580.869,8
10917,7.17138,2395.947,6
10918,7.327325,8463.439,30
10919,6.225623,1355.91,9
10920,7.338159,8643.947,15
10921,6.390333,5290.362,14
10922,8.739087,297.391,3
10923,9.601017,8291.195,11
10924,8.588043,12588.745,32
10926,11.84378,4734.315,12
10927,12.642695,12171.25,11
10928,11.608109,5587.233,6
10930,7.40909,8437.126,12
10931,10.958005,1043.42,7
10932,5.695995,11.894,3
10933,4.907671,409.204,3
10940,9.245533,35700.134,50
10941,6.35396,10629.492,23
10949,14.048126,1960.907,3
10950,7.839259,29989.051,32
10952,9.203058,8572.885,17
10953,6.548116,146.898,5
10954,9.55682,18919.464,29
10956,7.504884,30526.841,29
10958,5.158634,3757.751,18
10960,9.447418,9333.598,15
10962,7.932644,6329.285,23
10963,4.96446,3111.978,5
10964,7.945838,1570.266,3
10965,9.699165,15214.575,15
10968,8.43015,2460.466,7
10969,5.068021,1186.112,3
10970,5.203284,2100.285,9
10973,5.105472,2146.853,8
10974,7.796292,3271.044,6
10975,6.440287,238.23,3
10976,7.683102,1896.314,7
10977,9.243349,14962.831,17
10980,7.250927,13700.282,17
10981,5.901256,1147.141,4
10982,8.797653,974.002,3
10983,7.886648,6236.133,14
10984,8.052668,2721.145,10
10985,4.464889,240.698,4
10986,7.279957,1964.382,4
10987,6.441014,3306.176,6
10988,4.907671,557.506,3
10989,8.144378,10108.403,15
10990,5.340725,12629.425,17
10992,8.851929,7196.75,13
10993,8.85629,4747.868,13
10994,8.423949,7099.436,23
10996,7.166667,6407.376,4
10998,4.883499,3547.352,6
11001,14.757005,26270.509,56
11002,16.525315,992.128,5
11003,14.475981,44857.015,43
11004,15.224114,9020.002,29
11005,11.166667,1749,1
11010,15.36542,25971.171,50
11020,15.201911,2737.077,13
11021,15.492381,18108.163,40
11022,15.361612,782.534,5
11023,15.556626,9249.566,30
11024,13.843095,7400.1,13
11030,14.12724,15474.842,23
11040,15.383117,33162.119,56
11042,14.404096,3.08,14
11050,12.873888,30445.161,26
11096,15.989144,8506.895,14
11101,11.853605,14364.816,39
11102,13.719564,31445.053,39
11103,14.211793,34826.061,53
11104,11.919887,27004.538,31
11105,14.009491,36481.956,40
11106,14.056628,38651.368,42
11201,15.157507,47573.49,50
11202,17.547211,1709.906,2
11203,13.32023,73880.731,100
11204,14.319224,80162.803,113
11205,13.881834,44449.073,51
11206,13.455813,70145.268,86
11207,13.339935,93314.15,113
11208,13.626698,86906.626,74
11209,14.828932,68243.753,80
11210,13.818675,56534.751,71
11211,14.822042,62188.114,72
11212,13.806348,76770.332,95
11213,12.387432,45564.201,51
11214,14.023729,87512.618,96
11215,13.610072,61306.545,78
11216,11.657175,55032.278,78
11217,15.263283,39442.006,52
11218,13.783808,67058.495,80
11219,14.262332,89283.798,82
11220,13.413575,76249.667,83
11221,11.804576,84959.491,124
11222,14.805662,27885.235,34
11223,13.969267,79666.028,88
11224,13.7129,47858.565,41
11225,12.735706,59663.314,50
11226,12.647598,90966.361,78
11228,13.344789,42681.817,53
11229,13.956754,78377.695,91
11230,13.500809,88331.893,97
11231,14.09456,34459.133,39
11232,14.274117,18151.39,28
11233,12.906735,74814.994,75
11234,14.347379,92637.093,90
11235,14.258054,76786.388,84
11236,13.252918,93284.486,79
11237,13.219256,49178.578,57
11238,13.270925,56954.404,78
11239,14.614464,12956,9
11243,17.889359,285.438,2
11247,15.496616,1637.457,2
11249,14.681374,37893.483,35
11352,16.301979,2483.792,4
11354,14.992303,37955.979,48
11355,14.379317,68561.7,60
11356,15.298514,23656.173,23
11357,14.752029,39965.016,52
11358,16.233741,35094.98,63
11360,14.152571,19350.186,19
11361,15.923965,27998.731,54
11362,13.981655,17883.42,18
11363,15.526525,7728.903,16
11364,13.626371,36585.151,48
11365,14.507912,23798.654,39
11366,14.568298,13557.842,33
11367,13.603203,41007.382,44
11368,13.981776,69301.505,51
11369,14.62614,32279.852,29
11370,14.463437,21913.926,22
11371,14.604707,84.553,4
11372,15.559004,47899.775,62
11373,14.484806,77487.51,65
11374,13.772936,43209.329,51
11375,14.857466,73589.876,73
11377,14.426803,67988.949,83
11378,14.736232,32743.834,37
11379,14.450857,34836.534,41
11380,16.142756,540.591,2
11385,14.462201,97906.724,84
11386,15.439924,2342.25,3
11411,13.774537,21346.848,31
11412,14.450314,37226.616,51
11413,13.852193,43251.823,52
11414,12.738273,21446.803,19
11415,14.868141,16982.295,17
11416,14.756984,26084.518,32
11417,14.911617,32560.006,45
11418,14.15612,36942.372,40
11419,14.548186,49004.956,41
11420,14.308128,50067.005,50
11421,13.978745,41460.2,37
11422,13.666092,19543.081,30
11423,14.010518,25166.625,33
11426,14.616434,20470.361,24
11427,14.202297,17559.951,28
11428,14.106333,20628.332,44
11429,14.845787,25472.146,31
11431,16.438449,2626.024,2
11432,14.756121,60626.962,52
11433,15.329994,26038.169,30
11434,14.731286,47152.672,53
11435,14.659598,57585.08,50
11436,13.696902,20407.848,19
11439,10.423989,739.025,3
11501,16.842844,19448.947,35
11507,14.209704,7162.148,14
11509,15.748689,2310.597,4
11510,14.419161,33743.728,62
11514,15.131853,4726.992,12
11516,17.292366,7607.988,16
11518,14.509024,10599.76,20
11520,14.466208,43763.553,54
11530,14.151429,28404.971,50
11531,16.799036,934.242,2
11542,10.171338,19682.006,29
11545,10.203782,12945.537,18
11547,13.495605,1102.791,6
11548,12.582989,1965.353,16
11550,14.864349,56177.103,65
11551,16.469783,2061.675,3
11552,14.937229,25460.007,47
11553,14.701971,25086.87,31
11554,14.531315,36864.433,46
11557,15.509889,7424.418,40
11558,14.746785,8217,7
11559,13.99159,8603.607,26
11560,9.465356,6436.867,25
11561,13.586283,37067.149,35
11563,15.887829,21018.807,40
11565,14.888302,8555.138,16
11566,14.010708,33239.411,55
11568,6.814617,5653.716,8
11569,8.627144,1523.253,3
11570,15.520271,26550.285,49
11571,17.949015,799.427,2
11572,14.254503,29479.838,42
11575,13.694297,16132.983,28
11576,12.871828,10091.549,23
11577,15.037466,12221.135,27
11579,15.24376,5005.936,9
11580,15.051533,41435.025,76
11581,14.029352,20661.612,34
11582,16.534,1990.43,6
11590,14.566196,48855.287,61
11596,16.319012,10333.581,29
11598,14.841462,14296.234,29
11691,13.004337,41564.272,33
11692,13.232383,19076.752,21
11693,14.254004,12751.396,14
11694,14.097186,21037.599,24
11701,13.606897,11743.082,23
11702,12.252342,14853.049,27
11703,9.624072,15773.317,18
11704,10.462597,29443.766,35
11705,7.209158,7408.911,7
11706,7.454347,32572.429,35
11709,9.546903,6763.079,5
11710,14.027953,34077.828,64
11713,7.941192,10685.521,16
11714,13.948396,25150.466,52
11715,8.241706,4086.515,10
11716,8.587939,2828.889,14
11717,8.307625,58145.546,28
11718,9.964279,3067.455,6
11719,7.394176,4262.882,11
11720,8.536956,12957.197,16
11721,8.459717,6620.551,9
11722,8.082783,25175.751,29
11724,6.32691,308.235,10
11725,8.476423,28818.028,32
11726,12.924211,9220.597,21
11727,7.110717,14823.279,18
11729,9.548942,21264.75,28
11730,7.105562,6834.199,6
11731,9.583335,30656.365,36
11732,9.315431,3632.645,17
11733,7.063267,11504.068,16
11735,13.735172,32827.043,49
11738,7.57376,10565.148,17
11739,8.333333,841.801,1
11740,10.400269,7557.581,16
11741,7.993556,22185.117,20
11742,7.215565,13275.989,21
11743,8.699497,33990.994,55
11746,9.627188,52239.872,48
11747,10.542248,5425.352,16
11749,9.106378,3245.7,2
11751,10.050811,14356.36,17
11752,7.756055,9596.611,9
11753,11.483241,12566.657,21
11754,8.383144,18197.591,27
11755,8.22955,12409.059,23
11756,13.932442,41320.418,54
11757,12.14677,36893.869,30
11758,13.754558,53303.628,75
11762,12.632707,23264.666,34
11763,7.27857,27781.323,30
11764,7.016396,6642.046,11
11765,6.641722,636.446,3
11766,7.035297,11145.488,22
11767,8.441726,15162.028,15
11768,6.624633,14175.009,18
11769,7.384092,9173.76,12
11770,9.99083,101.315,3
11771,9.251775,9914.33,21
11772,8.443032,16961.471,34
11776,7.380679,10288.21,16
11777,8.465531,8491.679,7
11778,8.356464,12188.54,13
11779,9.371263,27587.495,31
11780,9.050884,14106.737,21
11782,9.319038,15311.351,17
11783,13.005924,20946.301,54
11784,7.898497,17776.534,19
11786,7.39186,3605.877,6
11787,7.819034,20640.003,25
11788,6.7991,12633.262,22
11789,8.721169,8136.766,6
11790,6.706863,2351.39,13
11791,9.156114,25773.288,38
11792,7.203337,8272.745,8
11793,13.498935,31239.779,67
11795,8.143041,24947.733,19
11796,8.36717,3237.882,6
11797,9.883265,8672.691,21
11798,9.441767,13138.44,18
11801,14.257231,38611.315,80
11802,14.874604,2209.342,6
11803,12.886909,28715.252,38
11804,8.376222,4269.588,5
11901,11.521854,6761.978,5
11933,6.787139,3196.238,9
11934,6.727583,2463.214,3
11937,13.431979,1034,2
11940,6.699536,5593.964,5
11941,7.119453,2754.084,12
11942,6.639899,1322.451,5
11944,14.657069,1945,2
11946,7.222537,13203.452,9
11949,6.668223,5920.998,17
11950,6.129987,11145.596,7
11951,7.111824,5063.764,4
11953,7.123408,13312.512,17
11955,6.727583,302.5,3
11959,6.660581,48.625,5
11960,7.713824,1479.088,4
11961,5.691645,10819.495,16
11963,8.826257,1955,2
11964,8.421526,1029,2
11965,8.421526,1715,2
11967,7.299003,11834.188,13
11968,7.137632,4035.422,5
11972,7.516977,288.078,6
11976,7.137632,384.578,5
11977,6.842624,1959.411,9
11978,8.327989,3438.806,8
11980,6.649743,5403.046,14
12007,4.837485,179.263,3
12008,6.942693,299.517,3
12009,6.624003,7694.944,18
12010,6.770865,28155.672,46
12015,5.363654,3481.463,9
12017,5.272622,328.076,4
12018,4.972132,7388.024,12
12019,6.589613,11273.077,18
12020,8.374769,23407.382,23
12022,4.825286,635.606,2
12023,3.807549,2181.079,14
12024,5.830328,148.286,9
12025,5.509324,791.714,8
12027,7.495619,3522.306,12
12028,4.653508,1225.687,14
12029,5.144113,1125.757,4
12031,2.97764,132.935,5
12032,3.436131,816.758,6
12033,5.990767,8332.762,9
12035,4.01536,730.147,10
12036,4.595749,202.879,8
12037,5.762794,4080.347,13
12040,4.825286,2.502,2
12041,4.94867,282.463,6
12042,5.125474,435.394,8
12043,7.029858,8169.1,17
12045,4.837485,687.175,3
12046,4.756527,637.879,9
12047,12.237954,18771.74,19
12050,4.004258,2.277,3
12051,5.716857,3301.11,13
12052,4.577458,1558.546,3
12053,4.588326,4742.886,21
12054,9.247883,15959.079,20
12056,4.728885,2199.421,7
12057,5.701215,1675.008,6
12058,5.232249,1486.712,14
12059,3.77601,1658.326,6
12060,5.610866,1569.873,11
12061,7.16035,3370.046,10
12062,3.789105,1882.709,6
12063,5.430566,371.16,4
12064,4.615291,140.218,4
12065,7.134773,30651.974,30
12066,4.256894,2045.827,19
12067,4.946194,1279.044,6
12068,4.676198,2887.281,10
12069,3.722627,141.473,4
12070,5.353631,1425.317,7
12071,3.588137,196.85,4
12072,4.066953,2682.768,8
12074,5.624219,1974.038,6
12075,5.963564,2866.74,16
12076,2.693565,1405.831,4
12077,8.22222,3600.767,6
12078,7.403011,18792.832,31
12082,4.506757,69.178,2
12083,5.494829,3612.885,10
12084,10.952957,5532.8,8
12085,6.185934,382.641,3
12086,5.549419,1856.793,9
12087,4.3441,1197.229,11
12090,6.566303,6454.928,12
12092,5.880068,1124.536,15
12093,3.626227,1273.363,12
12094,4.268978,2373.924,14
12095,8.88881,9325.06,36
12106,5.647232,2361.698,10
12108,7.136197,287.297,2
12110,11.000322,9003.987,11
12115,5.604553,82.608,5
12116,4.665142,1218.881,5
12117,5.322353,3249.321,8
12118,7.400262,11685.046,13
12120,4.21016,428.066,5
12121,5.382548,1903.209,11
12122,3.723066,4268.79,18
12123,5.388204,5046.425,14
12124,4.135636,317.318,3
12125,6.858697,1248.202,2
12130,7.15223,722.915,8
12131,3.490501,214.468,8
12132,5.604553,4.03,5
12134,5.049083,3198.479,9
12136,5.600521,909.897,9
12137,4.746356,1743.373,14
12138,3.787346,3434.885,9
12139,7.136197,218.133,2
12140,3.949326,1640.883,7
12143,6.936607,4813.139,8
12144,10.777306,5545.17,7
12147,4.208944,416.031,5
12148,6.666664,4488.948,9
12149,4.55899,2183.157,13
12150,7.897641,701.235,3
12151,6.469969,107.828,3
12153,5.701519,700.759,7
12154,5.519208,2744.664,10
12155,2.627568,357.777,2
12156,5.311447,917.049,12
12157,4.269254,4238.549,22
12158,5.561788,3096.636,15
12159,7.808312,8167.865,27
12160,3.626984,926.63,18
12161,4.837485,109.55,7
12164,7.136197,360.895,2
12165,5.288367,181.601,2
12166,4.052676,1491.245,16
12167,4.815247,1928.362,14
12168,3.544497,1822.259,6
12169,3.491684,509.916,4
12170,4.969352,2581.766,4
12172,4.004258,375.772,3
12173,3.420519,1983.789,4
12174,3.194414,274.985,4
12175,4.485787,719.427,8
12176,5.991253,262.484,6
12177,4.697148,450.437,8
12180,11.689885,40615.101,50
12182,12.394426,15085.603,30
12183,14.593593,2591,3
12184,6.766389,7132.768,18
12185,4.255416,1996.545,12
12186,7.074417,6327.539,17
12187,4.888691,582.023,13
12188,8.397617,9290.335,6
12189,13.414666,12521.436,21
12190,3.413915,700.857,2
12192,4.721232,1737.937,8
12193,4.318909,2023.294,7
12194,3.588137,225.799,4
12195,6.858697,13.326,2
12196,6.091176,3477.748,12
12197,2.627568,538.509,2
12198,5.328557,2913.208,16
12201,14.666667,625.297,1
12202,14.92295,10049.407,22
12203,12.662462,32881.657,45
12204,13.672605,6512.309,9
12205,13.636494,16719.367,17
12206,14.454618,11616.677,18
12207,14.666667,673.788,3
12208,13.373244,17276.668,26
12209,13.106124,9135.044,17
12210,14.647828,5663.945,23
12211,9.992782,5637.051,5
12212,13.5,1260.984,2
12220,15.05188,556.39,3
12301,18.666667,665.671,1
12302,9.339006,28077.166,31
12303,10.708777,20760.836,31
12304,12.347615,10831.751,26
12305,15.572012,4925.824,26
12306,11.381748,26778.354,35
12307,14.138732,6236.379,20
12308,13.399395,15176.74,34
12309,10.338203,23932.33,29
12401,7.692245,31257.355,56
12402,10.36538,2261.491,4
12404,4.274081,927.049,6
12405,5.322701,681.184,6
12406,5.446122,639.627,7
12407,3.52807,16.509,2
12409,5.394118,813.922,3
12410,3.842096,462.137,5
12411,5.543464,333.804,5
12412,5.021609,562.276,7
12413,5.251068,2882.575,14
12414,5.032799,6033.125,15
12416,3.843997,263.069,3
12417,6.70137,5.054,3
12418,5.584645,607.04,2
12419,5.529527,218.77,3
12420,5.952239,8.055,4
12421,5.43319,475.672,8
12422,5.584645,282.844,2
12423,5.584645,1028.826,2
12424,3.52807,364.842,2
12428,9.538029,7201.423,10
12429,3.932508,2.959,5
12430,5.342755,1235.323,10
12431,5.864731,1420.774,7
12432,7.192192,466.802,3
12433,5.233249,390.686,3
12434,5.3227,510.537,7
12435,4.191469,335.37,5
12438,6.053105,76.949,5
12439,4.364512,52.869,4
12440,4.358404,1097.686,5
12441,3.838119,8.592,2
12442,3.52807,222.867,2
12443,5.102718,3635.654,13
12444,3.52807,412.717,2
12446,5.678601,2597.111,7
12448,5.394118,80.514,3
12449,7.056334,3546.686,7
12451,5.142721,1460.717,17
12453,5.910392,314.195,8
12455,5.901783,2076.747,11
12456,5.03442,437.663,7
12457,4.420122,673.524,6
12458,5.520536,2500.561,14
12459,6.02797,176.413,8
12460,5.149681,238.709,5
12461,5.062935,1833.569,4
12463,4.81462,1482.239,8
12464,3.843997,844.491,3
12465,4.158149,128.554,7
12466,6.681379,2868.534,8
12468,3.957111,476.948,5
12469,3.977943,779.972,9
12470,5.255582,716.757,4
12471,3.932508,11.835,5
12472,5.128632,2090.496,6
12473,5.246998,678.681,7
12474,5.380677,1033.664,3
12475,5.811652,247.221,10
12477,6.840021,18532.931,31
12480,3.801442,661.431,7
12481,5.065426,1148.765,10
12482,4.997264,741.835,9
12483,4.194488,19.351,2
12484,4.462324,51.345,6
12485,3.52807,6.603,2
12486,4.442362,1345.029,3
12487,4.200236,3658.68,8
12489,5.325878,110.964,5
12490,5.803546,170.811,5
12491,5.174276,1666.618,14
12492,3.52807,247.63,2
12493,3.932508,390.554,5
12494,5.045464,785.464,9
12495,5.394118,172.739,3
12496,5.584645,3.308,2
12498,6.242051,5141.354,15
12501,6.154907,2218.575,11
12502,3.995679,1070.46,9
12503,4.981164,595.706,2
12507,5.763055,329.252,3
12508,8.655769,17122.135,21
12512,5.422327,6.057,3
12513,5.925778,1820.178,6
12514,5.438304,2973.065,13
12515,5.089596,1824.384,14
12516,6.39881,1636.761,5
12517,6.425203,332.572,3
12518,8.865098,6219.664,12
12520,7.953163,3003.142,12
12521,5.285062,1705.994,13
12522,6.454571,5314.342,18
12523,3.977104,1826.976,7
12524,6.96138,17024.283,28
12525,4.892086,3522.895,10
12526,5.585129,3712.917,7
12527,7.157505,1201.884,4
12528,6.463053,12977.007,25
12529,5.621417,2686.97,20
12530,5.925778,79.138,6
12531,4.761388,3193.421,18
12533,5.739685,25611.339,49
12534,7.247543,17595.969,34
12538,6.625412,13857.709,22
12540,5.330601,8017.962,24
12541,3.564103,1.496,2
12542,6.146427,5630.458,14
12543,8.14386,3266.349,7
12544,5.925778,2.029,6
12545,6.59533,4640.809,24
12546,7.044563,2947.019,7
12547,6.294564,2734.868,10
12548,4.977935,2143.117,7
12549,9.289258,8884.89,21
12550,9.285416,38586.473,42
12551,11.357789,1382.555,5
12553,8.109438,17735.256,30
12561,7.142701,17904.842,29
12563,7.774646,2519.747,6
12564,6.980766,7235.752,13
12565,5.925778,79.138,6
12566,5.963377,5038.182,14
12567,5.807641,2733.864,13
12569,6.407592,9934.43,18
12570,4.965657,6713.4,14
12571,6.580821,9907.86,20
12572,8.122044,9523.69,24
12574,7.163282,303.895,3
12575,5.783327,172.854,4
12577,7.120029,843.544,9
12578,5.187145,2170.412,15
12580,6.251325,4086.05,12
12581,5.235484,2418.006,8
12582,3.96424,7000.902,16
12583,5.642696,3361.747,12
12584,9.999253,820.935,3
12585,4.579498,875.626,7
12586,6.543529,1268.071,8
12589,5.333086,11764.091,23
12590,6.832802,35360.937,51
12592,6.144654,1394.196,11
12594,5.888415,3939.413,11
12601,8.052476,36608.734,65
12602,10.899107,1607.67,4
12603,7.088774,30481.786,55
12701,4.600798,5467.269,9
12719,5.368828,1276.356,4
12720,5.724806,177.448,3
12721,4.920182,1486.563,12
12723,6.349559,2337.421,8
12724,5.634332,13.012,3
12725,4.286806,238.118,6
12726,3.978828,1058.331,7
12729,4.765865,1682.083,11
12732,5.555498,900.899,4
12733,5.19518,953.989,8
12734,5.297954,1248.161,13
12736,3,30.121,1
12737,4.241719,1767.774,2
12738,4.036343,179.272,3
12740,4.888604,1680.704,7
12741,3.288368,222.49,3
12742,4.284252,187.366,6
12743,5.609107,368.935,2
12745,6.380752,87.511,5
12746,5.440163,1069.556,6
12747,5.726386,1603.644,7
12748,5.878738,1852.952,11
12749,4.298182,30.426,2
12750,6.851147,62.937,2
12751,4.214989,617.835,2
12752,3.241379,219.058,2
12754,7.987609,2460.351,17
12758,5.294794,2101.962,23
12760,4.771534,702.451,5
12762,4.46444,228.498,9
12763,4.042243,1037.503,5
12764,5.578009,1823.989,8
12765,5.202551,756.938,4
12766,5.346399,493.757,4
12767,3,5.02,1
12768,7.842324,877.713,8
12770,4.241719,158.941,2
12771,7.669604,14446.399,17
12775,4.036343,28.812,3
12776,3.675345,1597.348,15
12777,4.742472,46.13,4
12778,5.724806,123.28,3
12779,5.67819,1284.638,7
12780,3.797215,2302.781,10
12783,4.539545,2241.06,8
12785,3.719288,346.181,3
12786,5.566446,603.016,5
12787,4.054795,116.387,3
12788,4.794943,842.646,7
12789,5.163874,3075.1,7
12791,5.551796,214.171,6
12792,5.609107,125.681,2
12801,10.104826,14345.719,12
12803,7.992992,8346.731,5
12804,7.025884,13788.328,16
12808,5.091885,362.148,3
12809,4.123181,3499.89,10
12810,3.528102,595.18,2
12811,5.832102,161.221,2
12812,6.415335,147.583,2
12814,5.196477,1344.789,6
12815,5.091885,1087.947,3
12816,4.492315,4505.059,8
12817,7.051637,326.82,3
12819,3.483819,216.559,2
12822,8.802359,2909.759,3
12823,5.693092,157.336,6
12824,5.196829,781.505,3
12827,3.554337,780.753,2
12828,6.07101,1609.871,6
12831,4.411035,3813.304,2
12832,3.0844,1379.843,4
12833,5.083288,3942.132,6
12834,5.300885,6362.032,12
12835,3.833333,1441.241,1
12836,5.091885,662.686,3
12837,5.393911,374.87,5
12838,3.554337,495.058,2
12839,8.533016,7133,3
12841,3.483819,277.61,2
12842,6.415335,740.685,2
12843,5.756887,580.629,4
12844,6.234434,68.93,2
12845,6.30978,875.987,5
12846,4.825596,3196.802,3
12847,6.205532,374.464,4
12850,5.180128,1839.773,7
12851,4.41012,305.386,2
12852,4.41012,394.716,2
12853,5.754269,872.957,4
12855,4.41012,292.921,2
12856,5.832102,263.501,2
12857,4.665449,511.189,4
12858,5.774011,72.99,2
12859,5.059854,1547.286,6
12860,5.091885,145.761,3
12861,3.483819,554.069,2
12862,5.832102,79.744,2
12863,5.022288,750.275,2
12864,6.415335,50.732,2
12865,4.295447,3345.997,15
12866,6.971068,9103.803,17
12870,5.769381,1223.894,4
12871,5.915263,4006.17,7
12872,5.774011,27.574,2
12873,4.893726,920.331,5
12874,5.091885,222.398,3
12878,3.528102,652.044,2
12883,3.496282,76.941,4
12884,7.985882,338.881,5
12885,6.504587,4350.142,13
12886,5.832102,74.543,2
12887,5.346291,4528.018,7
12901,6.548825,18805.814,25
12903,7.362718,94.787,2
12910,3.896382,105.118,9
12911,4.788469,2.115,3
12912,3.489065,942.782,7
12913,4.681766,1023.467,4
12914,3.806215,593.661,8
12916,3.756739,188.588,4
12918,5.600445,724.906,8
12921,4.608544,2029.897,4
12926,3.756739,592.908,4
12928,3.947793,1855.933,2
12932,4.931209,277.965,2
12936,4.931209,578.347,2
12937,3.756739,880.076,4
12941,3.457352,1530.525,4
12944,4.792946,2459.527,5
12945,7.600971,376.223,7
12950,4.931209,533.514,2
12953,7.321613,9526.05,9
12957,3.756739,198.589,4
12958,4.608544,15.116,4
12962,5.09423,2472.829,8
12964,4.41012,41.549,2
12966,5.302595,448.437,6
12967,4.114113,35.826,4
12970,3.680749,335.588,2
12972,4.788469,42.304,3
12975,4.788469,2.115,3
12976,3.680749,426.868,2
12981,3.680749,24.162,2
12983,6.354849,5522.157,11
12986,6.506039,6175.075,11
12987,3.637781,191.076,4
12989,3.707604,1441.7,4
12992,4.019631,4309.532,12
12993,4.931209,248.824,2
12996,5.860955,2165.25,4
12997,4.988626,1345.413,4
13020,3.212542,173.575,2
13021,11.355463,35881.76,46
13027,8.352342,32731.645,36
13028,3.736259,1330.003,3
13029,8.746949,5208.603,8
13030,5.311722,1909.49,4
13031,10.231199,16171.544,28
13033,4.650809,403.661,10
13034,3.610817,218.388,3
13035,6.759695,6213.5,4
13036,5.909325,3654.616,9
13039,6.959168,18224.211,27
13040,3.899202,2493.311,8
13041,5.574948,11959.978,19
13042,4.310415,2617.76,8
13044,3.736259,2444.11,3
13045,7.815459,28779.831,51
13052,4.081804,1720.501,11
13053,6.051767,4827.968,10
13054,4.727767,18.313,5
13057,11.24498,14432.878,27
13060,6.367093,2998.909,12
13061,4.617606,95.11,5
13062,4.467112,145.291,3
13063,3.212542,1094.051,2
13065,5.569984,111.335,4
13066,10.418477,11396.622,16
13068,4.883887,5004.462,18
13069,12.991069,13950.72,21
13072,4.581013,522.696,3
13073,4.923282,6270.345,18
13074,4.816358,3899.19,6
13076,5.841106,2303.293,4
13077,7.563183,3507.043,21
13078,7.661701,8906.724,14
13080,6.322212,2645.016,7
13081,3.946766,2.254,3
13082,4.773528,2894.07,11
13083,4.240709,33.489,3
13084,5.378243,4158.99,13
13088,12.0422,22327.537,35
13089,12.588851,1164.597,5
13090,10.713332,28924.497,34
13092,3.080329,1921.713,10
13101,4.450555,2120.446,11
13102,4.75949,56.929,3
13103,5.840857,78.85,2
13104,10.663514,11706.378,13
13108,8.12991,5839.735,18
13110,3.72946,2523.32,8
13111,4.540532,293.65,3
13112,5.042806,1740.294,14
13114,5.358985,6109.774,6
13115,4.666667,216.561,1
13116,12.209773,3396.197,4
13117,3.620059,261.92,7
13118,4.296986,4875.321,7
13119,8.799465,13.251,3
13120,8.818411,2029.176,18
13122,4.502818,1029.855,7
13123,4.727767,183.126,5
13126,11.670782,27946.424,24
13131,6.021844,1134.107,6
13132,6.022685,141.925,4
13135,9.190957,4304.737,11
13140,4.405312,4225.781,7
13141,4.839666,174.962,6
13142,9,2093,1
13143,5.848126,1871.782,10
13145,4.240709,1.97,3
13146,4.480223,2314.56,12
13148,6.444178,10323.873,19
13152,7.053408,8675.612,17
13153,8.799465,220.302,3
13154,4.811365,27.003,3
13156,6.12931,122.137,6
13157,4.727767,693.843,5
13158,2.659091,1352.382,6
13159,7.431559,4470.368,14
13164,5.054961,2210.894,7
13165,6.550779,10221.503,20
13166,6.364534,4657.969,16
13201,16.434229,821.342,2
13202,16.142765,5490.054,21
13203,14.657286,16201.825,18
13204,14.705672,18613.179,40
13205,12.657886,17870.377,34
13206,14.127008,16929.875,25
13207,13.277936,13139.923,35
13208,14.984946,22360.856,27
13209,12.296617,12598.066,33
13210,14.944873,20780.844,33
13211,13.86242,6274.485,8
13212,10.815968,19538.988,43
13214,13.815326,7874.556,16
13215,7.474719,14536.679,26
13217,14.759102,1033.875,3
13218,16.166667,234.896,1
13219,11.827861,14773.134,28
13220,13.869072,1407.474,2
13224,13.36288,9204.544,21
13244,10.716252,3987.384,15
13290,16.166667,109.162,1
13301,6.486944,96.596,4
13303,3.245675,1222.59,7
13304,6.556419,1548.109,4
13308,4.578213,3379.658,13
13309,5.905323,6021.123,14
13310,5.669462,293.078,3
13313,3.333333,529.725,1
13314,3.107716,17.402,2
13316,5.894733,6664.102,16
13317,5.353426,3634.156,7
13318,3.837232,1145.283,4
13319,8.755903,782.836,8
13320,2.784072,612.336,14
13321,5.899143,894.853,11
13322,4.161111,1340.258,10
13323,8.544907,11220.744,21
13324,4.437614,368.857,8
13325,4.780434,936.548,5
13326,6.419288,3288.46,6
13327,3.994897,497.4,3
13328,7.860267,540.651,5
13329,5.724089,4227.309,10
13331,6.42663,256.002,5
13332,5.235351,1710.119,6
13334,4.581013,216.728,3
13337,6.491545,618.833,4
13338,5.885147,1242.271,10
13339,5.010698,6552.848,18
13340,5.24025,7668.067,22
13343,5.394037,442.503,2
13346,6.849422,6692.479,8
13348,6.207843,1018.847,6
13350,7.443839,9793.288,17
13352,6.890576,84.569,2
13353,7.136197,23.055,2
13354,5.617798,3126.359,14
13355,4.743075,824.944,5
13357,6.189572,10825.774,23
13360,6.2071,240.647,5
13361,4.050861,534.667,8
13363,3.467861,2218.318,5
13364,3.107716,241.141,2
13365,5.968524,8874.421,17
13367,5.233072,1879.197,13
13368,4.79317,582.488,7
13402,5.669462,1360.067,3
13403,4.509687,8235.574,10
13406,4.160314,492.442,5
13407,5.910462,5317.107,17
13410,5.706411,404.859,2
13411,4.51183,31.992,4
13413,9.324118,15201.744,25
13416,4.15795,2260.676,8
13417,12.619843,4056.415,7
13418,3.107716,213.795,2
13420,6.427144,900.738,3
13424,6.070032,2412.729,8
13425,5.938722,193.13,5
13428,5.692361,1531.621,6
13431,4.20831,1017.132,10
13433,4.786537,594.868,8
13435,6.890576,333.445,2
13436,6.205532,84.997,2
13437,4.780434,132.013,5
13438,4.16827,3221.947,12
13439,4.2145,1279.627,10
13440,9.849512,39601.55,43
13441,13.871946,388.282,7
13442,16.39875,1358.551,3
13450,2.627568,60.859,2
13452,5.257933,4422.398,13
13454,2.997905,478.747,8
13456,4.808857,3976.332,20
13459,3.071622,2258.612,12
13460,4.855969,23.486,5
13464,4.581013,6.374,3
13469,4.954478,686.019,7
13470,4.107728,644.151,8
13471,3.986776,3314.604,18
13472,6.427144,85.136,3
13473,4.887128,681.41,7
13475,4.490097,78.533,2
13476,4.850928,577.141,3
13478,4.549003,244.378,5
13480,6.688541,2627.531,11
13483,5.117863,298.428,6
13485,3.107716,964.565,2
13486,3.192195,704.778,5
13488,2.627568,145.693,2
13489,4.647075,511.028,7
13490,4.850928,1098.972,3
13491,3.547015,2469.392,9
13492,7.74826,11601.547,19
13493,4.780434,7.472,5
13494,5.833333,271.344,1
13495,15.878243,1995.834,7
13501,13.185551,36523.594,47
13502,11.370097,26240.952,42
13503,15.683839,569.181,2
13504,13.572065,1105.191,4
13505,14.333333,663.691,1
13601,7.830802,32907.351,33
13602,3.905197,2.987,6
13603,3.905197,7149.063,6
13605,4.413453,1738.103,8
13606,5.121396,130.979,6
13608,4.11217,1566.65,8
13611,4.332644,261.882,5
13612,4.647454,67.085,3
13613,4.113894,2305.63,8
13614,3.615904,223.312,4
13615,5.790456,620.276,3
13616,6.096023,2096.054,3
13617,6.812756,10826.741,26
13619,5.7646,4069.623,10
13620,3.994897,1515.121,3
13621,4.155097,601.612,10
13622,6.096023,5.393,3
13626,4.852429,675.287,8
13630,3.706209,1367.842,11
13632,6.096023,86.287,3
13633,3.423892,232.242,7
13634,5.790456,430.191,3
13635,3.680989,931.573,7
13636,4.240709,100.468,3
13637,5.455834,211.131,10
13642,5.051047,9762.388,27
13645,3.684948,27.736,4
13646,3.935523,2451.715,15
13648,3.850218,1878.555,7
13649,4.114113,164.377,4
13650,4.36583,1484.401,5
13651,4.39956,364.475,2
13652,3.921121,2108.782,12
13654,4.438005,2221.913,14
13655,4.028306,3890.139,6
13656,6.096023,911.406,3
13658,4.177931,2333.485,9
13659,4.342717,573.205,6
13660,4.401948,1685.993,7
13661,4.241507,1437.408,5
13662,6.881972,16063.795,26
13664,3.615904,243.925,4
13665,3.994897,394.252,3
13667,4.111334,3345.958,18
13668,5.237494,3231.148,12
13669,7.677935,16105.471,23
13673,4.21995,214.491,4
13676,6.584675,13759.425,18
13677,7.400193,28.022,5
13678,4.107083,4.786,4
13679,4.196998,842.55,7
13680,3.998887,1126.31,13
13681,3.591639,968.308,11
13682,4.645949,1064.525,6
13683,4.291843,1327.741,2
13684,3.684948,1021.958,4
13685,5.12468,60.312,5
13691,4.342498,2657.07,10
13694,4.311728,1305.626,3
13696,4.114113,149.625,4
13697,4.114113,1907.196,4
13730,4.350051,90.237,3
13731,4.396829,1010.534,14
13732,5.995871,7735.853,7
13733,4.742753,3204.878,8
13734,4.250748,2131.167,11
13736,4.234309,191.905,6
13738,5.255011,64.238,3
13739,3.90387,1032.826,11
13740,5.88817,689.804,3
13743,4.403876,3561.735,14
13744,4.839634,1046.52,9
13745,5.054174,848.5,4
13746,4.069436,2462.859,16
13748,5.4921,3758.507,5
13750,3.612695,173.579,4
13752,4.818833,799.181,11
13753,6.097851,5625.734,19
13754,4.345009,1732.758,7
13755,3.549153,840.093,7
13756,5.67428,465.632,7
13757,3.612695,877.871,4
13760,6.88207,41549.256,53
13761,11.231521,773.367,3
13762,11.231521,26.423,3
13774,5.681991,161.959,4
13775,4.403066,1317.411,3
13776,4.51183,187.383,4
13777,4.240314,576.703,8
13778,4.678826,5462.299,17
13780,4.344606,1000.258,12
13782,4.101131,640.736,11
13783,5.671972,1799.458,7
13784,3.452165,162.113,4
13786,3.612695,15.961,4
13787,3.494204,3280.924,7
13788,5.674198,785.047,7
13790,7.7753,18009.27,36
13795,5.065212,3254.295,6
13796,4.51183,162.246,4
13797,4.104262,2170.26,6
13801,4.39219,751.576,7
13802,4.355908,781.231,6
13803,4.20655,3813.101,16
13806,3.612695,77.811,4
13807,5.45482,1035.267,5
13808,4.51183,1627.029,4
13809,4.277289,1137.477,12
13810,6.11914,103.1,2
13811,4.37439,889.918,16
13812,4.744971,2134.344,7
13813,3.655764,710.918,7
13814,5.483059,55.772,4
13815,7.221953,10615.061,17
13820,7.954988,15001.624,24
13825,4.638534,206.255,9
13826,3.403441,9.229,4
13827,7.410384,12034.085,25
13830,4.529351,4289.557,19
13832,5.483059,65.472,4
13833,3.180917,3985.668,11
13834,4.785974,215.62,3
13835,3.832972,723.587,6
13839,4.403066,87.102,3
13841,4.851669,452.202,11
13842,4.345386,459.06,7
13843,4.509094,916.139,8
13844,5.483059,184.291,4
13845,4.744971,4.508,7
13846,4.266617,300.476,7
13849,4.51183,246.797,4
13850,6.805288,26906.815,31
13851,7.783504,1329.365,5
13856,4.509233,472.322,11
13861,6.686508,170.644,5
13862,4.907006,4133.147,15
13863,4.590255,476.407,10
13864,4.39307,821.082,4
13865,4.346797,510.483,13
13901,7.316877,17758.228,36
13902,17.827918,487.863,2
13903,6.10047,18620.182,36
13904,7.391886,9427.534,35
13905,8.082682,22441.077,43
14001,7.170833,3106.322,12
14004,7.348666,10160.241,23
14005,4.37664,1776.821,5
14006,8.050897,10258.115,13
14008,4.337411,1336.756,12
14009,5.013909,5468.507,20
14011,3.431241,2242.206,16
14012,4.54126,2421.21,10
14013,3.666667,385.577,2
14020,7.512996,12062.138,33
14021,9.854893,1029.703,2
14024,4.302056,2050.284,14
14025,5.808607,2900.869,10
14026,6.678386,764.922,3
14028,3.6544,1471.116,10
14030,5.157238,1693.501,15
14031,7.800971,3025.591,10
14032,6.002939,4346.349,11
14033,5.525067,2271.793,6
14034,3.881254,1794.276,6
14036,4.431652,1004.706,9
14037,3.022837,1177.388,13
14039,3.998086,119.902,3
14040,4.144023,2263.808,9
14041,4.919271,59.734,9
14042,5.082168,4045.076,16
14043,10.043508,24737.201,49
14047,8.18184,6033.087,9
14048,8.149908,14514.671,24
14051,7.81323,14782.503,16
14052,9.967471,11390.924,17
14054,3.477565,1471.513,12
14055,4.611531,1458.814,4
14057,5.134682,8081.635,20
14058,5.382656,2097.54,11
14059,6.894928,9528.224,11
14060,3.669125,426.164,6
14062,4.011154,3267.803,12
14063,6.787024,14222.422,21
14065,3.497198,2001.233,6
14066,4.467289,964.251,11
14067,4.243843,4788.647,11
14068,9.158508,7840.945,10
14069,4.064936,901.865,7
14070,5.676434,5325.753,15
14072,7.157249,12884,6
14075,10.561942,41316.726,39
14080,4.950437,4226.831,7
14081,5.206177,3591.487,15
14082,4.484892,413.838,3
14083,4.484892,74.587,3
14085,9.014158,228.892,6
14086,8.92934,32373.628,37
14091,4.342522,1050.695,8
14092,8.006975,10692.368,16
14094,7.964773,48627.509,46
14095,10.396802,1507.708,3
14098,3.829831,2854.158,8
14101,5.205891,1831.574,17
14102,4.270612,1081.858,3
14103,6.419906,10520.596,16
14105,6.07788,4539.901,12
14108,5.263658,5569.518,13
14109,9.557167,2035.141,3
14111,4.945166,3220.104,13
14113,4.366619,752.655,11
14120,9.535754,27098.854,21
14125,5.400263,3136.022,7
14126,3.422705,690,3
14127,8.096445,28792.798,23
14129,4.865095,1332.8,6
14130,4.14943,50.763,3
14131,4.401622,4868.733,12
14132,5.579605,4501.024,11
14134,5.113686,110.159,6
14135,4.384665,162.598,2
14136,6.530349,4540.762,9
14138,4.127608,1778.689,15
14139,4.56168,1817.496,7
14141,6.481543,7709.017,16
14143,5.321935,1096.75,9
14145,4.029866,1445.953,15
14150,11.806943,40481.89,53
14151,13.646756,961.82,5
14166,4.765363,279.733,7
14167,3.912487,1638.811,12
14169,4.506682,112.211,2
14170,4.528963,1127.258,7
14171,3.172282,1865.421,9
14172,5.424196,3200.658,7
14174,5.47514,5953.798,8
14201,14.372818,4610.817,13
14202,16.738092,2223.374,8
14203,16.954253,1762.103,17
14204,15.578561,5812.553,19
14205,18.5,447.107,1
14206,12.80864,19558.911,37
14207,13.741841,24208.191,34
14208,13.033164,9087.942,24
14209,14.152121,6093.186,19
14210,13.666857,13943.295,23
14211,12.282036,16358.752,44
14212,11.677305,5946.123,21
14213,14.047587,20743.111,36
14214,13.717835,13124.062,34
14215,13.071893,35273.315,56
14216,13.943048,16191.621,35
14217,13.76286,22643.591,40
14218,12.861881,18964.373,48
14219,12.583183,5650.95,17
14220,12.392199,24220.466,45
14221,9.708649,37681.083,45
14222,14.049191,11718.52,33
14223,12.878826,22303.807,40
14224,10.834827,26629.399,40
14225,12.731397,33030.117,43
14226,12.424904,29666.47,35
14227,10.333325,22381.949,30
14228,10.228,22746.875,20
14301,14.093044,11918.113,34
14302,13.413348,707.846,2
14303,13.047844,5959.392,16
14304,11.790611,22292.403,36
14305,12.058607,16310.783,28
14411,4.42347,1029.164,13
14414,12.184309,3299.177,8
14415,5.881544,51.188,3
14416,4.866556,3686.708,21
14418,3.869897,175.87,5
14420,9.919598,20562.939,23
14422,4.882694,2077.685,13
14423,6.722743,4685.71,11
14424,6.371239,14411.625,10
14427,5.041717,1802.88,11
14428,4.841625,8805.971,33
14432,5.978461,674.868,14
14433,5.526531,4456.338,10
14435,4.240685,552.075,8
14437,8.500259,9318.267,22
14445,13.238494,8739.252,19
14450,9.336739,22186.991,31
14453,8.04856,60.254,2
14454,12.019112,8129.011,12
14456,7.110848,12501.686,24
14462,4.184493,578.21,8
14463,4.230418,221.892,3
14464,4.789743,7986.134,11
14467,6.644255,4041.581,10
14468,5.028433,11243.896,17
14470,4.565014,7816.265,18
14472,9.129248,7580.373,11
14475,5.210536,11.382,4
14476,4.40693,1642.001,5
14477,4.372729,1330.867,6
14478,5.196769,1925.462,4
14479,4.760937,199.848,2
14481,4.174667,1786.376,14
14482,5.789947,8149.741,24
14485,11.398117,3688.78,2
14486,4.302182,426.366,3
14487,11.398117,58.813,2
14489,7.170859,6665.027,19
14502,6.784175,6851.395,13
14504,6.170964,2058.512,5
14505,4.514359,4956.82,13
14506,5.210536,1914.402,4
14510,7.751881,4737.666,12
14511,6.002751,597.102,5
14512,6.121394,2614.005,9
14513,7.805625,13095.48,12
14514,7.646361,6838.589,9
14515,10.333333,37.083,1
14516,4.773543,2116.672,12
14517,6.945573,2830.772,12
14519,5.105028,1404.127,11
14521,4.970657,1621.997,5
14522,7.835309,4516.805,9
14525,3.769977,2662.04,21
14526,8.896207,20667.302,20
14527,5.718148,7086.065,7
14530,7.524047,5129.669,23
14532,5.594449,226.353,10
14533,4.299203,1947.995,11
14534,9.205142,24836.878,38
14536,4.221795,817.61,6
14537,6.170964,215.579,5
14539,4.302182,284.244,3
14541,5.569984,26.803,4
14543,5.524009,2701.473,6
14545,4.798858,137.005,3
14546,6.425206,4519.872,14
14547,4.230418,7.564,3
14548,6.182039,2948.457,7
14549,5.380026,391.892,10
14550,5.154549,1620.433,13
14551,5.790994,5021.807,11
14555,5.082716,1533.016,5
14556,2.333333,1672.357,1
14557,4.827442,87.899,6
14559,7.155365,17862.759,24
14561,4.492134,1568.993,8
14564,8.063504,3741.252,8
14568,6.479419,5606.596,10
14569,9.771448,5777.965,22
14571,4.061364,1332.515,8
14572,4.577883,3986.513,13
14580,7.037589,23401.74,27
14586,7.45157,10617.049,12
14589,5.679456,7622.867,14
14590,5.39551,5232.177,8
14591,4.242954,1579.651,19
14592,4.302182,270.311,3
14602,10.156021,848.192,6
14603,15.400417,866.449,3
14604,15.472378,742.646,5
14605,14.28513,8034.996,25
14606,12.142688,13288.648,30
14607,15.964508,11568.254,13
14608,15.322048,11765.99,29
14609,12.742178,41594.429,74
14610,13.054635,14219.064,25
14611,13.570338,15442.719,46
14612,9.099001,33912.589,35
14613,13.204174,14169.265,28
14614,17.056129,62.698,3
14615,11.967439,15510.043,33
14616,10.761673,28239.191,45
14617,11.327342,22285.638,38
14618,12.806566,14029.078,38
14619,12.949147,13905.425,23
14620,13.686837,18350.884,21
14621,12.927117,33503.533,59
14622,11.086411,11880.795,21
14623,10.813101,16699.76,21
14624,9.316656,35790.229,39
14625,8.761373,9913.525,31
14626,10.33134,22667.8,27
14692,10.156021,1434.974,6
14701,8.14952,39091.519,55
14702,10.867457,888.064,4
14706,5.689586,4166.344,10
14707,5.831151,2.277,4
14708,5.809411,191.021,7
14709,4.004159,170.51,6
14710,6.557399,974.709,7
14712,6.089159,3951.69,5
14715,5.831151,286.937,4
14716,4.736288,2394.109,7
14717,4.406441,14.949,3
14718,4.338405,2469.718,12
14719,3.821467,4057.798,17
14722,7.597093,848.755,4
14723,3.789232,1241.763,7
14724,5.774952,2743.07,6
14726,4.170181,1540.24,12
14727,5.758165,4537.161,20
14728,4.336273,943.85,12
14729,3.160029,926.494,4
14731,4.172668,274.601,5
14732,4.514044,51.686,3
14733,6.660541,3736.275,9
14735,4.405298,2174.255,6
14736,4.528689,281.577,3
14737,4.02904,4094.456,10
14738,5.748431,3573.355,10
14739,6.496529,2077.105,11
14740,4.71987,1069.671,5
14741,4.544077,1393.56,11
14742,10.867457,98.813,4
14743,4.018273,1750.733,6
14744,4.406441,1647.357,3
14745,4.406441,17.939,3
14747,4.494786,2326.937,7
14748,6.153098,312.94,4
14750,7.781205,4064.331,11
14752,6.19882,280.723,4
14755,3.814707,2767.871,12
14757,6.542499,2615.392,11
14760,9.676699,17783.604,27
14767,5.90626,654.34,3
14769,4.708271,989.604,3
14770,5.958527,2062.413,4
14772,4.322565,4053,13
14775,4.601293,2448.228,7
14777,4.406441,89.693,3
14779,3.97681,225.528,8
14781,5.891778,1726.594,14
14782,4.172703,1930.025,13
14784,4.589622,759.185,11
14787,6.927371,5072.117,18
14801,4.851659,5365.18,11
14802,7.450649,2313.837,3
14803,6.903884,2015.367,15
14804,6.716979,1780.853,9
14805,4.908179,1177.734,15
14806,4.851762,1936.588,15
14807,5.388353,2835.447,9
14808,5.400958,526.093,3
14809,4.528024,2498.792,12
14810,7.505941,11931.892,22
14812,4.173961,3083.614,14
14813,6.813747,2627.107,9
14814,4.45353,185.529,3
14815,3.765263,1004.409,5
14816,3.586915,84.864,9
14818,3.481865,1958.343,4
14819,3.763178,724.421,12
14820,3.214481,669.837,5
14821,4.338073,3224.579,15
14822,4.01175,842.702,6
14823,5.842623,3734.681,18
14824,4.80569,693.141,15
14825,2.596797,837.235,4
14826,5.152891,2250.036,13
14830,8.981092,18777.361,31
14836,7.081861,889.717,7
14837,3.695584,1140.405,5
14838,3.388164,1489.428,14
14839,2.843292,738.817,5
14840,4.98194,3467.409,11
14841,3.637425,914.26,9
14843,8.262452,12685.137,32
14845,7.180896,10313.492,31
14846,7.397874,561.083,4
14847,5.198424,2359.431,8
14850,7.611903,52188.221,43
14851,6.143669,1112.574,3
14852,6.143669,1014.697,3
14853,10.33973,89.534,20
14855,2.872801,770.168,14
14858,3.534869,1958.894,6
14859,2.911574,1137.409,15
14860,4.970657,1255.804,5
14861,2.712128,1180.573,14
14864,4.00542,1303.749,15
14865,5.467515,2386.978,14
14867,3.654438,5569.593,19
14869,5.086259,1209.01,10
14870,4.267883,2464.032,22
14871,3.471354,2765.067,10
14872,3.754448,552.161,5
14873,4.358968,2348.461,4
14874,3.833333,117.003,1
14877,2.843292,722.026,5
14878,3.603062,495.854,5
14879,4.262852,2101.946,15
14880,6.564714,1581.217,13
14882,4.229222,3835.265,6
14883,4.838361,3567.04,21
14884,3.967857,316.447,7
14885,2.843292,877.345,5
14886,5.63804,6501.671,13
14889,3.386447,1844.059,17
14891,5.768594,4365.378,9
14892,6.684581,7988.821,12
14893,3.522944,22.381,3
14894,3.47571,1490.712,6
14895,5.9861,9712.308,14
14897,5.442061,738.027,12
14898,3.900051,1431.051,7
14901,8.411186,14742.213,38
14902,10.781112,885.872,4
14903,7.536033,5912.881,17
14904,9.369736,9569,12
14905,6.879326,8651.499,17
15001,8.549646,31493.981,38
15003,11.594389,11529.945,13
15005,7.90321,8566.12,11
15007,8.239132,296.901,3
15009,10.793687,15235.467,20
15010,10.504508,20534.879,42
15012,7.652084,10501.967,22
15014,15.269942,3167.771,9
15015,8.666667,1119.423,1
15017,9.564146,15284.938,25
15018,6.351748,800.022,10
15019,6.181052,2385.464,12
15021,6.335558,8010.003,14
15022,7.943441,11720.63,17
15024,8.978003,8914.305,20
15025,9.802681,16691.019,24
15026,4.961873,3915.283,12
15027,11.865859,2197.768,5
15030,11.666667,982.821,1
15031,5.99006,591.172,5
15033,9.426607,4749.978,9
15034,11.816673,1793.615,3
15035,15.555863,2128.393,9
15037,7.781143,10876.009,16
15042,9.20515,4286.85,11
15043,4.512197,2226.095,8
15044,7.833968,22263.132,32
15045,11.635694,4391,5
15046,5.508604,2587.919,3
15049,5.900453,968.5,4
15050,4.628184,2430.664,8
15051,6.104471,561.439,5
15052,4.729772,3295.185,10
15053,6.467075,303.297,3
15055,5.452099,785.563,4
15056,13.166667,1184.568,1
15057,6.819668,15496.104,28
15059,7.085929,4446.929,10
15061,10.229907,12721.626,17
15062,8.335129,7417.858,8
15063,7.607751,11348.262,12
15064,5.942877,448.706,2
15065,12.018583,11384.432,13
15066,10.697286,10859.936,27
15067,8.630003,2234.166,11
15068,8.761588,37084.048,38
15071,8.524101,9478.759,19
15074,10.832102,6710.759,10
15076,6.640364,1144.15,8
15078,6.467075,83.561,3
15083,6.210726,882.999,5
15084,10.91532,9611.108,27
15085,9.338619,7984.284,20
15089,8.266159,5744.594,14
15090,8.001419,6401.165,14
15101,9.146478,25077.954,38
15102,10.169893,28386.372,39
15104,14.975238,6097.078,9
15106,14.595654,15148.235,30
15108,8.764633,41196.791,41
15110,15.203856,5545.942,11
15112,13.957102,3328.678,16
15116,10.408146,14441.264,32
15120,14.573881,17677.793,22
15122,11.671701,18663.739,27
15126,7.632307,6797.828,18
15127,6.062428,994.884,2
15129,7.47752,10603.455,19
15131,10.285564,8464.681,25
15132,14.406001,20128.661,47
15133,8.317266,6367.506,7
15134,15.34698,964.855,2
15135,6.869123,5306.368,6
15136,12.971842,21734.759,30
15137,11.234704,9890.012,21
15139,15.795481,6419.764,9
15140,14.08678,3270.041,11
15143,9.905605,16219.364,21
15144,13.945612,3879.634,6
15145,12.865476,7127.642,16
15146,10.196939,27900.688,42
15147,9.897364,17181.651,36
15148,14.488597,2753.559,21
15201,15.342072,12594.55,22
15202,15.346529,19313.241,36
15203,17.162284,9765.045,19
15204,13.34565,8387.681,13
15205,13.229265,22416.984,41
15206,15.040862,28067.807,51
15207,13.874373,9484.348,25
15208,15.342828,4127.395,11
15209,11.544788,12360.368,29
15210,15.048524,23198.103,56
15211,15.186207,10602.733,20
15212,13.975939,15960.645,37
15213,15.177485,25542.635,32
15214,13.174766,10738.277,26
15215,12.057825,11814.29,24
15216,14.440884,23075.025,46
15217,14.753714,28978.077,40
15218,14.640868,12906.933,16
15219,16.350731,10394.89,42
15220,12.355602,17353.884,43
15221,13.749495,23445.759,49
15222,18.095216,3870.697,9
15223,13.435598,6861.681,25
15224,16.488438,8288.407,22
15225,13.5,1035,1
15226,14.376393,14237.382,44
15227,12.986849,27725.613,40
15228,12.55596,16218.766,45
15229,12.893643,14341.839,25
15230,17.969712,1054.029,6
15232,15.937619,12050.046,31
15233,17.622522,342.263,8
15234,12.597626,15122.951,43
15235,11.057947,34725.517,49
15236,12.133017,30880.542,62
15237,10.502532,40604.726,62
15238,10.464596,13450.298,27
15239,8.174563,21183,29
15241,8.32781,20721.17,31
15243,11.928533,13480.668,19
15244,10.965439,638.539,4
15260,14.643868,97.711,23
15275,9.743251,291.48,8
15276,10.965439,1.391,4
15301,7.561283,47471.562,66
15310,3.073893,290.451,4
15311,4.950668,1357.426,17
15312,4.654732,3707.636,14
15314,6.516989,4587.542,17
15316,4.474566,80.575,3
15317,7.514539,26181.165,26
15320,5.016731,217.261,15
15321,6.521207,1414.988,8
15322,5.803388,2869.413,18
15323,5.498737,4127.282,14
15327,4.688504,1920.194,4
15329,3.536915,1669.897,14
15330,5.117331,5739.766,21
15332,6.145852,8777.373,29
15333,5.289366,1699.672,17
15334,4.826954,149.063,8
15337,3.233167,826.603,9
15338,4.69799,1903.585,8
15340,5.397252,1422.67,7
15341,3.237007,854.708,7
15342,10.952225,1371,2
15344,4.916915,1536.492,8
15345,4.40123,1147.101,6
15349,4.537608,1709.837,11
15352,3.148816,886.076,7
15357,5.35671,1095.965,3
15359,3.073893,27.23,8
15360,4.712144,2280.578,14
15361,5.4688,150.859,6
15362,4.478347,886.853,7
15364,3.352671,888.385,9
15367,6.757869,9079.016,13
15370,7.78538,14720.287,31
15376,6.017613,1869.378,11
15377,3.388764,803.491,7
15380,3.073893,775.142,4
15401,8.443412,32828.247,41
15410,5.479557,1467.02,10
15411,5.646063,648.503,2
15413,5.852815,423.7,6
15417,6.340026,10693.528,20
15419,8.001866,4865.558,4
15423,6.622678,2635.001,15
15424,5.883051,1933.875,8
15425,7.999129,19339.361,26
15427,4.520161,1073.679,8
15428,5.456968,2191.144,6
15429,5.543162,325.511,4
15431,5.701861,4591.632,9
15433,5.223389,1436.939,4
15436,5.848986,2789.501,6
15437,4.346295,2623.472,15
15438,5.29414,1886.534,6
15440,4.274015,362.5,3
15442,5.548524,2951.259,10
15444,5.2731,582.728,6
15445,6.144401,2691.071,6
15446,5.172882,123.184,4
15450,5.223389,270.16,4
15451,4.452822,901.419,4
15456,4.397571,2592.118,11
15458,5.424477,2496.69,4
15459,6.274692,1307.864,5
15461,8.968891,4464.585,14
15462,5.172882,305.497,4
15464,5.403003,1340.161,6
15467,4.452822,140.509,4
15468,5.668127,2831.158,15
15469,5.162967,2253.242,7
15470,4.937574,817.379,5
15473,6.299445,4065.89,11
15474,4.452822,2235.174,4
15478,5.396047,6186.287,16
15479,5.246252,2066.895,5
15480,5.506117,1984.845,11
15486,5.540757,2713.196,9
15488,5.328355,113.6,5
15490,5.107515,594.014,7
15492,6.913385,118.749,3
15501,7.241815,12013.165,26
15521,4.710463,1778.629,6
15522,7.573972,10259.753,19
15530,6.609245,4825.005,14
15531,4.833766,213.91,11
15533,4.321882,1520.568,8
15534,4.973759,864.133,11
15535,7.888332,97.633,5
15536,4.16107,476.774,4
15537,7.156767,6402.401,13
15538,3.973642,785.438,3
15539,4.830763,444.036,3
15540,5.261305,350.533,5
15541,6.221597,4216.97,13
15542,5.392187,1011.738,14
15545,4.500731,2552.774,7
15548,5.02994,48.196,4
15550,5.302654,1690.743,7
15551,5.604658,73.296,4
15552,6.759327,6165.761,15
15554,4.973825,2413.746,11
15555,4.635173,135.83,3
15557,5.603397,2531.145,8
15558,4.766063,1970.538,6
15559,5.257607,1835.607,10
15562,4.820417,177.871,3
15563,5.234256,2838.054,11
15564,3.973642,122.406,3
15565,4.820417,76.23,3
15601,8.246062,36109.464,38
15610,4.872375,3915.571,13
15611,7.166667,22.272,1
15612,6.608088,304.462,6
15613,6.493539,13691.323,23
15615,8.333333,267.193,1
15618,5.537589,839.509,8
15620,6.07201,445.039,7
15622,5.364325,1226.46,10
15623,5.481008,712.74,6
15626,4.828577,13.152,2
15627,7.582348,5312.442,6
15628,6.106084,627.785,3
15631,5.169326,987.907,4
15632,6.152453,5157.707,17
15634,6.689519,551.673,3
15635,8.005467,2.427,2
15636,7.491943,3941.611,9
15637,5.815938,2148.32,5
15639,5.058591,627.052,8
15641,7.847865,496.269,3
15642,7.750828,40623.91,40
15644,8.19312,18618.264,27
15646,6.106084,157.986,3
15647,8.434021,106.465,4
15650,7.999233,19474.742,33
15655,6.582554,283.925,5
15656,7.334292,10177.693,19
15658,7.624054,8655.596,19
15660,6.17082,266.22,2
15661,7.708665,447.845,3
15665,6.646223,1196.904,7
15666,7.593892,16280.279,25
15668,6.838144,12541.534,13
15670,4.65865,200.531,2
15671,4.973268,208.584,4
15672,5.556007,351.798,4
15675,7.261998,783.016,6
15677,6.336328,527.813,5
15678,6.147478,442.847,7
15679,5.180925,3619.794,13
15681,5.181817,2829.631,12
15683,8.827072,8204.605,18
15686,5.622435,859.704,10
15687,6.106084,1299.224,3
15688,5.124437,794.303,2
15690,8.277304,9544.262,23
15692,6.51819,953.45,4
15697,8.347132,2809.897,6
15698,5.43985,144.552,5
15701,7.822319,30027.869,32
15711,4.507653,263.352,4
15713,5.364838,263.424,3
15714,6.953872,6243.931,15
15717,7.467477,9659.987,24
15722,6.064373,2241.118,12
15724,4.30351,2528.627,13
15725,4.762117,1364.356,6
15728,6.019992,3949.731,20
15729,3.875808,1316.893,10
15730,4.208254,148.902,4
15732,4.688644,1380.379,14
15742,4.312533,1223.782,10
15744,4.208254,15.328,4
15747,4.595269,2371.126,10
15748,6.107565,7783.393,24
15750,6.467009,317.844,3
15753,4.947091,515.533,4
15757,4.649473,1722.642,9
15758,4.248195,34.2,3
15759,4.724901,3270.302,14
15760,4.45177,143.247,4
15761,3.026704,101.181,3
15762,4.481332,648.628,11
15763,5.069892,56.577,8
15764,4.208254,118.246,8
15765,5.819401,1763.568,10
15767,6.969426,15123.603,26
15770,4.208254,218.974,4
15771,4.406305,1188.882,10
15772,4.261947,1483.645,7
15773,6.216867,128.528,4
15774,5.046811,3453.717,15
15776,4.208254,78.83,4
15777,3.864709,177.47,4
15778,4.208254,52.554,4
15780,4.208254,188.317,4
15783,3.208876,132.549,2
15784,4.208254,155.471,4
15801,7.955512,19098.216,21
15821,5.303617,214.954,2
15823,4.825932,1446.685,11
15824,7.307535,4936.147,23
15825,6.797409,9607.319,25
15827,5.303617,270.504,2
15828,5.569794,987.807,13
15829,4.730025,973.26,8
15832,3.890045,472.549,5
15834,7.050539,4155.25,7
15840,4.889191,1536.797,12
15845,6.112009,3045.88,7
15846,4.929146,3254.098,10
15848,4.497199,925.179,5
15849,4.566068,1463.755,11
15851,6.92896,6826.856,19
15853,7.321162,6393.892,20
15856,4.510954,947.557,13
15857,6.677303,12688.631,14
15860,4.536002,1384.254,16
15861,3.515299,145.725,3
15863,4.507653,47.594,4
15864,5.002738,2037.965,12
15865,5.09094,1345.494,10
15866,4.447764,217.919,3
15868,5.281783,1809.727,7
15870,3.550652,1114.837,3
15901,10.831139,3104.507,17
15902,8.53765,11220.209,19
15904,8.450012,15461.442,27
15905,7.85832,20598.838,32
15906,8.031376,11094.01,29
15907,12.467769,531.549,2
15909,7.055557,5028.104,10
15920,4.919836,737.083,9
15923,5.970515,1338.821,6
15924,6.064331,807.463,8
15926,5.727621,3162.23,14
15927,6.813138,485.925,11
15928,6.16394,2102.607,4
15929,3.026704,2.811,3
15931,7.642728,10403.112,31
15935,5.854596,2468.426,14
15936,5.350945,1300.718,16
15938,6.498109,2687.283,12
15940,4.55274,3452.639,14
15942,5.847818,1856.835,14
15943,7.885338,3982.248,14
15944,5.115457,3444.857,9
15945,5.385644,225.355,4
15946,7.226991,6849.711,26
15949,3.707529,404.9,4
15952,5.759249,1610.705,5
15953,5.876977,111.105,4
15954,5.519982,2113.599,5
15955,5.623153,2311.076,12
15956,6.151931,3221.795,11
15957,3.664942,499.705,6
15958,5.62905,2034.84,19
15961,4.333887,784.557,12
15963,7.132366,11529.867,25
16001,7.731546,38612.412,45
16002,5.776398,15723.118,33
16003,10.981335,879.61,2
16020,4.446858,1172.092,4
16023,5.103529,4333.073,16
16025,5.234862,5133.773,15
16028,4.99199,1062.505,3
16029,5.578067,24.055,5
16033,6.860709,5870.306,13
16034,5.401024,2046.319,4
16036,5.343855,2.732,4
16037,5.913081,4162.728,22
16038,5.210191,3263.577,10
16040,4.446858,1044.742,4
16041,4.892446,2034.713,9
16045,7.84922,1379.955,11
16046,9.913741,2974.069,8
16049,5.053432,3782.747,14
16050,4.684985,1432.715,10
16051,5.507208,3103.634,19
16052,6.204431,2220.64,13
16053,6.318813,3746.634,15
16055,5.332354,1677.533,17
16056,5.425076,4994.309,15
16057,6.631594,12827.88,31
16059,6.145139,5754.97,14
16061,4.840005,2524.835,11
16063,7.849559,6850.23,15
16066,7.699604,30410.999,19
16101,7.782799,33351.376,59
16102,6.03243,5941.184,21
16105,7.624555,15015.542,18
16110,4.313458,321.541,11
16111,3.439201,1057.21,4
16112,4.75182,1490.487,7
16114,4.253842,461.78,5
16115,5.797188,3407.649,10
16116,5.174991,3195.803,12
16117,7.289564,16636.56,25
16120,4.76297,2372.844,9
16121,8.189218,5332.085,12
16123,5.834036,2085.544,8
16124,4.342223,29.384,11
16125,7.417736,15197.412,27
16127,8.65396,10395.34,26
16130,4.253842,2062.008,5
16131,3.555433,818.412,9
16132,5.138418,19.832,4
16133,3.934608,1147.974,5
16134,4.525269,3595.921,18
16137,5.251109,12381.277,17
16141,5.563745,1861.058,11
16142,6.725671,6381.343,30
16143,4.523449,3022.981,12
16145,4.253842,182.883,5
16146,8.571108,13433.105,35
16148,6.48446,16439.301,49
16150,6.030557,7425.666,23
16151,4.253842,2.286,5
16153,4.082585,491.292,5
16154,4.612793,410.299,8
16156,5.041745,3210.225,12
16157,5.643235,3292.123,22
16159,5.509113,4389.183,12
16201,7.171871,17819.92,40
16210,5.178502,1023.926,6
16214,10.598019,6758.031,11
16217,5.892266,434.857,6
16218,5.13985,1079.555,12
16222,5.238158,2740.902,16
16224,5.700632,1143.624,7
16226,7.740026,8526.777,17
16228,7.253046,424.845,4
16229,6.425276,4470.113,20
16232,6.797566,4226.673,17
16233,5.874063,1024.982,2
16235,5.775733,196.929,6
16238,7.253046,6.965,4
16239,5.8946,3327.269,6
16240,5.111982,1776.79,11
16242,6.492397,4842.834,15
16248,7.289865,195.574,7
16249,5.513031,2298.703,7
16253,5.170318,154.858,4
16254,5.239423,3302.041,8
16255,6.272939,1473.564,7
16256,4.922694,1895.13,7
16258,5.728542,99.722,3
16259,4.56751,1668.812,9
16260,5.880983,373.503,6
16262,5.786737,2702.269,15
16263,5.478287,6.423,4
16301,7.464383,15978.289,30
16311,4.253842,571.51,5
16313,4.795586,2351.226,9
16314,4.848697,5293.51,23
16316,6.405244,5891.297,17
16317,3.151423,1338.894,9
16319,5.408398,1280.355,20
16323,7.608377,12828.515,24
16327,4.149659,2545.415,18
16328,4.530503,204.364,3
16329,5.62254,355.206,8
16331,5.185753,53.921,4
16332,5.874063,50.842,2
16334,5.185753,72.676,4
16335,7.168924,28007.919,42
16340,4.297245,1898.108,15
16341,4.758283,1666.128,7
16342,4.583881,1308.271,3
16343,7.415367,2.418,4
16345,4.359517,3824.041,7
16346,4.990321,3104.744,11
16347,6.010102,2449.503,9
16350,4.272837,2722.944,8
16351,5.166188,1703.16,6
16352,4.084547,2.57,2
16353,4.86139,385.452,6
16354,7.309672,10961.713,32
16360,4.373313,1306.6,9
16362,4.726295,17.894,10
16364,4.324875,896.665,8
16365,7.599039,17215.331,35
16371,5.929149,3387.277,13
16373,5.544512,3206.712,23
16374,5.321345,2144.806,12
16401,7.0858,4359.192,13
16402,4.243231,904.266,9
16403,5.498322,6847.02,34
16404,4.25617,3273.715,18
16405,4.245956,620.16,5
16406,4.941906,3116.886,17
16407,9.632412,11004.993,26
16410,4.289202,1586.328,13
16411,4.019687,1414.665,3
16412,8.716143,11920.58,15
16415,7.700295,8960.915,14
16417,7.109436,8170.247,25
16420,4.26322,693.812,12
16421,3.537502,4.681,5
16423,8.147194,4144.395,8
16424,5.487543,4584.733,14
16426,5.407003,3642.87,13
16428,7.631037,12222.033,12
16430,4.019687,152.24,3
16433,5.162419,5037.493,13
16434,3.953698,2634.139,12
16435,4.780398,1791.383,8
16436,3.817381,787.762,9
16438,6.552298,8755.964,30
16440,5.232784,802.953,6
16441,6.007241,9954.146,28
16442,4.409216,2883.675,17
16443,4.001025,1444.701,5
16444,11.080762,2.713,6
16501,17.852711,1395.236,25
16502,15.082275,12691.688,20
16503,14.312617,15193.194,40
16504,13.53548,16841.666,32
16505,13.182623,18053.071,21
16506,10.678908,22511.775,40
16507,14.539603,8133.386,25
16508,14.906088,16436.549,38
16509,10.579642,28527.838,36
16510,11.974304,16450.259,33
16511,12.156523,10477.763,10
16512,15.618847,1182.672,2
16514,12.862908,1149.758,6
16601,8.851474,27152.724,48
16602,10.268334,24365.368,37
16603,10.943087,765.602,2
16611,4.438285,306.159,7
16613,6.65534,1535.03,16
16616,5.750836,228.907,7
16617,10.839023,1673.953,2
16621,4.605423,277.143,6
16622,4.586556,156.473,4
16623,4.586556,302.08,4
16625,4.41234,3583.335,6
16627,5.136955,2201.802,7
16629,7.498001,60.869,6
16630,9.12759,4755.023,10
16635,6.018947,7294.307,15
16636,7.403514,831.967,13
16637,5.351147,2881.19,9
16638,5.882246,93.082,2
16639,5.523956,968.542,14
16640,5.717837,2118.56,10
16641,6.84769,2892.139,8
16645,4.721305,145.968,5
16646,6.591579,1430.866,11
16647,5.882246,937.318,2
16648,5.362279,7967.511,15
16650,4.936857,2134.21,8
16651,6.298536,6437.696,14
16652,7.089618,13273.891,20
16655,4.146749,1581.161,6
16656,4.939502,1029.816,7
16657,5.264672,1857.611,11
16659,5.184037,348.295,4
16661,4.688048,888.823,6
16662,6.990562,5798.997,12
16664,5.19652,1965.256,7
16666,7.918512,3800.76,15
16667,4.451578,1412.773,6
16668,7.464729,4279.99,17
16669,4.79344,1343.018,8
16670,4.131236,198.708,3
16673,8.276516,5524.241,21
16674,4.809522,408.988,15
16675,7.849469,90.763,5
16678,5.626324,3383.334,17
16679,4.33214,707.712,6
16680,6.322903,287.481,4
16682,4.483441,188.032,3
16683,4.331844,400.15,3
16685,4.586556,389.01,4
16686,6.860413,10942.162,16
16689,4.21256,355.044,6
16691,4.16107,330.513,4
16692,4.966518,667.1,2
16693,5.949406,4165.172,18
16695,5.892265,798.996,7
16701,7.410163,19095.665,23
16720,3.515299,33.5,3
16726,5.483646,315.385,7
16727,5.132749,224.414,9
16729,4.220341,765.362,8
16731,4.209975,2486.8,6
16732,5.474849,53.451,5
16735,7.171358,6733.207,11
16738,5.277209,1359.735,4
16740,5.145454,424.586,5
16743,6.804757,3906.603,7
16744,5.466445,203.928,5
16745,4.224846,449.193,9
16746,4.68578,134.715,3
16748,4.560174,2628.033,13
16749,5.543101,5004.044,18
16750,6.217957,457.303,10
16801,14.84768,52410.542,36
16802,14.64021,230.272,24
16803,10.655212,2679.463,9
16804,18.628234,1141.03,2
16821,5.004161,280.634,5
16822,6.571392,2030.312,9
16823,5.502719,12319.814,17
16827,11.845456,4963.716,6
16828,11.714453,279.385,5
16829,5.976127,774.054,3
16830,8.227404,14080.867,25
16833,6.534421,5260.621,10
16836,4.397079,1364.278,2
16837,6.108539,250.349,6
16838,5.507916,1682.241,7
16839,5.004161,692.815,5
16840,5.004161,178.319,5
16841,5.204763,6680.718,13
16844,4.473455,2698.283,4
16845,5.472661,606.497,9
16850,4.397079,96.916,2
16853,6.849361,89.969,3
16858,4.987605,4859.807,9
16859,5.976127,558.736,3
16860,5.189497,562.66,8
16861,4.63493,293.37,4
16863,5.224599,782.581,18
16864,5.064171,195.3,4
16865,4.331844,96.125,3
16866,7.934817,9557.639,15
16870,4.488211,4516.399,9
16871,5.102402,98.152,6
16874,5.983246,1286.951,10
16877,4.372329,1319.071,4
16878,4.574009,2277.5,8
16879,5.004161,154.933,5
16881,4.277183,2734.887,9
16901,6.633678,10329.694,24
16910,6.75643,45.522,3
16912,5.754904,2345.837,7
16914,5.497114,2257.456,19
16915,7.361787,5148.155,9
16917,4.349524,1359.66,7
16920,5.740335,2114.647,4
16921,4.571474,611.557,7
16922,6.658939,1845.606,10
16923,4.68578,39.486,3
16925,4.307299,3416.61,12
16926,4.901107,916.755,8
16927,6.330369,2.092,4
16928,6.294881,1306.278,12
16929,5.034766,2513.75,7
16930,4.786846,1229.605,5
16932,4.151083,658.603,3
16933,8.109917,6981.707,15
16935,4.907539,1190.293,12
16936,4.723328,2155.314,10
16938,4.726367,882.438,5
16942,5.75043,688.582,12
16943,5.183883,324.343,11
16945,6.473401,34.717,4
16946,4.961527,2489.055,14
16947,6.124049,4814.424,18
16948,6.661713,37.611,3
16950,5.969582,3373.712,12
17001,15.852687,1353.636,4
17002,5.167074,622.847,6
17003,8.230919,9827.75,16
17004,5.401237,5219.194,5
17005,4.626002,22.52,2
17006,4.420049,1436.989,6
17007,6.809414,5168.836,11
17009,9.246787,1801.619,2
17010,12.110949,3.361,2
17011,12.059163,32890.534,51
17013,10.466962,34939.921,33
17014,4.217532,55.978,3
17015,5.949777,18810.405,27
17016,11.900287,584.464,2
17017,5.278334,1750.384,8
17018,5.452171,4428.288,4
17019,4.923541,7309.004,14
17020,5.498002,9105.658,16
17021,3.769507,1009.854,10
17022,8.736989,15613.213,19
17023,10.389804,3728.408,5
17024,5.385564,2011.807,11
17025,10.766568,16975.568,17
17026,5.751687,3717.55,8
17027,7,325.429,1
17028,6.177249,3624.239,5
17029,5.536769,343.27,4
17030,4.626002,442.885,2
17032,8.884516,18.936,7
17033,8.364652,17162.178,35
17034,16.000223,2634.043,6
17035,3.796449,794.44,10
17036,8.563179,22824.353,34
17037,4.800443,940.247,6
17038,6.187399,7940.372,11
17039,5.947203,62.162,3
17040,5.34602,2658.529,10
17041,6.902697,4.806,3
17042,8.403804,38042.73,48
17043,15.970368,6416.548,14
17044,8.506919,15183.514,20
17045,4.963209,3331.881,18
17046,8.332625,31232.617,36
17047,4.689176,2508.087,6
17048,7.247393,4758.221,8
17049,4.364507,321.967,7
17050,9.104784,15435.963,24
17051,4.752511,4658.688,13
17052,4.764661,1381.582,12
17053,6.473566,5032.779,14
17055,10.414339,25137.969,30
17056,5.032406,9.679,4
17057,10.284569,22287.446,26
17058,5.057244,1867.656,7
17059,5.102422,3401.038,13
17060,4.553356,994.875,10
17061,9.919799,7212.876,9
17062,4.948448,4201.559,21
17063,5.243351,3286.766,6
17064,5.677042,669.315,7
17065,5.944417,4313.91,7
17066,7.189055,5341.048,9
17067,8.334601,5942.618,17
17068,5.297818,4395.629,13
17069,3.568244,136.802,3
17070,10.197363,16642.237,27
17073,5.816993,6651.876,14
17074,7.205731,7215.883,21
17077,6.673623,97.161,2
17078,9.1214,16221.186,19
17080,4.626002,213.936,2
17082,5.223164,3329.332,11
17083,11.900287,1.815,2
17084,6.682461,4348.211,8
17086,4.474437,2323.355,7
17087,5.708302,1317.729,6
17088,5.947203,287.131,3
17090,4.940028,5135.493,17
17093,9.964095,1227.711,7
17094,4.995091,2619.453,7
17097,7.663804,26.717,3
17098,6.103012,2289.217,2
17099,9.246787,14.396,2
17101,16.682965,1759.909,13
17102,16.251119,6481.388,18
17103,16.143062,11479.973,36
17104,15.617873,19267.846,20
17105,12.936664,190.554,5
17106,12.936664,1339.87,2
17108,16.687267,1000.983,3
17109,12.561253,22369.451,34
17110,12.024736,23073.836,35
17111,11.061147,29172.21,38
17112,9.689692,24926.799,30
17113,14.636753,5952.271,10
17201,9.75051,22071.618,21
17202,6.264038,18681.906,22
17210,4.321045,103.936,3
17211,3.989873,28.127,4
17212,5.209262,670.721,7
17213,4.429398,618.713,2
17214,6.171331,1921.727,4
17215,4.314472,292.705,6
17217,4.321045,139.493,3
17219,4.321045,538.827,3
17220,4.321045,451.302,3
17221,4.321045,557.973,3
17222,7.199419,2116.5,10
17223,4.16107,300.121,4
17224,5.259672,1765.761,12
17225,6.741471,11170.536,21
17228,4.16107,1052.322,4
17229,4.563458,1186.418,9
17232,4.220437,46.525,2
17233,6.172098,5317.918,13
17236,4.968175,9454.925,13
17238,4.010206,1677.97,11
17239,4.429398,248.806,2
17240,4.365993,1307.081,6
17241,5.894679,7412.376,8
17243,6.533021,1463.811,10
17244,4.220986,2003.758,5
17246,4.220437,175.761,2
17249,6.875339,435.317,5
17250,6.17561,28.488,2
17251,4.220437,2.585,2
17252,4.334034,3777.265,11
17253,6.875339,15.39,5
17255,4.708521,996.35,11
17257,9.00701,6125.861,9
17260,5.168367,1176.664,8
17262,4.321045,1178.855,3
17263,5.476552,138.22,4
17264,6.766932,2663.307,9
17265,4.220437,431.648,2
17266,4.578062,529.522,2
17267,4.005323,2736.198,8
17268,7.141393,24637.645,17
17271,4.321045,432.156,3
17301,4.891454,1318.535,3
17302,4.489829,3208.907,14
17303,4.810442,85.663,5
17304,4.344748,3149.379,6
17306,4.058157,126.775,2
17307,4.747534,5723.945,16
17309,4.763217,2158.596,6
17310,4.810442,2.52,5
17313,12.521967,8123.109,12
17314,4.795438,5830.327,10
17315,10.778766,7782.628,9
17316,4.211981,1294.778,4
17318,9.326846,429.12,4
17319,5.881674,10346.451,16
17320,4.550453,7679.837,6
17321,4.921979,2319.68,6
17322,4.164867,5677.85,13
17323,5.11837,293.163,3
17324,5.03215,4349.341,14
17325,9.190647,28288.32,33
17327,5.657787,6916.882,13
17329,4.450615,2475.549,6
17331,10.693491,35256.848,39
17339,5.131094,6007.81,14
17340,7.246754,10645.388,9
17344,13.855825,3545.583,5
17345,6.999707,7588.357,16
17347,7.269361,5952.831,12
17349,7.277722,5891.228,14
17350,5.951098,2461.066,8
17352,4.644663,1221.982,4
17353,4.8852,3592.334,11
17355,7.492701,117.272,7
17356,8.958641,20276.84,33
17360,5.36576,2139.181,12
17361,7.443741,331.97,7
17362,5.387882,11057.702,19
17363,3.55814,2278.114,7
17364,5.216522,2622.182,6
17366,5.643503,4973.871,18
17368,8.173378,8353.086,19
17370,5.500168,6392.905,18
17371,6.064131,220.7,3
17372,4.454879,4011.129,6
17401,15.917979,18689.6,30
17402,9.954173,18124.895,26
17403,14.489572,29127.428,41
17404,14.558568,17373.5,36
17405,18.090789,550.693,2
17406,8.130481,18385.856,45
17408,8.315576,18486.758,26
17501,8.311015,4079.724,10
17502,4.295178,2743.708,2
17504,8.922861,2.842,2
17505,6.229138,1489.126,13
17507,5.198928,125.175,3
17512,9.775061,18278.965,22
17516,5.078291,4501.447,10
17517,6.480367,13952.612,15
17518,4.479952,1216.336,6
17519,5.246288,1451.222,9
17520,8.564652,5116.25,6
17522,8.145237,29386.339,34
17527,5.727188,5859.468,12
17529,6.631054,4611.91,15
17532,4.63726,3360.195,11
17534,6.68914,171.731,3
17535,5.745099,2333.227,14
17536,7.099154,27.293,5
17538,6.915027,2081.798,3
17540,5.0719,7564.187,7
17543,8.027623,24005.843,23
17545,7.442662,13400.931,30
17547,9.013895,2681.674,4
17551,6.850549,10390.081,18
17552,6.197942,6562.505,13
17554,7.580632,3466.183,13
17555,4.953288,7085.174,14
17557,7.284676,12723.533,17
17560,4.748877,5032.905,14
17562,5.710207,3604.883,9
17563,4.464481,3787.497,6
17565,4.689949,2662.046,14
17566,6.737667,9968.575,17
17567,6.428323,778.842,3
17568,6.071491,2.616,5
17569,6.035465,3552.168,10
17572,6.429724,3594.111,19
17576,7.154452,126.328,5
17578,6.364468,3915.917,11
17579,6.067126,6383.636,9
17582,4.662393,1620.666,4
17584,6.05142,8453.344,16
17601,7.8131,36550.392,41
17602,8.718071,44511.461,57
17603,9.001326,46328.442,61
17604,8.922861,1151.174,2
17605,7.648057,856.318,3
17608,11.613731,1473.92,3
17701,8.940498,41551.381,53
17702,5.138935,4085.324,5
17703,10.859017,994.015,5
17720,8.534174,1.767,2
17721,6.28085,1557.756,15
17723,5.028694,122.215,2
17724,6.31349,4848.399,19
17727,5.014374,66.826,6
17728,4.922682,4128.202,16
17729,6.252123,106.08,7
17730,7.02361,2.344,5
17735,6.75643,51.73,3
17737,6.629605,6832.253,16
17739,5.028694,49.203,2
17740,7.122029,13047.859,22
17742,3.941557,63.76,4
17744,4.832571,3029.822,16
17745,7.068743,12347.147,21
17747,4.749129,3235.71,11
17749,7.02361,25.784,5
17751,6.0472,7778.433,16
17754,7.928807,9375.277,21
17756,6.65049,10835.36,33
17758,3.941557,182.486,4
17760,6.085725,487.042,4
17762,7.459516,6.54,5
17763,4.128504,10.12,2
17764,6.085725,2310.581,4
17765,4.756026,1166.744,8
17769,5.352657,66.496,8
17771,4.465758,2045.179,10
17772,5.496279,2476.906,15
17774,3.969902,1194.97,8
17776,4.441972,282.597,4
17777,6.952947,7574.021,11
17778,6.085725,180.386,4
17779,6.280856,3.785,5
17801,8.21339,15973.585,25
17810,1.957927,4362.729,10
17812,5.009872,1603.779,7
17813,4.914695,2136.374,12
17814,5.431092,4548.099,16
17815,7.598233,23165.335,44
17820,5.433708,5614.894,14
17821,6.676634,19457.59,37
17823,5.020411,1159.717,10
17824,5.396465,4110.016,14
17827,5.06768,624.076,8
17830,5.088174,1880.562,4
17831,8.356195,4.325,6
17832,6.702961,744.737,3
17834,7.85382,3458.688,6
17836,5.088174,201.186,4
17837,7.964524,20153.793,21
17840,6.702961,351.742,3
17841,4.72223,4407.38,6
17842,6.063128,9235.536,17
17844,8.086635,6061.831,18
17845,5.743178,2.378,3
17846,5.016336,3407.994,14
17847,6.152562,4503.211,14
17850,6.253811,1174.117,3
17851,8.745341,7647.581,18
17853,4.829645,3256.03,15
17855,5.743178,1122.218,3
17856,5.563048,4092.754,4
17857,7.644008,7352.011,10
17859,5.292386,3022.593,14
17860,5.599733,2126.906,11
17861,6.571636,18.959,5
17862,6.571636,23.698,5
17864,5.062821,2318.737,8
17865,6.253811,1.505,3
17866,7.511843,10164.824,17
17867,5.088174,144.007,4
17868,5.078012,428.728,3
17870,7.735986,15602.776,21
17872,9.119451,9515.42,28
17876,8.356195,1803.51,6
17878,5.3011,1446.934,8
17881,4.710474,1512.857,3
17884,3.971475,6.351,3
17886,6.079419,995.93,8
17887,5.563048,65.379,4
17888,3.985306,337.351,6
17889,6.179193,2980.511,16
17901,7.631501,17958.419,34
17920,3.985306,7.497,6
17921,8.529282,3739.85,12
17922,5.125791,4636.412,15
17923,5.687202,4.916,4
17925,5.408027,471.544,5
17929,7.244649,1541.413,11
17930,5.591098,201.734,6
17931,9.659846,4588.268,13
17934,5.428053,492.163,4
17938,5.499963,2598.429,9
17941,4.313179,792.393,7
17948,7.842133,6250.222,11
17949,5.428053,332.874,4
17951,7.228726,59.919,8
17952,5.407825,345,2
17953,5.416049,249.356,3
17954,9.691332,4536.97,10
17957,7.387776,312.092,3
17959,5.416049,1766.273,3
17960,5.014794,4013.565,10
17961,7.065851,6861.668,17
17963,6.011436,9030.11,24
17964,4.142703,671.839,7
17965,8.260694,2136.134,4
17967,4.665626,2794.732,10
17968,5.685374,289.616,4
17970,8.558398,3165.607,7
17972,7.852478,11594.794,24
17974,7.088386,126.414,4
17976,7.915844,6765.827,20
17978,4.703455,368.488,6
17979,5.748221,2.276,4
17980,7.225284,3197.278,9
17981,5.823309,2984.735,7
17982,5.407825,180,2
17983,5.685374,1614.214,4
17985,4.621705,1436.864,10
18002,8.921024,1981.495,2
18011,5.898129,4792.112,7
18013,5.466019,10780.278,18
18014,6.641721,11484.096,22
18015,13.878231,28805.481,33
18017,12.358243,33631.81,42
18018,15.004845,27503.544,36
18020,12.441772,19176.802,22
18031,5.591621,438.299,5
18032,14.996966,9401.166,12
18034,7.888818,8343.31,9
18035,5.235938,173.749,7
18036,6.40794,13860.74,23
18037,10.482437,7258.144,15
18038,4.811271,3011.639,10
18039,6.815176,4.261,2
18040,9.330557,7573.287,17
18041,7.579284,5388.103,19
18042,13.811511,40927.465,39
18043,16.659029,1418.072,3
18044,18.126907,937.729,3
18045,12.26879,18530.961,32
18049,12.516335,16877.823,28
18051,5.632209,2246.082,6
18052,12.94713,27455.087,32
18053,4.864511,2407.394,6
18054,5.581655,4827.861,23
18055,11.953813,9730.615,19
18056,6.320821,1028.33,2
18058,4.778837,2751.562,8
18059,5.802672,1311.458,5
18062,8.281618,8678.503,17
18063,3.718178,833.499,3
18064,5.969229,19259.653,26
18065,16.732017,76.621,3
18066,5.18842,5769.578,10
18067,10.898881,18645.805,26
18069,10.555649,6397.803,13
18070,6.719118,780.888,5
18071,8.677704,5798.938,11
18072,11.058394,6649.026,9
18073,8.055834,10192.514,17
18074,5.128704,5137.677,10
18076,8.498654,2783.189,9
18077,6.371098,2081.027,12
18078,8.953878,7559.244,17
18079,5.301336,340.527,9
18080,7.978459,11913.8,18
18081,5.668417,1066.964,3
18083,12.295965,809.578,5
18084,6.235209,110.462,7
18085,12.295965,1011.083,2
18086,5.323499,2.197,4
18087,11.487339,1660.875,2
18088,7.687654,8791.21,12
18091,9.706572,5792.129,14
18092,4.574282,3278.856,8
18101,16.823146,3728.363,16
18102,16.241715,49586.119,52
18103,13.541249,46421.475,52
18104,13.831978,37699.898,49
18105,17.422296,1421.439,2
18106,10.785708,7625.34,10
18109,16.108091,10293.948,24
18201,9.505654,25955.045,35
18202,8.735285,13556.449,33
18210,5.351064,635.731,4
18211,4.684477,1211.275,4
18214,4.904502,4278.162,14
18216,6.781236,518.796,5
18218,5.420907,2162,3
18219,7.879322,1493.124,2
18220,6.202724,248.946,4
18221,9.994929,3.807,3
18222,7.769208,1072.427,14
18224,7.777875,5764.292,11
18229,6.578255,8732.248,11
18231,9.254202,5.712,2
18232,7.860119,3808,5
18234,12.003114,2.08,4
18235,8.51542,10035.848,12
18237,8.254486,3531.154,6
18240,6.202724,686.17,4
18241,4.677698,249.434,4
18245,6.202724,198.738,4
18248,4.677698,2.227,4
18249,7.017471,4094.073,11
18250,7.529076,7.916,3
18252,7.414299,11042.302,24
18255,3.998661,127.281,3
18256,5.044783,5.62,2
18301,11.841793,15490.328,10
18302,4.544464,2453.052,6
18321,7.5,13.717,3
18322,8.109549,2457.393,3
18323,5.442712,13.266,3
18324,3.833333,2.015,3
18325,5.154863,1720.874,5
18326,5.207115,3558.251,8
18327,7.8895,638.498,2
18328,4.947332,7091.676,9
18330,5.734572,4078.735,5
18331,8.109549,287.78,3
18332,6.803703,1994.392,5
18335,14.567737,910.927,3
18336,9.098943,3830.404,4
18337,7.619409,8839.603,9
18340,7.333333,1.494,1
18342,5.442712,1.895,3
18343,4.718219,4195.706,6
18344,7.691023,27.307,3
18346,8.439384,1360.085,2
18347,6.025553,1714.052,4
18350,8.439384,119.934,2
18351,4.331894,140.015,4
18353,4.734924,8821.236,13
18354,7.367506,1005.314,8
18355,7.691023,1324.372,3
18356,7.8895,527.586,2
18357,5.442712,1.895,3
18360,6.541525,8946.912,15
18370,7.691023,821.475,3
18372,7.691023,962.559,3
18403,7.264622,6887.877,15
18405,6.587751,1983.997,8
18407,7.166228,13845.905,20
18410,9.256683,534.378,4
18411,7.207238,20881.241,21
18413,8.666667,106.669,2
18414,6.034521,5339.005,29
18415,4.510675,1335.074,6
18417,5.087408,1091.894,9
18419,5.559989,5077.435,29
18420,4.885616,181.158,3
18421,6.780504,4819.182,19
18424,5.457159,5647.936,20
18425,4.901849,1072.616,3
18426,8.223825,373.566,7
18428,7.621961,4700.061,12
18430,4.540608,35.372,5
18431,7.658332,12704.278,30
18433,6.539502,6438.503,21
18434,8.551162,4174.79,8
18435,4.499064,168.378,2
18436,6.228128,1384.877,10
18437,4.985148,144.716,5
18439,4.726784,405.729,5
18441,4.854513,218.547,4
18443,4.458518,462.727,4
18444,5.092227,6845.408,22
18445,6.560272,1899.627,4
18446,5.276548,2943.345,15
18447,7.636082,10198.831,34
18451,8.333333,84.953,1
18452,8.209981,4754.924,9
18453,4.782423,970.728,10
18454,4.640204,2.935,3
18455,4.704834,95.357,5
18456,4.714702,406.954,9
18458,6.040107,2872.506,10
18460,6.658123,189.547,2
18461,4.954866,291.825,5
18462,4.640204,419.72,3
18463,6.658123,156.867,2
18464,7.014145,474.42,2
18465,4.640204,233.341,3
18466,6.541559,2864.855,6
18469,4.458518,425.709,4
18470,4.811753,1000.296,7
18471,6.987344,1025.441,10
18472,5.865866,6364.36,16
18473,6.200812,92.401,4
18501,12.367965,635.151,2
18503,12.350145,1119.007,19
18504,8.59169,21480.23,30
18505,9.152355,20414.935,38
18507,9.039912,4850.312,12
18508,9.942456,12520.019,21
18509,9.929807,13054.215,28
18510,9.626345,13623.224,28
18512,8.892192,12281.67,20
18517,8.326973,4893.299,10
18518,8.252175,8043.628,15
18519,9.425441,4935.024,7
18602,4.225653,276.972,4
18603,7.734196,18848.024,23
18610,5.865669,322.106,6
18612,6.916302,16405.229,43
18614,3.878516,85.135,8
18615,5.138603,1580.156,15
18616,4.897376,19.882,4
18617,4.047358,2640.02,5
18618,5.200602,3735.605,9
18621,4.257125,5130.192,15
18622,4.469529,177.362,3
18623,5.1861,2627.294,21
18624,5.224237,525.378,2
18625,5.271801,684.949,4
18629,3.805437,1871.861,6
18630,4.037996,3131.312,16
18631,6.600639,842.79,2
18634,6.746309,12538.773,20
18635,5.840082,4245.429,10
18636,5.022728,1433.079,7
18640,7.960501,15532.15,25
18641,7.97412,6751.284,20
18642,7.190906,4370.035,5
18643,8.131464,12543.962,17
18644,7.352345,7565.669,28
18651,7.702308,8939.051,20
18655,4.984981,5861.836,28
18656,4.744225,2294.545,7
18657,6.453107,11193.579,24
18660,4.637016,3763.784,10
18661,5.262643,5761.966,15
18701,10.959972,3187.742,15
18702,8.401478,38449.581,59
18703,10.562555,1343.788,3
18704,8.988358,30426.185,39
18705,8.211004,14432.496,23
18706,7.88505,15975.839,24
18707,5.674984,15599.77,14
18708,5.937966,10679.946,24
18709,8.926157,2780.234,10
18710,10.562555,38.659,3
18801,6.255497,8576.882,21
18810,8.09877,4091.118,18
18812,4.983045,1729.166,6
18814,11.034211,93.068,3
18816,4.846907,2.345,4
18817,5.263377,104.054,4
18818,4.651604,1154.245,10
18821,7.819572,1173.015,4
18822,6.800702,3415.875,11
18823,6.835777,183.934,4
18824,4.84861,1362.929,8
18826,5.560719,1838.831,16
18828,3.978877,309.96,6
18829,4.6469,781.891,7
18830,4.631439,638.645,7
18831,5.167189,1106.37,13
18832,4.459312,1754.852,9
18833,4.236484,1976.134,9
18834,6.768082,3404.805,15
18837,4.084477,2908.98,14
18840,8.725293,6415.28,18
18842,4.854513,5.652,4
18843,7.85843,1.944,4
18844,4.824584,1762.979,7
18845,4.647295,338.831,4
18846,4.108416,811.869,11
18847,6.277837,4499.598,15
18848,7.112867,9083.718,26
18850,4.609943,2425.828,22
18851,4.647295,726.067,4
18853,6.006545,4116.89,17
18854,5.552038,1456.188,10
18901,10.416686,28049.142,26
18902,7.214017,18236.501,15
18912,8.591895,1205.971,2
18913,7.166667,129.051,1
18914,8.606031,19899.119,29
18915,10.336698,1649.336,4
18917,8.982537,2224.799,7
18920,5.885132,581.017,4
18923,6.900394,861.559,12
18925,7.665212,5266.963,14
18927,7.025831,158.767,6
18928,7.833333,874.4,1
18929,7.334666,8541.482,10
18930,6.275428,2404.075,9
18931,7.065495,1227.745,3
18932,7.93632,551.221,10
18933,7.016961,314.225,2
18934,7.350631,139.689,7
18935,6.087443,4.544,4
18936,11.239178,1147.733,14
18938,7.557548,11949.077,11
18940,8.7829,26247.665,26
18942,6.305813,3079.776,8
18944,7.136861,23605.12,22
18947,6.915023,6085.532,11
18949,8.266335,1200.725,2
18950,5.999431,982.167,5
18951,7.392245,33496.238,34
18953,6.546381,4.925,2
18954,7.133027,9628.458,16
18955,7.143715,2073.082,8
18957,6.653595,2.987,2
18960,6.858498,12482.814,21
18962,6.993505,1008.193,3
18963,6.899327,889.496,3
18964,12.112341,13354.914,30
18966,7.937965,37540.569,35
18969,8.603987,16580.053,25
18970,6.087443,1369.928,4
18972,6.27995,3099.582,7
18974,8.936787,36518.023,36
18976,11.712968,12108.741,14
18977,6.678472,326.721,2
19001,13.559129,16905.427,33
19002,10.141129,30003.279,46
19003,14.87029,12079.811,31
19004,14.367908,9659.324,14
19006,11.242785,21433.576,43
19007,13.329228,21475.85,31
19008,12.64366,20758.81,22
19009,13.822749,1135.669,6
19010,11.981653,21116.973,27
19012,12.892886,6902.857,7
19013,14.438803,35166.203,51
19014,11.614982,20371.232,23
19015,12.327517,16012.425,20
19016,16.775398,761.546,3
19017,9.238847,628.986,2
19018,14.443572,19905.628,28
19020,12.641171,45638.522,38
19021,11.216049,9634.862,10
19022,15.314282,4077.207,11
19023,15.312391,22402.338,22
19025,10.317677,6256.709,8
19026,14.508513,29117.011,37
19027,14.277452,18639.54,29
19028,7.465696,1130.231,3
19029,13.87138,4109,4
19030,11.629629,12229.757,26
19031,12.976751,5197.541,11
19032,13.670829,6757.482,12
19033,13.977722,7335.289,23
19034,10.629481,6701.26,14
19035,8.02061,4299.861,15
19036,14.085901,12581.245,24
19038,13.361328,30625.622,33
19040,10.996976,19485.61,36
19041,11.202647,5887.85,13
19043,14.637861,2832.745,8
19044,10.527137,16212.174,22
19046,14.491905,18924.537,34
19047,11.232873,35196.459,49
19050,14.535592,28711.846,32
19052,7.591466,160.042,2
19053,12.352878,26403.283,31
19054,9.485689,16087.703,26
19055,10.368164,11872.462,17
19056,12.093593,15052.279,25
19057,11.203143,17685.359,38
19058,10.376193,1889.121,5
19060,9.238847,26.837,2
19061,13.103151,11750.27,13
19063,10.322831,36796.6,55
19064,13.106,24546.176,41
19066,13.727165,5554.544,13
19067,9.314374,52024.83,40
19070,14.710005,6985.598,12
19072,13.654328,8866.634,18
19073,10.84926,18159.143,25
19074,12.523566,5896.911,12
19075,9.62222,7209.028,11
19076,14.906618,6502.136,9
19078,13.485445,11488.239,21
19079,15.081971,9150.642,10
19081,13.894291,10132.202,20
19082,15.462549,40156.812,42
19083,13.767133,35740.869,47
19085,9.85364,6335.535,17
19086,10.441094,11868.069,22
19087,10.939868,25008.145,29
19090,13.879596,18389.883,42
19094,14.306771,4690.982,12
19095,13.226813,8091.012,14
19096,13.584414,10093.742,30
19102,18.222543,776.08,9
19103,17.392595,11925.209,12
19104,16.122078,47675.421,66
19105,19.333333,760.078,1
19106,18.285142,6976.751,15
19107,17.59968,13323.37,15
19109,16.833333,1.634,1
19110,16.833333,172.117,1
19111,14.637871,67539.436,72
19114,13.582149,32215.606,36
19115,13.170891,34801.753,29
19116,14.073114,34826.546,20
19118,15.236887,10826.101,26
19119,14.151468,27981.476,39
19120,14.454199,73687.596,68
19121,14.752695,27074.532,54
19122,16.294241,21690.83,34
19123,17.027138,11189.499,14
19124,15.028376,63467.015,78
19125,16.296271,17918.791,50
19126,14.158986,16629.628,39
19127,15.515447,6882.088,20
19128,13.93155,37534.099,44
19129,14.711004,4361.525,22
19130,15.708447,22686.709,27
19131,14.349467,44340.45,62
19132,14.401265,32530.163,56
19133,14.830545,26577.503,45
19134,15.201622,51874.927,70
19135,14.215247,35095.961,55
19136,14.401477,34999.552,41
19137,14.219446,8538.809,31
19138,14.288793,32998.903,67
19139,14.834395,45014.629,65
19140,14.896221,50871.395,86
19141,14.785839,33633.634,47
19142,14.910913,27663.356,38
19143,14.447527,62014.776,97
19144,14.285161,43579.808,67
19145,15.061572,47708.078,66
19146,15.303925,30149.37,53
19147,17.084617,38310.694,49
19148,15.749534,43513.06,46
19149,14.843687,57766.924,72
19150,14.056522,23133.267,51
19151,14.830053,33955.334,48
19152,14.163869,35924.317,31
19153,14.815861,13566.984,19
19154,12.595907,33671.701,25
19301,12.336885,6943.162,18
19310,6.57217,2726.022,4
19311,6.399502,4449.466,12
19312,9.644661,10912.769,21
19317,7.314462,6994.553,8
19319,8.5,60.808,1
19320,6.93484,51781.414,42
19330,5.401611,5739.222,5
19333,11.732311,7883.405,20
19335,8.406154,39939.981,37
19341,10.840915,10378.242,18
19342,8.978948,3948.242,17
19343,6.045751,6398.205,12
19344,5.891777,13205.918,18
19348,7.9005,23730.313,24
19350,5.080038,11240.398,8
19352,5.54899,9001.491,10
19355,10.30221,20452.174,24
19358,4.5,2.442,1
19362,5.990123,3619.412,6
19363,7.173973,18564.369,13
19365,7.345971,6695.937,9
19369,8.285991,959.905,2
19372,7.667678,3105.976,8
19373,8.5,15.202,1
19374,6.461421,864.21,6
19375,12.490627,691.064,2
19380,9.898007,45717.242,47
19381,15.909189,1158.651,3
19382,9.921345,48960.303,47
19390,7.98805,9582.119,10
19395,8.5,914.015,1
19399,13.277122,1339.195,3
19401,15.151784,39402.724,41
19403,10.607669,43610.883,34
19404,16.267435,991.545,3
19405,14.563043,5312.34,19
19406,11.48104,20594.87,25
19407,8.664656,505.574,2
19408,12.372317,1308.489,3
19421,6.854004,4.018,2
19422,11.571821,18969.462,27
19425,7.58039,9848.144,10
19426,9.856446,32951.071,25
19428,13.236392,13625.507,34
19435,5.796217,219.984,2
19436,7.900467,878.99,3
19437,7.900467,1233.21,3
19438,7.350638,23672.295,28
19440,10.33101,18473.025,20
19442,17.3603,1023.536,4
19443,8.692762,599.081,3
19444,12.03076,10083.496,11
19446,10.309771,54466.801,55
19450,9.05427,654.044,3
19451,9.05427,13.382,3
19454,9.642129,28920.208,27
19457,6.521664,776.559,3
19460,11.734528,27313.844,34
19462,11.902805,15309.951,24
19464,10.285908,45643.345,48
19465,6.92215,16442.982,13
19468,9.602802,28132.929,17
19473,7.893342,15381.348,17
19474,8.231449,2046.486,3
19475,9.981852,11301.7,12
19477,7.902248,746.072,5
19478,6.591477,2.646,2
19481,7.593439,651.25,2
19482,7.593439,43.097,2
19490,7.402054,1235.806,2
19492,4.031988,1040.116,4
19501,6.152901,342.776,5
19503,6.095827,1340.297,6
19504,5.89192,4899.303,14
19505,6.039741,3720.708,10
19506,6.160102,4641.069,14
19507,5.044171,3281.53,3
19508,8.150392,8850.311,15
19512,7.318747,16626.317,23
19516,3.208656,2.442,2
19518,5.862151,9079.817,16
19520,6.956421,5883.322,12
19522,8.207485,5824.397,7
19525,7.633912,7372.479,19
19526,7.532078,9261.01,13
19529,5.044855,1311.325,5
19530,8.641608,7552.872,7
19533,7.412376,6585.331,9
19535,5.358447,2.341,2
19539,5.578156,153.98,5
19540,6.828304,10134.155,18
19541,3.667377,4291.051,7
19543,6.538796,4954.151,10
19547,4.110807,721.289,8
19549,6.205133,2.239,3
19551,7.388493,3679.609,8
19554,5.683478,459.495,6
19555,7.164121,3228.766,5
19559,5.044171,62.222,3
19560,8.127509,6817.249,10
19564,6.209208,1.784,2
19565,7.559718,80.188,5
19567,7.559718,3167.443,8
19601,8.76647,31923.963,44
19602,9.31415,15152.673,23
19603,9.829297,1550.052,5
19604,9.105514,25468.33,35
19605,9.390721,9886.91,24
19606,8.088663,15173.69,17
19607,8.91124,21684.482,27
19608,7.607983,8490.855,19
19609,8.836395,9776.833,19
19610,8.857746,16114.748,24
19611,10.017027,11275.988,15
19612,11.173011,2113.521,2
19701,7.998113,32644.357,28
19702,11.225184,32726.225,31
19703,12.516687,10390.089,11
19706,9.023302,2040.439,3
19707,6.843434,9535.249,14
19709,5.333333,5381.828,2
19710,11.802253,664.345,2
19711,9.989714,45058.294,50
19713,10.581806,29112.425,27
19714,14.349265,1649.36,2
19715,16.5,908.312,1
19716,14.449494,43.361,8
19717,14.349265,2705.12,2
19720,11.601388,47230.778,42
19731,5.333333,103.172,2
19732,9.479781,191.376,6
19733,8.354408,338.592,5
19734,2.552138,2820.127,4
19735,11.802253,2.047,2
19736,8.839142,62.606,9
19801,14.213191,14939.439,36
19802,15.082696,25622.917,30
19803,11.382144,21389.34,30
19804,13.182957,17448.616,40
19805,14.064201,38050.274,52
19806,15.203495,10473.398,19
19807,10.491029,6937.509,31
19808,10.519094,39166.966,45
19809,13.192916,12177.194,16
19810,12.54721,25855.747,26
19899,17.963659,698.626,2
19901,11.832378,27356.953,26
19903,15.5,1110.597,1
19904,11.319172,25765.573,23
19930,9.513367,2763.29,14
19931,4.315829,247.564,2
19933,5.340853,4738.059,16
19934,9.298197,12606.442,14
19938,5.505556,7570.881,9
19940,6.487859,5322.605,5
19941,4.954125,3128.958,8
19943,6.595008,3322.308,10
19944,12.694037,610.12,2
19945,5.377311,2706.367,7
19946,5.107647,2544.757,6
19947,8.042618,12249.738,17
19950,4.222983,4341.431,8
19951,4.863192,115.851,2
19952,6.944793,9950.77,11
19953,4.78357,4578.669,9
19954,3.813865,1383.864,7
19955,3.344717,4.634,3
19956,7.348872,15158.242,16
19960,4.572684,6863.679,13
19962,9.355235,21.093,2
19963,9.263295,19497.495,19
19964,4.440151,1258.016,4
19966,5.844656,12437.956,14
19967,5.162634,1103.327,2
19968,8.752234,4258.688,8
19970,6.426403,1550.718,6
19971,12.801945,2777,9
19973,7.65543,24698.038,19
19975,7.73028,3559.71,2
19977,7.620429,12241.254,15
19979,4.972736,670.749,2
19980,4.972736,104.478,2
20001,15.979577,39693.302,34
20002,14.573191,56463.681,57
20003,15.309654,26008.13,29
20005,16.879432,2939.566,6
20006,17.442757,2442.194,7
20007,14.596592,22671.252,16
20008,14.623336,21403.15,30
20009,15.369769,27862.289,27
20010,14.884659,27046.666,23
20011,14.337861,57835.045,53
20012,14.448079,15542.732,23
20015,14.986686,16942.308,17
20016,15.234997,10418.165,19
20017,14.573267,19140.264,24
20018,14.547084,17932.654,20
20019,13.176338,61098.706,48
20020,12.539485,54424.112,42
20024,14.624258,6027.756,4
20029,14.324587,1908.192,3
20030,12.890434,1751.313,4
20032,12.217677,42647.677,30
20033,15.356017,302.372,2
20035,15.356017,638.934,2
20036,15.356017,552.389,6
20037,17.16892,1998.86,8
20038,17.442757,1970.019,3
20039,17.495916,891.395,2
20040,15.470491,1896.007,4
20043,16.885063,521.551,2
20052,17.442757,207.232,5
20056,17.125654,618.368,2
20090,14.674339,2352.655,3
20105,7.778732,878.385,2
20106,4.641311,1699.416,7
20108,13.736769,2774.497,4
20109,11.018778,28190.993,23
20110,12.466043,42340.925,41
20111,9.124905,24992.815,17
20112,6.27257,28201.32,31
20113,12.18562,1599.98,5
20115,4.564257,3751.292,6
20117,6.822772,2423.529,6
20119,4.70348,2220.518,11
20120,11.42102,38277.85,26
20121,11.721505,30573.441,20
20122,14.666667,848.872,4
20124,7.429098,14775.281,23
20129,6.391228,543.556,6
20130,3.880048,358.783,8
20132,7.464736,18193.631,18
20135,4.364392,2982.194,8
20136,7.160047,22168.969,17
20137,6.001303,1672.287,6
20141,6.040819,7489.936,10
20143,5.590363,1592.958,4
20144,4.591777,708.783,2
20146,9.772173,2019.843,2
20147,8.329972,55416.951,29
20148,7.548998,12987,8
20151,11.754207,18902.927,25
20152,9.369889,19176,8
20155,8.064196,31160.905,33
20156,7.100849,1192.388,3
20158,7.12912,3554.767,12
20159,6.271997,1005.013,3
20164,8.862228,36068.213,32
20165,7.350467,33024.063,23
20166,9.242676,7341.101,15
20168,10.332888,1172.43,2
20169,6.25559,24666.466,23
20170,13.503234,40857.044,38
20171,12.168398,39180.43,30
20172,15.294892,1934.276,3
20175,7.344506,29086.615,29
20176,7.856144,48878.35,29
20177,8.022005,1384.984,2
20178,9.502966,1711.194,3
20180,6.315562,7556.224,10
20181,5.52247,8424.38,17
20182,5.079327,778.263,2
20184,5.687157,350.587,6
20186,5.897329,5019.462,10
20187,5.831274,14614.095,12
20189,8.693345,6545.737,3
20190,12.890179,14645.273,18
20191,12.832833,29825.905,17
20194,11.496725,12641.293,11
20195,9.132883,2108.506,3
20197,5.656374,1899.09,6
20198,4.493705,219.985,4
20601,6.999547,23343.304,28
20602,7.308145,22994.538,13
20603,7.097362,24133.281,19
20604,9.175066,2102.842,3
20606,5.063057,325.217,3
20607,5.571407,11498.413,9
20608,3.588905,731.325,2
20609,5.063057,1034.783,3
20611,5.322296,1082.642,2
20613,5.922591,12265.196,12
20615,4.188117,500.417,3
20616,5.903562,6069.708,6
20617,5.611585,726.966,3
20618,5.063057,973.681,3
20621,3.952904,1207.078,8
20622,5.281877,4990.754,11
20623,5.04466,2896.149,4
20624,4.787137,766.684,9
20625,4.55808,646.792,4
20626,5.063057,406.029,3
20627,6.420768,10.804,4
20628,5.32683,708.012,4
20632,5.034312,478.5,8
20634,7.220357,750.299,3
20636,5.624339,5211.598,3
20637,5.611585,2745.714,3
20639,5.394439,15235.749,15
20640,6.136575,10057.72,16
20645,4.55808,868.262,4
20646,5.848916,11423.982,22
20650,6.416448,6399.024,6
20653,6.54168,7558.988,7
20657,5.780327,13055,6
20658,4.639303,964.8,2
20659,5.520405,22432.033,16
20662,3.487028,2649.05,5
20664,4.596487,3458.086,6
20667,5.32683,31.404,4
20675,3.932064,1714.292,7
20676,4.188117,2133.904,3
20677,4.327161,2570.199,9
20678,6.81212,12507.393,12
20680,5.32683,1324.668,4
20684,5.32683,1361.781,4
20685,4.188117,3456.251,3
20687,5.32683,553.848,4
20689,5.514018,1826.262,7
20693,4.308368,1058.303,2
20695,4.468087,8187.402,12
20701,12.445601,741.479,11
20703,12.052201,1314.655,2
20704,13.872497,1943.267,3
20705,11.688187,22407.987,18
20706,11.678034,36972.022,52
20707,13.32235,31359.12,32
20708,11.055064,13933.558,16
20709,11.198754,1215.369,2
20710,13.468855,9915.469,10
20711,5.238677,5827.977,7
20712,13.625634,9290.4,12
20714,5.74248,932.262,2
20715,11.203115,25276.458,23
20716,11.92404,21827.972,15
20717,12.48102,383.777,4
20718,8.862644,1417.245,3
20720,9.839546,22929.452,22
20721,7.308777,18541.396,15
20722,16.232053,6019.314,9
20723,10.476745,24764.811,14
20724,11.630763,6912,6
20725,17.129933,1010.158,2
20726,13.321914,305.55,5
20731,14.109305,1366.041,3
20732,6.404094,5359.987,9
20733,7.662625,2735.058,6
20735,6.013797,38391.82,25
20736,5.714571,8160.06,10
20737,12.970297,22626.795,36
20738,14.43765,741.726,2
20740,12.484322,24513.237,30
20741,13.497101,1364.646,3
20743,11.984255,36539.597,45
20744,9.293233,49759.922,39
20745,11.988808,26271.462,25
20746,12.197131,27604.165,29
20747,11.786552,34034.07,36
20748,11.554466,31707.328,42
20749,12.726368,1601.19,2
20750,15.66154,1168.383,2
20751,7.59515,2485.835,11
20752,13.282231,1168.35,3
20753,14.145397,2007.645,3
20754,5.693667,641.727,5
20755,6.240388,9071.16,8
20757,13.874825,1019.515,2
20758,5.74248,688.193,2
20763,12.445601,3069.295,3
20764,6.814326,4369.861,3
20765,6.257881,322.729,2
20768,16.326644,1855.033,3
20769,6.521831,8030.411,12
20770,13.541644,26689.732,21
20772,6.003303,42064.421,32
20773,6.558639,2363.618,2
20774,9.014905,37388.632,31
20776,6.257881,1456.722,2
20777,7.213967,2529.303,4
20778,6.679717,1826.746,8
20779,5.74248,1220.343,2
20781,14.501919,5459.963,19
20782,13.592702,31531.588,29
20783,12.5087,46591.666,42
20784,13.387181,29528.427,28
20785,12.165548,33126.239,39
20787,15.717407,1766.113,3
20791,7.620976,2897.807,4
20792,14.414367,1148.249,2
20794,7.30133,12910.042,14
20812,12.253434,872.543,3
20814,14.718456,29179.966,53
20815,14.235974,28855.776,34
20816,14.013288,16117.576,21
20817,12.002682,35265.587,49
20818,12.253434,1620.107,3
20824,15.815358,904.677,3
20825,15.68403,964.608,2
20827,12.049407,1258.878,3
20830,13.652618,2249.845,4
20832,12.406004,23691.512,21
20833,8.532533,7560.822,15
20837,8.408232,5990.539,9
20838,6.021285,175.811,2
20839,8.032729,376.623,5
20841,10.802833,6645.464,11
20842,6.400384,1857.914,10
20847,18.984412,301.898,2
20848,12.997665,1683.258,5
20849,15.105642,1300.631,2
20850,13.551682,44483.425,31
20851,13.083133,13055.558,14
20852,13.62601,39991.836,35
20853,12.434202,30789.418,27
20854,10.368956,47796.513,39
20855,10.890975,15265.813,20
20859,11.391931,1656.268,3
20860,9.381168,2350.247,4
20861,8.693336,2947.085,6
20862,7.774071,437.052,5
20866,11.364912,6495.86,14
20868,6.933248,654.296,4
20871,5.871693,817.564,10
20872,10.356843,9863.549,9
20874,12.881831,58682.557,36
20875,14.321847,2630.22,4
20876,13.442584,19337.827,9
20877,13.24573,15551.075,28
20878,11.747118,43572.75,29
20879,12.56497,14570.284,42
20880,12.255412,1740.431,5
20882,7.741356,12882.285,21
20883,15.853454,1121.265,3
20885,16.333333,784.227,1
20886,13.002055,34718.755,25
20891,15.071937,279.261,2
20895,13.738932,19117.638,23
20896,15.060217,1097.538,4
20901,13.170037,35137.362,37
20902,13.520398,50559.137,48
20903,12.308388,24267.809,34
20904,12.111673,46530.766,48
20905,8.726738,17105.418,24
20906,11.562504,58460.087,56
20910,13.657166,31936.912,38
20912,14.510637,23145.291,25
20913,14.530991,1218.426,3
20914,12.615178,2181.942,4
20915,14.107267,1551.104,3
20916,12.424433,2164.75,6
20918,15.024103,1557.83,4
21001,10.022846,21011.379,26
21005,5.464342,2660.202,3
21009,10.320536,27806.913,22
21010,5.464342,276.396,3
21012,8.468555,14164.554,14
21013,5.803714,4532.971,12
21014,10.265692,36187.027,44
21015,8.36228,29110.476,38
21017,9.857774,3393.637,2
21020,5.382393,4.572,2
21022,8.316001,886.724,3
21023,5.628714,9.46,4
21028,6.709298,3797.84,9
21029,7.944251,9173.088,7
21030,10.250929,24798.542,32
21031,16.333333,0.392,1
21032,6.898592,8725.29,21
21034,4.907623,3429.669,9
21035,6.640945,3128.896,8
21036,6.952947,2184.483,6
21037,8.81525,4064.287,13
21040,11.426242,23421.543,17
21041,12.544041,1782.496,2
21042,7.93776,40137.444,32
21043,9.159275,45577.924,34
21044,12.263414,34144.091,21
21045,14.455366,37610.154,22
21046,12.858265,12173.789,15
21047,6.210493,12032.236,22
21048,6.193612,10767.57,19
21050,7.068025,18805.469,36
21051,5.528085,276.52,4
21052,5.10463,344.11,3
21053,4.895785,3367.036,7
21054,7.490029,9647.624,28
21056,5.633589,499.671,4
21057,4.741247,4144.413,19
21060,10.562244,23049.39,17
21061,11.6925,24968.371,34
21071,5.985666,1078.556,3
21074,5.400271,7862.922,25
21075,10.699562,25448.397,17
21076,8.752519,10475.415,18
21077,7.714895,396.412,10
21078,9.002792,18657.313,23
21082,5.567609,931.448,15
21084,5.37514,7403.735,20
21085,8.699472,16048.231,26
21087,5.841759,5377.974,15
21090,10.187155,9606.852,12
21093,8.945057,37008.692,47
21094,9.501832,1641.287,2
21102,5.759504,11599.78,15
21104,6.701982,5316.471,14
21108,7.204115,11453.916,18
21111,6.081852,5074.512,18
21113,8.053085,27187.814,18
21114,8.050236,26036.253,17
21117,9.830652,44745.051,38
21120,5.651092,6611.094,11
21122,8.174037,34655.947,25
21123,12.31847,681.47,3
21128,8.842312,13208.053,22
21130,7.140503,135.938,6
21131,6.16908,7048.283,16
21132,4.744077,2694.968,7
21133,9.667219,31380.002,25
21136,10.106698,33407.587,39
21139,16.760631,495.811,3
21140,7.903575,4025.474,8
21144,6.36248,33276.398,26
21146,8.734929,8365.343,11
21150,8.28608,637.637,2
21152,5.746863,5732.037,14
21153,6.007241,1244.856,3
21154,5.305179,6341.841,14
21155,5.673645,2414.695,12
21156,5.371383,322.449,3
21157,7.017867,33949.47,49
21158,6.229546,23066.912,28
21160,5.648049,2699.292,4
21161,5.015769,5529.882,19
21162,7.687204,3832.882,8
21163,7.314039,6779.116,14
21201,17.417422,14602.328,36
21202,16.879841,21250.181,46
21203,17.108356,1431.002,4
21204,11.097131,15492.605,23
21205,14.175784,15664.317,60
21206,12.223478,51808.228,56
21207,11.760843,48329.778,64
21208,11.477816,29567.272,40
21209,12.493738,27852.836,64
21210,14.667078,13224.511,36
21211,16.204967,15908.937,35
21212,13.509586,34176.944,54
21213,13.615069,31386.702,54
21214,12.687368,20792.443,43
21215,13.856807,59438.849,88
21216,13.255931,30712.236,55
21217,14.663103,34797.662,69
21218,14.777073,51372.778,77
21219,7.020242,9056.681,13
21220,9.696944,40704.749,29
21221,11.494791,42932.099,31
21222,12.734774,51361.38,49
21223,14.92717,23603.968,60
21224,15.208059,50329.834,59
21225,13.039693,28738.706,36
21226,14.030363,2634.199,8
21227,11.951227,34757.105,45
21228,11.800761,50307.019,53
21229,12.61397,46110.496,60
21230,15.752538,33651.342,41
21231,16.795094,15287.508,23
21234,10.988647,60421.508,66
21236,10.430691,36103.555,49
21237,11.702439,29867.697,27
21239,12.27236,31756.745,44
21240,6.936695,52.152,3
21244,11.115293,31200.266,33
21252,13.310005,64.073,4
21270,13.214234,53.978,9
21282,15.015982,1207.362,2
21284,14.555939,1936.496,2
21285,13.310005,873.248,2
21286,12.862696,20104.629,35
21401,11.547583,28969.434,30
21402,10.251431,907.4,9
21403,10.660873,19297.465,26
21405,6.631775,665.237,2
21409,7.797979,19854.031,16
21412,14.5,5747.566,1
21501,12.735434,897.59,2
21502,11.648336,35931.648,33
21520,6.02897,1678.396,5
21521,8.015779,1192.849,7
21523,3.167225,273.046,3
21524,4.5,173.698,1
21529,4.5,823.748,1
21530,3.367055,1598.022,6
21531,6.265793,2143.099,3
21532,10.539724,15334.81,20
21536,5.387151,4557.626,7
21538,3.167225,534.39,3
21539,7.742303,2706.676,6
21540,7.436737,128.09,3
21541,6.265793,119.549,3
21543,7.678079,215.336,2
21545,4.007547,1789.423,9
21550,5.925133,6734.705,9
21555,3.575018,1866.289,6
21557,7.336438,1965.891,6
21561,3.423278,1348.203,7
21562,7.422994,3122.195,7
21601,7.84178,23235.388,21
21607,4.301659,473.623,6
21610,4.876239,410.691,5
21612,7.803777,260.132,4
21613,6.886863,17360.025,25
21617,6.686971,10761.738,10
21619,7.141418,6807.752,5
21620,6.872029,12778.134,19
21622,3.709777,508.812,4
21623,6.098557,2287.227,7
21624,6,189.681,2
21625,3.631031,2199.911,2
21626,3.88142,109.331,2
21627,3.88142,34.986,2
21628,3.646502,438.07,2
21629,6.812949,9825.135,12
21631,4.639817,2405.289,8
21632,5.96163,6161.211,18
21634,3.645358,586.835,2
21635,5.122875,2037.871,4
21636,4.900041,1244.535,5
21638,6.117875,4936.133,5
21639,5.409762,4593.437,7
21640,4.516866,1891.197,9
21641,4.593018,130.965,2
21643,4.793207,5873.65,14
21644,4.292446,149.539,2
21645,4.878879,1154.656,9
21647,6.006261,350.229,6
21648,3.645358,297.67,2
21649,4.350362,1884.138,4
21650,5.122875,185.448,4
21651,4.424845,2773.929,13
21652,7.803777,173.826,4
21653,7.803777,1.216,4
21654,5.869764,1637.983,4
21655,5.026579,4854.114,9
21657,5.173509,1281.767,6
21658,6.38226,4167.456,7
21659,2.671528,1318.329,11
21660,6.388568,3775.643,7
21661,6.396149,2568.528,6
21662,5.5,984.767,1
21663,7.639776,3256.743,7
21664,4.639293,349.907,4
21665,6,349.013,2
21666,6.973187,11446.248,7
21667,4.876239,236.863,5
21668,4.520533,1664.02,6
21669,3.645358,4.252,2
21671,6,847.874,2
21672,3.88142,205.543,2
21673,5.87913,2714.824,10
21675,3.88142,96.211,2
21676,6,238.998,2
21677,3.645358,561.32,2
21678,4.876239,2185.257,5
21679,3.740838,499.463,4
21701,12.940505,29630.628,49
21702,10.218096,34801.718,38
21703,11.432593,36268.521,40
21704,7.616094,9401.781,18
21705,17.380871,887.038,2
21710,6.064735,3482.714,8
21711,4.917679,1102.838,4
21713,6.577456,7364.575,10
21714,4.555181,1241.458,6
21716,9.4943,6337.155,11
21717,6.36258,1028.58,3
21718,4.252936,163.252,10
21719,5.085686,1193.677,7
21720,7.379353,13.047,3
21722,4.917679,3738.667,4
21723,6.36299,134.341,5
21727,8.365127,6439.446,9
21734,7.591216,1900.725,6
21737,6.675166,997.161,4
21738,6.300692,56.08,2
21740,8.291015,42010.336,53
21742,7.505094,23509.56,27
21750,5.97901,3816.105,10
21754,5.826106,4579.105,16
21755,4.418588,5464.794,15
21756,5.76634,156.941,5
21757,4.439158,2928.81,9
21758,5.30206,2344.961,17
21765,6.368665,702.027,3
21766,3.355207,694.114,3
21769,6.106493,11090.872,22
21770,5.766292,5632.464,14
21771,6.298135,29208.285,40
21773,5.529549,5249.36,7
21774,6.286993,8206.021,13
21776,5.302737,5597.503,16
21777,4.280782,1454.505,3
21778,2.90911,1001.093,7
21780,3.891091,1716.113,8
21782,5.41437,2920.224,2
21783,6.385423,8370.989,20
21784,6.930365,38436.403,38
21787,6.810237,10975.983,18
21788,7.009772,11608,28
21790,4.880678,151.471,6
21791,4.825268,5116.886,16
21793,8.842573,10389.182,13
21794,6.326123,1759.56,5
21795,8.694325,3229.933,5
21797,5.408968,5985.144,16
21798,5.931622,2254.777,8
21801,7.438609,25270.457,39
21802,9.189743,2984.516,7
21803,11.343092,824.954,2
21804,7.292146,27847.931,46
21811,6.650024,16725.701,23
21813,5.001144,2638.311,6
21814,4.089325,484.248,4
21817,6.600702,4992.102,8
21821,3.065019,1003.979,2
21822,5.126013,3173.3,22
21824,3.065019,272.377,2
21826,8.263965,6592.273,7
21829,3.860916,497.184,6
21830,5.215069,1263.708,11
21835,4.62653,454.427,6
21837,5.385111,2924.42,3
21838,4.700529,1631.009,5
21840,4.089325,569.703,4
21841,3.674739,1001.433,5
21842,11.698276,10033.964,17
21843,14.621087,561.156,5
21849,5.899644,2981.046,12
21850,5.827048,2987.114,8
21851,6.534271,6302.863,14
21853,6.246556,10147.14,7
21856,4.089325,1093.392,4
21861,5.385111,997.852,3
21862,5.011852,87.507,6
21863,5.789854,4996.511,8
21864,4.02172,666.88,6
21865,4.089325,633.247,4
21866,3.065019,2.632,2
21869,2.80382,1070.672,9
21871,4.700529,447.239,5
21872,4.963303,643.478,4
21874,5.948349,2182.753,8
21875,6.28895,2584.623,11
21901,5.940495,10777.415,15
21902,11.363466,195.607,3
21903,11.363466,5147.393,6
21904,5.082062,6939.856,7
21911,6.10628,10727.331,12
21912,5.354437,848.803,8
21913,5.560157,655.572,3
21915,4.924463,3139.992,5
21917,6.479657,2264.466,8
21918,4.919314,4236.781,10
21919,5.560157,3158.307,3
21920,5.296607,325.079,9
21921,7.365877,36021.394,34
21930,5.492039,79.366,7
22003,12.642096,59033.677,42
22009,11.709785,1988.716,2
22015,12.2796,43070.917,42
22025,10.211419,13955.215,9
22026,8.799351,7304.215,6
22027,12.711014,468.34,2
22030,12.458444,49395.552,43
22031,12.896421,24595.287,35
22032,11.40282,29335.09,26
22033,12.369493,26284.082,27
22038,15.680665,2048.258,3
22039,5.992141,18601.656,27
22040,16.853203,1301.741,2
22041,13.811254,28198.44,29
22042,13.733245,32770.231,41
22043,11.654769,25358.686,27
22044,13.372587,14645.731,22
22046,13.764977,15759.198,30
22060,11.440969,9417.126,6
22066,6.447139,14280.436,12
22079,11.247334,31667.941,32
22101,10.792013,28114.036,40
22102,13.069962,11463.924,18
22106,11.055192,1144.909,4
22116,15.472723,2338.52,3
22121,10.25428,456.065,2
22122,14,1494.607,1
22124,9.215166,18290.734,27
22134,4.333333,1719.25,1
22150,13.4964,19654.767,19
22151,12.539123,17791.794,15
22152,11.445198,29878.532,24
22153,11.175531,32016.475,22
22172,8.481337,9592.785,7
22180,14.126697,19084.068,23
22181,10.908905,15167.751,23
22182,10.049092,19653.171,19
22183,16.833333,1617.422,1
22191,9.371803,42041.193,18
22192,8.681264,51203.741,43
22193,8.939016,79057.241,57
22194,12.997617,1501.632,2
22195,10.987987,2484.943,4
22199,13.460742,2344.072,3
22201,15.719809,18549.35,37
22202,13.876145,14501.265,17
22203,14.314722,16238.536,22
22204,13.619209,46113.027,41
22205,14.009098,16450.518,34
22206,13.890881,16404.317,23
22207,13.127319,34425.515,51
22209,14.149278,7953.099,11
22210,15.62374,1432.139,3
22211,15.077013,1199.058,2
22213,13.506626,4088.337,22
22214,15.166667,0.942,1
22216,11.322761,683.096,2
22219,14.1648,320.795,3
22301,15.357698,13101.365,24
22302,14.325863,14778.669,27
22303,12.134987,15766.839,21
22304,13.663692,35537.335,35
22305,14.071105,9924.11,16
22306,13.499992,34462.624,32
22307,12.373257,10418.652,18
22308,10.740139,13508.701,11
22309,12.574247,35879.275,22
22310,11.878706,31183.103,28
22311,12.53013,17239.386,17
22312,13.244765,24953.126,17
22314,16.215756,15905.648,23
22315,12.756741,29071.988,29
22320,18.307202,618.919,4
22401,9.669541,20209.637,12
22403,7.88786,1684.77,2
22404,11.935696,1984.525,6
22405,6.160165,29768.656,21
22406,6.302869,12777.266,13
22407,6.76283,51176.388,39
22408,7.058358,24200.426,27
22427,4.965312,3516.944,8
22432,5.210484,137.772,3
22435,5.989056,2081.628,5
22436,3.524698,766.995,8
22437,3.871608,712.022,5
22438,3.453732,410.864,4
22443,3.57795,2987.641,4
22448,5.743913,1635.196,3
22454,3.806983,2189.214,3
22460,4.578676,2493.901,9
22463,8.095569,1105.215,3
22473,5.304256,3208.351,16
22476,3.490772,360.977,3
22480,7.398253,257.447,4
22482,7.398253,1453.821,4
22485,5.161787,16192.67,11
22503,4.939036,4038.781,13
22504,3.589462,403.412,5
22508,3.339766,3058.689,4
22509,3.490772,86.902,3
22511,6.303014,1543.761,3
22514,4.071705,2060.853,7
22520,5.714661,3962.445,9
22534,3.717969,2517.573,7
22535,4.174545,833.045,4
22538,4.174545,269.616,4
22542,3,671.574,1
22546,3.777975,5224.721,13
22551,4.629639,19787.559,22
22553,5.722473,11797.668,26
22554,6.146858,45977.789,30
22555,7.442056,1959.894,3
22556,6.38925,18335.601,15
22560,6.025291,6550.451,12
22567,3.030007,479.422,3
22572,5.378339,6064.24,11
22576,7.398253,880.243,4
22578,7.398253,405.101,4
22580,4.107357,6173.455,18
22601,9.319189,22246.839,27
22602,6.766699,8062.123,12
22603,5.252791,15048.666,18
22610,4.382259,1959.814,7
22611,6.150994,548.104,3
22620,5.66284,2560.991,5
22623,6.518611,573.878,2
22624,4.58447,2085.761,7
22625,3.929734,3371.697,3
22627,5.92453,677.026,5
22630,7.070561,28333.589,33
22637,3.929734,265.971,3
22639,4.572268,560.282,4
22640,6.518611,481.647,2
22641,2.760252,274.981,2
22642,4.587726,501.319,4
22643,4.591777,379.845,2
22644,3.751873,2464.348,6
22645,4.955058,3989.989,13
22649,7.075339,23.383,3
22650,6.122574,930.454,7
22652,3.338278,1375.911,5
22654,2.760252,300.364,2
22655,5.714515,6401.718,12
22656,4.723735,3396.532,4
22657,3.943257,2323.751,11
22660,4.135102,1710.218,6
22663,6.12119,1026.827,8
22664,3.461683,1442.634,6
22701,6.751969,25823.189,15
22712,5.652016,8792.817,12
22713,3.906603,1279.548,6
22714,5.278568,732.428,3
22716,4.643394,884.514,6
22718,5.278568,705.572,3
22720,3.918682,844.151,4
22726,5.278568,883.796,3
22728,5.841079,2983.934,7
22729,4.936611,187.404,2
22733,5.141877,1078.149,4
22734,5.253593,3261.989,9
22735,3.724526,1189.753,3
22736,5.278568,612.798,3
22737,4.587829,1405.505,5
22740,5.231223,1307.141,8
22741,5.354107,199.681,5
22742,3.689594,1730.11,2
22747,5.867207,1273.146,5
22749,4.655457,405.004,3
22801,13.152304,38972.965,39
22802,11.219951,28263.344,30
22803,14.296012,1552.178,3
22807,14.671877,1411.226,16
22810,4.852949,305.15,2
22811,2.209443,542.813,3
22812,6.169589,8728.79,14
22815,3.967351,4345.412,13
22820,2.209443,273.387,3
22821,4.526942,5410.93,15
22824,4.79681,5102.326,12
22827,5.154109,7734.546,14
22830,2.253853,1593.311,6
22831,3.862673,938.029,6
22832,4.792489,1012.447,6
22834,4.141383,1338.211,4
22835,5.789823,10405.186,18
22840,5.331028,2053.495,2
22841,4.674248,1249.806,7
22842,5.63266,5825.247,13
22843,2.384463,2332.789,6
22844,6.192681,4571.889,12
22845,4.852949,65.223,2
22846,5.331028,491.654,2
22847,6.107855,1040.507,6
22849,4.540687,4792.607,5
22850,4.053424,964.924,7
22851,4.787064,488.56,9
22853,4.90074,2462.889,11
22901,9.966917,14115.725,27
22902,12.590673,23041.093,34
22903,12.235038,37906.953,47
22904,9.926271,201.414,15
22905,14.540143,1093.418,4
22906,12.895639,1661.242,4
22911,4.877728,3035.881,7
22920,5.241004,1302.964,7
22922,4.849574,880.29,8
22923,4.812847,959.478,5
22931,4.903716,462.148,9
22932,4.937108,2743.93,6
22935,4.428972,978.706,7
22936,5.070013,5250.168,7
22937,4.538425,1616.513,8
22938,4.851166,347.963,8
22939,5.748418,55.406,4
22940,4.680106,1131.266,7
22942,4.627124,450.665,3
22943,5.242343,421.271,3
22946,4.549907,191.493,4
22947,5.171895,4455.203,8
22949,5.038789,650.412,4
22952,7.265336,34.975,8
22958,5.038789,185.832,4
22959,5.606438,1916.207,13
22960,7.830335,5538.039,4
22963,4.535327,6877.683,10
22964,5.038789,166.177,4
22967,4.911028,2353.935,8
22968,4.871626,2522.528,8
22969,4.549907,891.956,4
22972,8.07712,25.625,2
22973,5.259303,6274.887,6
22974,6.606649,3628.187,9
22976,5.038789,294.83,4
22980,7.273988,28443.048,27
23002,4.516329,5056.468,7
23003,4.255155,1210.446,3
23004,3.178947,977.67,5
23005,6.699785,17582.908,24
23009,4.83134,7227.8,6
23015,3.829471,3744.123,11
23022,4.008047,859.385,7
23023,4.088109,438.088,5
23024,4.056535,5734.411,13
23030,4.22995,4923.417,8
23032,2.716518,207.938,6
23038,3.21244,1591.379,7
23039,5.442671,1040.796,3
23040,4.703465,1757.879,9
23043,6.523652,1732.039,2
23047,3.799493,2056.634,9
23050,4.255155,75.884,3
23055,4.169302,611.953,7
23059,6.05453,5978.604,20
23060,7.11853,17223.176,15
23061,5.828406,12786.657,14
23062,8.157233,2617.148,3
23063,4.695708,4946.385,7
23065,4.652803,1457.547,12
23069,4.804071,3400.345,14
23070,6.523652,302.913,2
23071,6.525804,1772.67,9
23072,6.058486,10633.053,14
23075,7.259424,2535.376,4
23079,2.594786,504.534,2
23083,4.54535,505.792,14
23084,3.845045,1662.896,9
23085,4.098936,456.608,2
23086,4.911295,2907.071,8
23090,6.316533,813.035,3
23091,4.289472,374.932,5
23092,6.446211,454.17,7
23093,5.306403,9233.333,17
23102,4.958283,3222.627,15
23103,5.442671,1144.676,3
23106,5.448155,965.49,2
23108,4.384952,145.028,3
23110,4.384952,654.64,3
23111,6.383268,30275.31,20
23112,7.680468,39650.842,28
23113,7.424977,25212.864,29
23114,6.888215,19611.785,11
23116,6.924434,20807.91,21
23117,4.681158,6112.605,13
23120,5.721679,9880.977,12
23123,3.816593,1756.607,3
23124,4.980289,4018.265,7
23126,4.098936,512.236,2
23127,6.777032,701.195,2
23128,4.255155,360.913,3
23129,5.428144,266.771,5
23139,4.612576,17414.832,10
23140,4.62866,2400.631,12
23141,5.643606,6742.501,6
23146,5.046533,2635.343,8
23148,4.03827,1585.976,5
23149,6.332958,1399.327,10
23150,8.119668,11548.069,11
23153,5.564506,1367.675,6
23156,4.384952,1492.578,3
23161,4.098936,180.789,2
23168,6.777032,2582.901,2
23169,6.291039,1196.184,3
23175,5.742438,2023.842,6
23176,6.38052,738.985,5
23177,4.192831,781.042,4
23180,2.594786,528.664,2
23181,7.507577,4758.514,7
23183,5.644753,1912.9,3
23185,7.718333,35939.603,29
23187,11.109345,3652.754,3
23188,7.637883,15800.272,14
23192,4.925306,6343.75,12
23219,15.184665,2265.846,12
23220,15.589524,27486.802,29
23221,14.906116,14071.48,15
23222,13.261918,25587.59,38
23223,12.366361,32499.579,33
23224,12.78387,22183.465,34
23225,11.68134,30575.473,33
23226,13.833504,18568.574,23
23227,9.894939,15446.308,19
23228,9.602171,29986.156,25
23229,10.235423,16993.357,18
23230,13.794628,7265.483,22
23231,7.528325,23824.369,18
23233,7.215372,9911.684,16
23234,8.601308,35994.303,31
23235,8.858874,31268.029,41
23236,7.088718,26963.854,32
23237,7.315932,23046.209,28
23238,8.378263,9846.21,13
23260,16.076467,686.962,4
23261,16.076467,498.119,4
23294,10.793889,18288.425,17
23301,5.3029,347.018,15
23306,5.416419,1054.599,8
23307,5.191921,638.489,4
23308,3.863928,1231.564,6
23310,5.191921,1042.758,4
23314,7.792805,410.697,2
23315,3.638446,1475.948,4
23320,11.056005,22007.004,22
23321,7.576925,8019.077,10
23322,7.792042,44794.634,35
23323,7.753155,20495.88,18
23324,12.905721,23282.706,25
23325,11.892092,17504.338,22
23327,11.922185,1486.308,3
23328,7.951105,1603.399,4
23341,6.131898,3.191,5
23350,7.371111,4178.864,7
23354,6.167506,457.288,8
23357,5.507016,653.478,7
23358,5.92049,196.106,8
23359,3.010948,417.406,3
23404,4.119285,45.318,3
23405,5.191921,1540.074,4
23409,3.010948,234.086,3
23410,5.789597,2664.574,8
23413,7.008917,18.887,8
23416,3.010948,33.844,3
23417,6.355547,3923.4,12
23418,5.505662,601.146,12
23420,4.917806,4029.429,8
23421,5.323415,1102.712,10
23426,3.010948,293.312,3
23430,6.00201,17033.959,24
23431,10.707458,682.219,3
23432,3.393972,1394.899,10
23433,5.904553,1232.737,3
23434,5.3239,30895.677,36
23435,5.558548,7408.174,11
23436,5.904553,924.042,3
23437,2.531615,4154.465,12
23438,3.062444,1837.387,6
23439,8.094045,1185.457,2
23442,3.010948,690.977,3
23450,10.824101,2347.2,4
23451,10.346737,22133.474,27
23452,10.257327,54240,59
23453,10.739848,18959.464,25
23454,10.060554,60039.324,50
23455,11.261376,40832.983,38
23456,8.276526,38769.541,45
23457,5.123248,4200.253,4
23459,9.644032,7.66,3
23462,13.177677,44023.363,53
23464,10.552357,74926.115,68
23466,14.672294,1109.317,2
23467,13.271139,1483.987,4
23471,10.983213,2354.127,3
23480,4.119285,16.479,3
23487,4.79035,5879.208,14
23501,13.333333,851.076,1
23502,12.701057,19939.268,26
23503,11.95832,36920.6,30
23504,13.759631,22144.139,35
23505,12.304132,30361.242,28
23507,14.852791,5804.612,8
23508,14.529914,22025.083,21
23509,13.475376,13613.712,19
23510,16.133857,8068.735,16
23511,9.56586,9800.947,2
23513,13.089298,30903.49,27
23514,17.67246,676.393,2
23517,17.663964,5490.551,20
23518,12.861111,29470.644,42
23523,13.554511,8048.486,6
23541,15.284566,1373.805,3
23601,13.22565,18540.89,26
23602,8.713755,38097.314,45
23603,7.519647,3697.196,13
23604,13.736733,6673.119,6
23605,12.245261,14598.462,23
23606,10.975238,23537.297,25
23607,13.101519,22979.722,40
23608,10.155506,36661.529,34
23609,9.726763,1161.722,3
23612,13.323188,462.069,2
23651,9,473.348,1
23661,13.525894,11418.259,18
23662,5.698647,12037.066,10
23663,12.845684,10092.693,18
23664,8.713574,7347.393,12
23665,7.504241,2080.759,3
23666,10.815798,42662.792,41
23669,11.163461,38658.897,45
23690,5.632757,3873.545,7
23691,8.191153,95.158,5
23692,7.205121,18184.781,14
23693,6.308723,22098.497,19
23696,4.754884,3649.526,6
23701,12.521691,24479.896,27
23702,13.710557,10570.68,17
23703,8.454779,25932.671,20
23704,14.336036,18266.904,29
23705,16.912073,701.86,2
23707,12.832152,15354.845,21
23708,15.908007,2.058,2
23801,5.994381,5470.643,8
23803,6.665691,36001.779,46
23804,11.427126,919.005,4
23805,6.694697,17963.693,22
23821,4.846462,1365.309,9
23824,4.232334,1153.536,25
23827,3.201776,1341.617,4
23828,3.201958,520.538,4
23829,3.181947,2440.082,8
23830,4.909815,1023.157,8
23831,6.998968,35905.521,26
23832,6.776217,32140.275,34
23833,3.383648,2157.91,7
23834,7.813035,25741.8,32
23836,6.146296,14198.518,11
23837,3.348918,1167.073,8
23838,4.924829,9626.85,9
23839,2.755052,877.009,7
23840,3.258707,35.694,3
23842,4.361968,7135.326,19
23843,4.979004,656.669,6
23844,3.197474,714.683,2
23846,2.728736,899.183,4
23847,5.93528,12497.492,20
23850,4.084197,365.032,7
23851,6.101374,10418.707,14
23856,5.982834,1200.441,12
23860,7.15122,27640.919,32
23866,3.080781,2096.034,13
23867,4.006431,2001.413,8
23868,5.296251,5945.408,10
23874,3.202214,1026.569,2
23875,5.696842,15038.925,22
23876,4.71471,418.069,4
23878,3.125767,907.818,4
23879,5.064137,690.605,2
23881,3.4065,1809.066,11
23882,4.532398,1545.57,5
23883,3.515437,2401.712,7
23885,3.304878,2637.602,9
23887,5.064137,5.869,2
23888,5.218193,2204.647,10
23889,4.71471,559.125,4
23890,4.624984,6283.46,15
23897,4.592325,705.032,5
23898,3.938119,2063.813,9
23901,4.438421,4935.525,12
23915,4.800352,820.045,6
23917,5.214243,2625.218,5
23919,4.273253,337.165,3
23920,6.110806,1707.275,12
23921,3.47894,2354.466,5
23922,5.907393,2169.401,10
23923,3.73649,570.225,7
23924,4.401374,1207.11,15
23927,4.939686,4190.06,14
23930,5.375644,7029.376,10
23936,5.250528,7037.187,14
23937,3.781978,1556.568,10
23938,4.152589,391.224,6
23942,6.091051,405.948,7
23944,5.15314,4018.398,9
23947,4.98742,1430.446,4
23950,6.176461,2129.707,3
23952,4.98742,241.042,4
23954,4.98742,610.508,4
23958,3.747547,2021.727,7
23959,3.732141,1040.08,3
23960,4.363438,1815.977,7
23962,3.614973,859.225,9
23963,4.476259,156.06,10
23964,3.588349,1169.104,5
23966,5.911347,19.232,7
23967,3.595002,1082.421,6
23968,3.949606,544.319,5
23970,4.259063,2658.409,15
23974,5.636338,4372.618,9
23976,3.577737,204.986,3
24001,18.833333,47.681,1
24002,18.833333,78.116,1
24003,18.833333,43.623,1
24004,18.833333,38.551,1
24005,18.833333,40.58,1
24006,18.833333,45.652,1
24007,18.833333,70,1
24008,18.833333,81.159,1
24009,18.833333,64.928,1
24010,18.833333,71.522,1
24011,18.786592,458.802,4
24012,11.752961,25605.314,28
24013,14.043416,8266.876,12
24014,9.745616,16652.291,18
24015,13.224563,15400.417,22
24016,14.542887,5492.031,21
24017,12.60005,16472.968,20
24018,7.104446,24657.03,29
24019,7.143788,20898.412,26
24022,12.656834,451.529,3
24023,12.656834,45.824,3
24024,12.656834,53.647,3
24025,12.656834,52.529,3
24026,12.656834,59.235,3
24027,12.656834,52.529,3
24028,12.656834,53.647,3
24029,12.656834,55.882,3
24030,12.656834,51.412,3
24031,12.656834,57,3
24032,12.656834,55.882,3
24033,12.656834,49.176,3
24034,12.656834,36.882,3
24035,12.656834,50.294,3
24036,12.656834,58.118,3
24037,12.656834,54.765,3
24038,12.656834,162.059,3
24054,3.325166,6271.858,18
24055,4.759387,12082.113,22
24059,4.280672,7.147,4
24060,10.437607,30669.406,17
24064,4.133427,5121.954,11
24065,5.13333,3464.47,7
24066,4.511739,4811.362,14
24067,4.775163,171.492,2
24069,3.358998,1897.523,5
24070,3.72373,1379.763,8
24072,6.550996,44.012,2
24073,8.757468,10472.148,12
24077,5.75985,1476.595,4
24078,7.209136,6513.799,7
24079,6.550996,1077.326,2
24082,4.131366,410.82,6
24084,6.695916,9321.741,18
24085,2.943807,2340.668,7
24086,4.739598,144.489,3
24087,4.460668,3939.648,6
24088,4.775163,2445.745,2
24089,4.521003,2554.956,13
24090,5.453037,3653.019,11
24091,6.522016,2910.153,4
24092,4.782046,2114.595,5
24093,6.01705,168.441,6
24095,4.097733,4143.784,12
24101,4.320189,945.671,6
24102,4.848306,1102.338,4
24104,4.641744,3583.633,8
24105,5.276606,48.198,3
24112,6.141144,30201.997,51
24121,4.885605,6817.57,14
24122,3.900747,1651.925,6
24124,5.774044,4944.133,13
24127,4.790827,4138.14,3
24128,4.084955,1755.447,7
24131,4.790827,104.306,3
24133,4.102603,2616.452,6
24134,5.631302,5613.434,16
24136,4.509811,3095.899,9
24137,4.932944,864.815,5
24138,4.280672,90.525,4
24139,4.269829,72.014,5
24141,10.393138,11909.644,13
24147,6.01705,765.203,6
24148,4.706835,7642.753,14
24149,8.486905,40.437,3
24150,5.33214,778.155,9
24151,4.761096,3829.998,6
24153,8.712624,34663.696,31
24162,4.468766,2441.517,9
24165,4.553187,1799.896,12
24167,5.591544,324.342,7
24168,6.470543,264.205,2
24171,5.081618,3347.515,6
24174,3.293766,1642.802,8
24175,5.609723,5067.412,13
24176,5.031587,1378.762,2
24179,8.585031,19182.011,20
24184,4.747811,3669.222,6
24201,7.061329,11257.134,12
24202,4.612695,6028.16,13
24210,7.8162,9855.294,10
24211,4.682962,8966.792,12
24212,9.046643,1600.031,3
24216,4.524232,2701.162,4
24217,3.47129,456.818,12
24219,6.54792,11795.909,16
24220,4.248198,662.907,8
24221,3.813804,974.453,7
24224,4.190089,5295.789,8
24225,4.893258,164.81,14
24226,4.449919,1407.98,13
24228,5.649301,6360.714,12
24230,5.138519,8669.672,25
24236,4.1062,4210.29,10
24237,2.574154,742.602,4
24239,4.291203,77.542,4
24243,3.058878,2108.857,9
24244,3.829006,5125.494,17
24245,3.345547,981.106,6
24248,3.819775,2323.987,4
24250,3.64478,1448.251,9
24251,4.626507,8918.102,20
24256,4.686151,3645.582,18
24258,3.451262,1203.067,3
24260,4.582019,4930.516,13
24263,4.932479,5646.61,7
24265,3.57017,907.162,5
24266,4.182908,1755.719,10
24269,2.653918,280.177,9
24271,3.354049,2336.903,10
24272,2.574154,539.057,4
24273,7.176595,6255.641,12
24277,3.539285,2448.725,16
24279,4.073371,5285.895,9
24280,4.072596,571.5,2
24281,4.228296,2271.98,11
24282,3.594842,582.849,9
24283,5.570127,2422.169,16
24290,5.483145,1925.55,10
24292,3.094573,491.235,5
24293,6.67376,9398.881,15
24301,6.394997,11082.861,17
24311,3.75166,1819.381,8
24312,4.844863,2163.215,14
24313,4.549147,791.936,7
24314,4.177599,1263.67,8
24315,4.114387,3496.204,10
24316,5.610782,92.824,7
24318,3.668218,672.431,7
24319,4.951373,7465.868,18
24322,3.166775,222.743,5
24323,4.107505,720.129,7
24324,4.595126,199.598,4
24325,5.276606,487.148,3
24326,5.07098,1160.464,10
24327,5.587219,2.431,2
24328,3.391915,267.428,2
24330,4.805268,3226.034,10
24333,5.776395,14873.949,21
24340,4.336862,6044.157,21
24343,5.7693,5565.553,14
24347,2.800635,1537.118,6
24348,5.701568,4046.148,6
24350,3.932299,1382.101,14
24351,3.391915,423.848,2
24354,5.882892,13560.201,24
24360,4.314883,3964.674,10
24361,5.10079,5236.255,13
24363,3.282018,1329.415,6
24366,4.07874,728.336,6
24368,4.898634,3908.916,13
24370,4.373062,5724.584,11
24374,2.928406,713.201,4
24375,5.122055,1798.243,10
24377,5.675584,418.957,5
24378,3.762461,1354.427,9
24380,5.276606,10.328,3
24381,5.033004,1986.148,7
24382,4.665136,5373.508,14
24401,8.055201,22825.96,35
24402,13.666667,453.537,1
24413,4.924119,274.463,3
24416,4.603378,355.13,4
24421,2.351558,548.626,7
24422,9.602207,6865.033,13
24426,7.547642,13545.391,21
24430,2.800502,2452.287,8
24431,3.88121,2599.609,7
24432,2.797537,658.466,4
24433,4.924119,192.828,3
24435,3.60618,14.65,3
24437,4.356476,856.439,10
24439,3.361173,1188.688,7
24440,4.24716,2382.784,8
24441,4.703658,6282.665,6
24442,4.924119,108.378,3
24445,5.457924,600.482,6
24448,4.501104,7.723,3
24450,3.70711,2094.234,11
24457,4.501104,5.149,3
24458,4.924119,325.133,3
24459,4.198548,830.231,7
24464,5.038789,153.669,4
24465,4.924119,1144.299,3
24467,5.129692,2189.549,6
24471,5.178731,636.051,3
24472,4.039938,1332.395,7
24473,3.60618,822.022,3
24474,4.501104,2.574,3
24476,4.241548,345.476,7
24477,4.410466,9443.115,15
24479,3.537653,347.943,12
24482,5.547799,28.064,6
24483,4.111332,288.605,12
24484,4.924119,70.375,3
24485,2.797537,967.69,4
24486,5.109315,3421.464,10
24487,4.924119,98.525,3
24501,12.762818,21084.177,50
24502,11.433454,26936.413,39
24503,9.943665,18281.952,16
24504,12.68849,9589.333,22
24505,13.08824,3836.928,3
24506,13.08824,2267.162,3
24517,6.868839,5564.953,13
24520,3.247882,2249.254,5
24521,4.027925,4079.785,10
24522,3.528061,4358.229,13
24523,4.307464,7354.365,15
24526,4.12804,1527.547,9
24527,3.580207,2850.126,12
24528,5.318806,3071.839,6
24529,5.661223,1881.743,10
24530,2.425699,1176.259,6
24531,5.06476,8425.87,14
24534,3.414634,1620.654,3
24536,4.273397,254.467,3
24538,4.417774,4444.968,16
24539,3.951595,215.611,4
24540,6.707744,24766.757,35
24541,6.939238,27632.977,30
24549,3.7834,4067.914,10
24550,5.159678,7488.968,16
24551,8.600467,16867.475,22
24553,3.971749,955.799,6
24554,4.875536,4045.991,13
24555,4.603378,2522.648,4
24556,4.567795,945.208,8
24557,4.882254,5130.201,10
24558,3.574215,3218.67,15
24562,2.37059,485.196,6
24563,4.569129,5144.147,6
24565,2.107142,953.812,7
24566,3.262846,588.523,4
24569,4.254325,790.211,6
24570,5.091145,12.145,3
24571,4.644614,1916.98,8
24572,5.820482,13672.698,10
24574,3.911438,3277.063,8
24577,3.270335,1381.367,12
24578,4.603378,173.191,4
24579,4.601395,1149.293,8
24580,5.72834,636.945,4
24586,4.200572,1225.06,4
24588,5.362261,9285.454,17
24589,3.91671,2379.822,11
24590,3.422127,7930.681,13
24592,6.8273,10410.53,19
24593,3.538087,590.096,10
24594,4.652916,499.884,2
24597,2.886856,1086.51,7
24598,3.954312,1882.199,11
24599,3.966666,378.577,5
24602,5.363002,253.356,4
24603,3.824851,727.499,4
24605,6.362292,7140.978,8
24607,4.516967,2.452,4
24609,5.471879,5246.359,22
24613,4.461522,1444.209,6
24614,4.836135,7917.382,20
24620,4.238937,2580.311,9
24622,3.599001,1065.442,8
24630,5.010057,1272.515,2
24631,5.441845,1919.36,10
24634,3.620152,374.172,8
24635,3.450999,342.298,2
24637,5.547972,2870.261,7
24639,4.730735,3382.345,15
24641,5.968534,6672.798,12
24646,4.791622,903.394,13
24649,3.9716,2582.27,9
24651,5.575373,3994.951,5
24656,4.727241,3251.853,17
24657,2.780034,212.249,2
24701,7.198518,20198.2,31
24712,5.03686,1732.37,6
24714,3.048616,257.081,3
24715,2.668881,285.733,2
24716,4.980993,2.417,5
24719,4.980993,2.417,5
24724,2.92479,145.449,6
24726,4.980993,903.833,5
24731,3.591412,316.484,4
24733,3.107828,480.056,7
24736,3.407773,573.16,14
24737,5.491151,26.423,7
24738,8.175692,3.417,4
24739,6.425719,13835.21,31
24740,7.63841,17313.53,28
24747,3.429692,3059.92,21
24801,5.15802,6460.048,18
24808,3.042685,568.376,2
24811,4.447956,7.498,6
24815,3.322255,973.636,2
24818,5.776433,1477.76,10
24822,5.674709,1040.561,8
24823,6.381992,858.049,2
24827,6.381992,1614.205,2
24828,5.331807,1515.353,11
24829,5.205121,90.137,6
24830,3.042685,138.254,2
24831,3.432645,189.786,4
24836,5.947761,5.591,4
24839,3.749411,523.702,3
24843,4.131228,9.705,4
24844,4.098468,1885.91,20
24845,3.749411,310.193,3
24846,2.386442,148.569,3
24847,4.980993,164.333,5
24849,6.028693,335.508,7
24850,2.490075,1502.927,4
24851,4.840072,3.359,4
24853,5.947761,279.562,4
24854,6.381992,10.726,2
24855,3.397098,77.466,4
24860,5.758505,488.198,7
24862,2.386442,463.534,3
24866,3.322255,28.636,2
24867,6.204686,426.19,6
24868,3.863521,812.124,13
24869,3.749411,576.072,3
24870,5.482779,1698.898,7
24871,4.131228,12.94,4
24872,2.386442,730.957,3
24873,4.447956,1049.739,6
24874,6.203869,1591.721,6
24878,4.131228,22.645,4
24879,3.365449,804.983,10
24880,6.404952,147.153,4
24881,4.131228,9.705,4
24882,5.903511,1219.049,5
24884,3.322255,526.909,2
24887,3.745539,3.397,2
24888,4.131228,3.235,4
24892,4.22279,2347.919,8
24894,3.322255,11.455,2
24895,4.131228,9.705,4
24898,6.404952,467.428,4
24901,8.800776,5481.374,12
24910,5.094711,3389.756,23
24915,4.108049,591.589,3
24916,5.632165,437.171,3
24918,3.723657,1243.831,14
24920,4.025296,314.981,3
24924,5.5,660.347,2
24925,9.10137,135.666,4
24927,3.972959,144.436,2
24931,5.313022,408.588,12
24934,4.164816,212.944,3
24935,3.949856,588.788,5
24941,3.033273,1181.575,3
24943,5.59205,122.429,6
24944,4.151086,354.095,3
24945,4.55731,451.284,9
24946,5.5,1327.769,2
24951,4.432106,1794.177,12
24954,5.433735,483.936,3
24962,3.949856,211.564,5
24963,3.623489,4489.019,9
24966,4.032666,925.331,5
24970,7.881894,77.617,7
24974,3.033273,198.879,3
24976,3.418237,1083.92,8
24977,5.393435,169.779,7
24981,4.059559,379.411,10
24983,4.171891,1837.21,8
24984,3.033273,423.105,3
24985,4.453244,438.478,10
24991,4.032666,271.972,5
24993,4.719494,57.358,5
25003,4.749213,3.929,3
25005,2.611533,287.992,4
25007,3.519723,320.143,8
25008,3.299628,308.781,4
25009,4.221795,1473.085,3
25011,3.372087,26.294,5
25015,6.975673,5295.146,15
25019,3.980538,592.367,6
25021,3.833333,81.349,1
25024,4.028974,477.984,4
25025,7.297272,289.195,8
25028,3.883527,380.319,3
25030,3.571531,477.24,6
25031,4.710576,163.788,4
25033,5.747252,2172.186,9
25035,6.138129,682.01,4
25036,4.710576,81.894,4
25039,7.301542,405.525,6
25040,4.710576,122.841,4
25043,3.480889,1325.475,10
25044,3.350439,259.014,6
25045,4.237189,4711.021,29
25047,3.033029,163.502,5
25048,3.299628,337.639,4
25049,3.777981,579.142,4
25051,4.221795,94.858,3
25053,5.431402,4552.554,12
25054,6.138129,3.988,4
25059,4.647639,2240.448,8
25060,3.299628,323.21,4
25062,3.299628,225.093,4
25063,3.876938,1491.414,16
25064,8.936679,9458.263,17
25067,5.131347,120.065,3
25070,5.889454,966.184,4
25071,5.23841,11405.146,19
25075,5.416053,1100.09,7
25079,4.301123,5.496,7
25081,7.536102,1270.476,5
25082,5.036418,2201.077,7
25083,5.059992,1081.272,5
25085,4.730095,570.177,8
25086,7.301542,8.192,6
25088,3.989592,117.967,3
25090,4.710576,122.841,4
25093,5.208737,275.314,3
25102,5.131347,381.635,3
25103,5.131347,278.722,3
25106,3.707705,373.796,7
25107,6.138129,402.825,4
25108,3.857666,687.825,9
25109,3.372087,5.843,5
25110,7.301542,16.385,6
25111,3.989592,469.358,3
25113,3.17073,966.89,5
25114,4.128511,330.804,6
25115,5.598186,110.915,4
25118,5.598186,508.062,4
25119,5.042445,155.237,6
25121,3.033029,913.932,5
25123,4.276432,822.172,12
25124,3.375329,1506.777,10
25125,3.945334,924.924,4
25126,7.301542,81.924,6
25130,7.554653,4550.664,8
25132,7.301542,311.312,6
25133,3.23608,713.802,5
25134,6.138129,3.988,4
25136,5.387296,3550.101,7
25139,5.598186,93.025,4
25140,3.299628,1246.668,4
25141,3.191757,294.759,5
25142,4.221795,267.834,3
25143,6.693312,3716.911,10
25148,5.094637,371.692,4
25154,4.758772,683.173,5
25159,4.975331,5339.19,10
25160,7.301542,569.373,6
25161,5.598186,490.172,4
25164,3.192662,1258.947,12
25165,4.723543,511.554,7
25168,4.535548,3503.695,9
25169,4.221795,605.415,3
25173,5.598186,486.594,4
25174,3.299628,288.58,4
25177,6.568811,23092.637,33
25180,3.80199,210.392,8
25181,4.991454,1862.309,4
25186,4.710576,163.788,4
25187,3.067568,837.816,4
25193,4.644196,150.906,4
25201,6.799668,17.225,2
25202,4.141895,957.391,9
25203,7.667262,108.381,5
25204,4.636684,126.905,3
25206,4.20484,28.547,2
25208,3.833333,1046.93,1
25209,3.606806,1040.25,12
25211,3.456602,2.013,3
25213,7.196069,6321.053,15
25214,6.126666,833.305,6
25234,3.868976,1042.975,6
25235,3.777032,1038.626,5
25239,4.502247,1759.891,5
25241,4.873712,1716.15,5
25245,3.76172,189.345,7
25247,7.416753,348.422,5
25248,3.847516,35.399,7
25251,2.611533,403.544,4
25252,4.118452,573.453,13
25253,3.894199,2836.581,5
25259,2.631361,727.971,7
25260,7.860405,1609.653,5
25261,3.861509,420.324,3
25262,4.477167,926.666,3
25264,4.230452,338.817,6
25265,3.734568,785,3
25266,2.70433,777.716,7
25268,3.861509,838.338,3
25270,2.714896,804.243,5
25271,6.302487,6381.866,13
25275,3.630035,2148.472,10
25276,5.185543,6131.997,14
25285,3.081792,673.159,2
25286,2.741822,142.544,8
25287,7.61792,1169.907,5
25301,9.873812,1915.138,13
25302,8.126786,13811.327,24
25303,6.758503,6406.532,10
25304,8.930792,6751.949,10
25305,7.101205,3.769,6
25306,5.555573,7625.796,17
25309,6.692599,6020.583,22
25311,7.395589,10031.929,21
25312,5.075786,5908.691,25
25313,7.09646,11539.671,24
25314,6.603465,13451.63,27
25315,6.138129,3250.516,4
25320,5.227064,2421.919,5
25321,12.833333,41.905,1
25322,12.833333,43.468,1
25323,12.833333,43.468,1
25324,12.833333,36.901,1
25325,12.833333,32.523,1
25326,12.833333,33.461,1
25327,12.833333,31.585,1
25328,12.833333,37.527,1
25329,12.833333,28.458,1
25330,12.833333,36.901,1
25331,12.833333,8.131,1
25332,12.833333,9.694,1
25333,12.833333,5.942,1
25334,12.833333,4.691,1
25335,12.833333,5.316,1
25336,12.833333,10.007,1
25337,12.833333,14.385,1
25338,12.833333,15.323,1
25339,12.833333,164.804,1
25356,8.481099,902.116,3
25361,12.833333,149.481,1
25362,12.353283,546.998,2
25364,10.343957,1372.963,5
25387,7.2391,5368.951,15
25401,9.814643,8706.11,16
25402,10.255312,2268.258,5
25404,8.288364,5388.202,13
25411,8.107457,3924.566,4
25413,4.381481,5374.198,3
25414,6.47765,17723.347,26
25419,6.229794,3655.963,2
25420,4.381481,25.802,3
25422,4.189984,2003.946,7
25425,5.109548,13616.339,10
25430,5.162573,6569.618,11
25432,7.833333,59.905,1
25434,4.163545,465.487,3
25438,8.905447,7537.146,6
25442,5.822497,2359.723,10
25443,6.288872,7032.008,5
25446,3.946611,1275.381,4
25501,2.842045,452.2,4
25502,3.099313,1391.581,7
25503,3.067568,1036.949,4
25504,5.293389,5491.75,18
25505,6.30729,218.984,3
25506,3.90981,4552.982,19
25507,9.799885,414.174,6
25508,4.627901,5690.613,14
25510,5.17954,2320.396,18
25511,2.840566,976.07,9
25512,3.167058,1325.858,7
25514,3.272916,3354.781,9
25515,3.889371,2241.975,7
25517,3.147716,1821.804,12
25520,3.067568,869.386,4
25521,3.076327,191.301,8
25523,7.553173,2903.479,7
25524,2.745121,2879.828,13
25526,6.644233,7751.785,20
25529,4.159021,1138.234,7
25530,7.745126,6251.186,18
25534,2.807896,334.054,13
25535,5.286575,2425.156,8
25537,5.271552,1368.974,4
25540,2.842045,180.56,4
25541,4.215692,1930.614,14
25544,6.876184,72.214,8
25545,5.214384,2852.653,11
25547,3.033029,536.62,5
25550,7.904317,4321.494,10
25555,3.170497,2396.551,3
25557,3.016173,1664.422,17
25559,4.05178,2754.551,7
25560,7.872859,7277.786,11
25565,2.842045,525.702,4
25570,4.930128,6114.254,14
25571,5.245569,1995.712,12
25601,6.260165,6475.875,16
25606,5.471548,2.321,3
25607,4.530412,858.031,5
25608,4.840072,920.435,4
25612,5.440252,593.673,9
25614,8.044338,8.82,2
25617,4.088623,1877.181,8
25621,4.478503,2598.457,8
25625,7.558204,2104.476,9
25632,5.451458,1245.564,7
25635,5.3786,2619.506,9
25637,8.044338,552.369,2
25638,4.77233,152.727,9
25639,8.044338,1.103,2
25646,5.471548,1782.877,3
25647,4.718367,1440.586,5
25650,4.883145,79.593,8
25651,2.824269,1300.359,8
25652,8.044338,365.489,2
25653,8.044338,0.551,2
25654,5.471548,127.68,3
25661,6.582812,6002.428,17
25666,2.406046,398.6,4
25669,2.792199,614.241,3
25670,4.073106,5924.181,13
25671,2.468738,1954.608,10
25672,2.439832,391.429,4
25674,2.569443,2674.574,7
25676,3.567115,1405.884,7
25678,3.124728,2228.706,7
25699,2.780664,190.306,6
25701,9.623326,18025.192,47
25702,8.584061,6958.679,14
25703,10.548396,6753.171,16
25704,7.419225,15376.673,33
25705,8.077026,14435.912,23
25706,12.666667,50.047,1
25707,12.666667,37.359,1
25708,12.666667,34.54,1
25709,12.666667,20.442,1
25710,12.666667,32.425,1
25711,12.666667,42.293,1
25712,12.666667,73.309,1
25713,12.666667,76.128,1
25714,12.666667,64.145,1
25715,12.666667,29.605,1
25716,12.666667,57.801,1
25717,12.666667,32.425,1
25718,12.666667,31.72,1
25719,12.666667,23.261,1
25720,12.666667,47.932,1
25721,12.666667,18.327,1
25722,12.666667,17.622,1
25723,12.666667,11.983,1
25724,12.666667,33.835,1
25725,12.666667,40.179,1
25726,12.666667,36.654,1
25727,12.666667,23.261,1
25728,12.666667,30.31,1
25729,12.666667,109.963,1
25772,11.033729,45.953,2
25773,11.033729,52.963,2
25774,11.033729,74.771,2
25775,11.033729,74.771,2
25776,11.033729,46.732,2
25777,11.033729,49.069,2
25778,11.033729,56.857,2
25779,11.033729,22.587,2
25801,7.874285,31626.814,41
25802,6.039108,2288.565,4
25810,4.980993,50.75,5
25811,4.731461,206.355,11
25812,4.851785,1056.606,4
25813,6.845269,6889.349,25
25817,4.799245,136.261,8
25818,6.039108,833.072,4
25820,3.097047,459.324,7
25823,4.530206,369,8
25825,4.953902,3668.24,19
25827,5.968648,3190.881,9
25831,3.255891,1575.494,5
25832,6.7228,3776.292,16
25836,6.355621,2.619,3
25837,4.72649,230.112,2
25839,4.831692,827.846,4
25840,6.974356,1849.018,12
25841,3.13695,504.01,12
25843,4.453437,931.495,6
25844,4.62198,969.791,8
25845,4.426387,1785.824,9
25846,4.824329,30.568,6
25848,4.077187,210.833,2
25849,4.891107,410.532,6
25854,4.8023,1054.298,6
25857,4.453437,101.849,6
25862,4.828985,135.488,6
25864,6.533999,120.276,3
25865,4.831692,1835.059,4
25868,4.727251,405.159,6
25870,4.935157,180.75,7
25873,7.690759,1619.862,2
25875,4.077187,18.333,2
25876,4.077187,687.5,2
25878,7.160399,1527.683,5
25879,6.795423,2.691,3
25880,6.327777,4672.072,18
25882,4.980993,2501.25,5
25901,7.294496,12248.185,13
25902,4.027025,423.478,9
25904,7.168702,2.552,2
25907,2.441359,3.178,3
25908,4.453437,80.631,6
25909,6.039108,571.903,4
25913,4.077187,192.5,2
25915,4.453437,180.358,6
25917,4.307253,2750.923,9
25918,6.22894,5485.016,10
25920,4.831692,450.716,4
25921,7.156446,1102.126,11
25922,3.467817,277.127,7
25928,4.980993,439.833,5
25932,4.831692,82.785,4
25936,3.224583,193.998,7
25938,4.851785,1891.547,4
25951,6.253298,7178.98,15
25958,4.314765,896.607,9
25962,4.79749,4039.092,9
25969,4.157853,1030.884,6
25971,4.642203,991.998,6
25972,4.032666,12.504,5
25976,3.216678,2996.292,13
25977,4.425024,87.473,3
25978,4.123659,615.513,3
25979,4.142572,1180.168,6
25981,4.277572,1024.681,18
25984,4.134186,931.912,9
25985,4.425024,400.748,3
25989,6.151811,344.854,8
26003,7.828705,40392.309,70
26031,7.536269,2296.202,9
26032,4.469689,492.706,9
26033,3.824259,2739.486,14
26034,7.976667,4391.852,12
26035,4.978478,1111.628,11
26036,3.729835,372.406,8
26037,6.317971,6264.547,7
26038,9.221828,2758.181,8
26039,4.114245,857.29,13
26040,7.499523,1714.768,7
26041,6.86994,9629.709,24
26047,5.545802,6656.634,16
26050,5.754525,1574.328,8
26055,4.483015,1919.757,17
26059,5.459035,3651.218,14
26060,5.318772,1893.155,4
26062,6.44894,17057.186,23
26070,4.138786,5744.086,21
26074,4.982768,636.335,2
26101,8.719287,25110.676,40
26102,11.34278,1255.71,2
26103,11.333333,701.545,1
26104,7.747517,15997.907,33
26105,8.23177,12049.557,16
26133,2.303175,1402.879,7
26134,7.624769,555.447,4
26136,5.154695,598.242,3
26137,5.059514,617.994,5
26138,3.620602,248.49,7
26141,4.379983,603.934,7
26143,3.855506,3701.468,13
26146,4.566863,1326.128,9
26147,5.042118,1644.815,6
26148,4.204597,247.642,2
26149,4.507923,1985.106,10
26150,2.29334,121.312,3
26151,4.132055,671.705,6
26152,4.465542,105.917,5
26155,8.786794,8584.788,34
26159,8.778924,2306.833,8
26160,5.194053,1315.558,6
26161,4.150754,489.827,4
26162,4.863891,135.763,9
26164,5.418311,8026.505,14
26167,3.175918,733.566,11
26169,2.304488,742.621,7
26170,6.256189,6223.798,23
26175,5.697207,3677.055,8
26178,4.204597,590.084,2
26180,4.030801,631.242,8
26181,4.639663,5824.69,10
26184,5.127288,2147.403,11
26187,6.978192,5914.003,8
26201,7.022104,19553.304,26
26202,4.024678,549.712,6
26203,4.846634,1.831,5
26205,5.547619,3538.348,4
26206,5,1189.116,1
26208,5.005598,1057.101,7
26209,3.972959,8.137,2
26210,4.348046,98.102,4
26215,4.348046,138.623,4
26217,4.846634,1.831,5
26218,4.343027,2642.849,11
26224,3.650887,210.236,8
26228,4.348046,81.041,4
26230,3.68071,192.336,8
26234,4.348046,1085.525,4
26236,4.348046,81.041,4
26237,3.623298,658.709,4
26238,3.645389,892.892,7
26241,7.575151,14662.773,23
26250,5.111106,5711.89,20
26253,5.346479,3808.842,12
26254,3.927439,320.039,6
26257,3.658045,914.589,4
26259,5.622198,25.054,4
26260,5.938503,1296.554,3
26261,4.508408,3138.024,11
26263,5.571555,643.125,6
26264,3.983136,528.192,3
26267,3.619418,584.295,12
26268,3.770663,97.188,7
26269,6.10785,729.616,8
26270,3.873646,512.081,6
26271,5.938503,257.593,3
26273,4.297252,1495.349,6
26276,5.65213,481.004,10
26278,3.658045,947.505,4
26280,4.303457,1911.501,8
26282,4.269265,281.725,8
26283,4.340317,1896.084,24
26285,3.697541,367.83,8
26287,5.834493,2922.139,12
26288,5.509641,2380.759,3
26289,5.938503,51.519,3
26291,3.972959,52.892,2
26292,4.875696,692.587,2
26293,3.658045,759.414,4
26294,4.316308,814.183,6
26296,3.751404,2.803,3
26298,5.519555,59.668,2
26301,8.600518,18688.338,23
26302,12.274842,911.733,3
26320,2.87632,770.028,10
26321,3.371189,405.192,8
26323,8.166667,10.253,5
26325,6.17124,273.289,6
26327,6.369955,89.26,8
26330,5.864977,4812.576,25
26335,5.032713,974.325,4
26337,4.189706,1146.024,12
26338,3.303251,652.649,4
26339,4.176454,323.131,4
26342,6.816312,21.976,3
26343,4.551678,589.686,7
26346,4.214256,603.315,11
26347,4.44504,2414.304,17
26348,3.171384,266.335,5
26351,6.816312,2514.024,3
26354,5.565737,10793.32,28
26361,6.748037,159.763,5
26362,5.876845,3310.193,10
26372,5.314194,701.378,9
26374,4.298319,1691.483,23
26376,4.934235,582.505,7
26377,3.068628,627.557,7
26378,5.285157,4199.359,12
26384,3.303251,60.869,4
26385,4.481242,3963.107,18
26386,2.902364,436.757,2
26404,6.424726,66.771,2
26405,3.658023,1309.61,7
26408,4.48721,2007.413,4
26410,3.83962,1072.534,9
26411,4.171717,935.059,8
26412,4.866248,521.939,11
26415,4.337246,3469.619,10
26416,5.291978,7720.892,20
26419,3.171384,877.195,5
26421,4.510483,264.702,8
26424,5.130196,2.808,7
26425,4.168979,1232.594,7
26426,4.808129,7442.778,13
26431,7.459238,6060.743,17
26436,6.022269,1.694,4
26437,3.171384,566.878,5
26440,4.221245,1148.444,20
26443,4.176454,39.406,4
26444,4.230821,3392.111,16
26447,4.827071,1142.973,7
26448,2.977893,1512.951,10
26451,5.833333,443.487,1
26452,5.830568,9418.201,15
26456,5.532012,4324.004,18
26501,7.578081,23256.474,28
26504,10.563393,807.71,5
26505,9.571336,19060.871,44
26507,8.837434,1555.846,6
26508,6.272219,29118.605,41
26519,6.806867,5.816,8
26520,5.002701,73.508,5
26521,3.45776,281.692,6
26524,5.396178,149.435,4
26525,5.827702,11.549,4
26531,7.19218,1940.245,4
26534,9.394837,22.05,3
26537,6.644037,5949.924,21
26541,4.383726,3081.6,17
26542,5.538771,2001.654,12
26543,4.53824,95.075,5
26546,4.53824,62.785,5
26547,5.203059,2939.527,17
26554,7.881851,30049.444,63
26555,11.653474,1416.744,6
26559,5.644586,183.253,2
26560,4.120996,172.284,4
26562,3.205242,809.169,18
26563,5.404037,7.431,3
26568,4.877116,394.028,2
26570,3.464486,1999.331,12
26571,5.39504,1343.808,8
26575,2.968045,535.371,4
26576,5.404037,29.725,3
26581,3.027147,966.752,9
26582,4.832626,3616.487,20
26585,3.846324,553.466,20
26586,8.141303,103.765,4
26588,4.16461,3777.402,20
26590,3.45776,636.494,6
26591,4.570499,966.268,6
26601,4.899949,4987.514,15
26610,5.00005,861.83,7
26611,5.032713,50.436,4
26615,5.032713,194.865,4
26617,4.284634,275.435,7
26619,5.019828,693.398,8
26621,5.032713,632.738,4
26623,4.738086,1252.41,9
26624,4.721491,2757.717,8
26627,5.032713,506.649,4
26629,4.846634,466.968,5
26631,5.032713,373.682,4
26636,4.44441,273.428,7
26651,4.891212,3337.955,14
26656,4.521359,1700.408,5
26660,5.465844,299.768,6
26662,4.009236,406.993,4
26676,4.009236,399.216,4
26678,4.438283,832.905,3
26679,4.414572,2063.926,7
26680,4.718969,457.54,9
26681,4.009236,1617.602,4
26684,4.428469,226.651,7
26690,4.473794,553.308,5
26691,5.337555,476.505,6
26704,5.645202,672.602,2
26705,4.949758,890.265,4
26707,3.204975,4.272,4
26710,3.208174,1869.004,7
26716,4.948839,569.536,6
26717,4.888097,885.848,10
26719,6.200665,1728.75,5
26720,3.204975,151.654,4
26726,6.849913,13016.326,21
26731,3.212861,329.05,9
26739,3.204975,899.242,4
26743,5.478004,1147.876,11
26750,5.247622,877.623,2
26753,6.428622,7531.894,8
26755,5.645202,308.369,2
26757,5.600624,2080.449,5
26761,5.645202,368.702,2
26763,6.288917,470.216,3
26764,4.949758,1715.344,4
26767,8.511425,663.313,5
26802,3.928624,798.79,2
26804,4.485163,641.02,6
26807,4.183739,2600.811,6
26810,5.418035,3.902,4
26812,5.418035,942.444,4
26814,4.5,515.946,2
26815,3.954213,959.067,6
26818,5.420539,810.894,6
26833,4.026028,2346.913,6
26836,5.416962,2318.401,6
26838,5.418035,80,4
26847,6.770469,6329.651,18
26852,3.208527,35.947,3
26855,4.33158,638.822,2
26866,4.437289,747.681,10
26884,4.5,801.517,2
27006,5.229537,6635.692,7
27007,3.476811,2244.949,7
27009,3.342438,2265.95,7
27010,4.682406,559.327,3
27011,4.969433,4853.198,12
27012,6.433419,28713.748,26
27013,4.241182,2746.442,12
27016,4.499391,1291.962,3
27017,5.714113,8449.342,15
27018,4.331602,8056.233,9
27019,3.958739,3556.43,16
27020,4.888729,1389.827,9
27021,5.19252,12364.236,20
27022,4.499391,944.66,3
27023,6.287527,12806.6,14
27024,4.712516,70.465,4
27025,5.424926,8336.059,24
27027,6.185033,4570.742,10
27028,6.200365,12305.426,16
27030,6.039077,33539.179,39
27040,5.364966,11972.9,17
27041,5.804151,6914.997,13
27043,4.421221,5570.33,11
27045,4.927751,9734.945,18
27047,3.521093,1278.232,2
27048,4.732915,7986.411,16
27049,8.259785,1165.607,4
27050,4.594271,3106.652,9
27051,5.016632,8661.466,18
27052,3.441473,4554.409,10
27053,4.161959,758.549,11
27055,4.252154,5897.158,15
27101,10.418566,20355.822,42
27102,7.68131,809.059,3
27103,8.086319,32209.124,51
27104,7.038124,27562.221,37
27105,6.729983,37645.601,55
27106,6.498008,34052.971,47
27107,6.110956,45527.089,45
27109,7.797157,3888.123,3
27113,16.666667,316.784,1
27114,6.864142,1238.441,4
27115,7.68131,1061.321,3
27117,5.729335,1171.192,4
27120,16.666667,351.168,1
27127,6.918711,39700.907,41
27130,6.145614,619.456,3
27201,4.767698,665.501,3
27203,8.350618,20314.76,17
27205,5.425782,23511.472,22
27207,4.112719,3869.215,9
27208,3.245982,1748.997,9
27212,5.545026,1913.398,6
27214,5.483889,7145.606,13
27215,7.762954,38288.709,53
27216,8.517827,2007.835,6
27217,5.656492,29055.451,53
27229,4.465964,216.314,5
27231,5.04661,12.492,2
27233,4.91027,1184.42,4
27235,6.416828,6359.512,6
27239,4.751158,8865.264,17
27243,4.362894,2.008,5
27244,6.109641,17506.031,24
27249,5.741399,6344.447,22
27252,4.118176,1662.569,10
27253,5.946981,28714.399,39
27258,5.024666,6657.497,14
27260,7.709335,25575.523,42
27261,6.70396,1819.119,4
27262,9.234196,24583.581,37
27263,6.685905,21725.175,21
27265,7.425529,44853.114,31
27278,6.010127,6346.509,14
27281,3.946778,263.991,9
27282,6.88898,17541.371,21
27283,3.709953,2615.308,11
27284,6.906551,51396.342,46
27285,9.111179,1428.273,4
27288,5.478015,22235.867,31
27289,9.634482,1666.431,3
27291,4.372246,1707.437,11
27292,6.738387,16693.856,30
27293,11.578216,994.394,2
27295,5.56303,26634.639,31
27298,4.934104,8349.637,14
27299,4.257891,3649.612,10
27301,6.0132,5102.398,13
27302,7.014849,21934.876,25
27305,3.597579,1547.743,6
27306,4.546032,5377.451,7
27310,6.487161,7486.865,10
27311,3.170304,3436.578,12
27312,5.173068,2557.389,11
27313,5.669852,4101.384,6
27314,4.325347,1014.785,3
27315,3.243108,1984.368,6
27316,2.866221,1759.157,3
27317,4.906463,5747.571,23
27320,4.64171,29969.639,38
27325,2.483127,1640.521,9
27326,3.269664,3709.879,12
27330,6.520068,32737.47,37
27331,9.054542,2083.7,2
27332,5.234622,21320.865,33
27341,2.866221,1017.572,3
27343,4.140806,2207.565,9
27344,7.29346,14446.932,19
27349,3.251502,5925.272,13
27350,3.826534,6403.454,15
27355,6.180709,698.774,8
27357,5.350261,9106.63,11
27358,6.139997,13239.701,17
27359,8.042825,204.518,5
27360,6.293198,34750.565,37
27370,4.377859,15129.651,26
27371,3.781544,249.929,3
27376,5.979311,70.89,2
27377,5.282449,3798.661,5
27379,5.497158,5198.024,14
27401,10.435744,17811.687,22
27402,11.541498,2145.182,3
27403,10.59329,20699.968,32
27404,12.333333,1113.211,1
27405,6.935249,47680.17,43
27406,7.114811,49187.693,48
27407,7.35344,37832.804,40
27408,8.633174,16281.301,33
27409,8.072269,16157.711,23
27410,7.741943,54055.76,51
27415,6.889126,1331.464,2
27416,8.698778,1218.278,4
27419,9.346225,1497.049,3
27420,11.541498,701.288,3
27425,9.346225,331.534,3
27429,11.541498,1003.151,3
27435,11.541498,317.932,3
27438,8.762294,893.672,4
27455,7.439818,23308.024,25
27501,6.779273,13078.647,11
27502,8.697678,8616.185,7
27503,3.670063,4836.646,10
27504,6.200661,636.839,10
27505,4.167766,6759.466,16
27507,3.132201,1873.383,6
27508,6.060982,1681.949,2
27509,5.645338,5549.452,8
27510,12.889533,6392.136,9
27511,11.989086,30498.406,32
27512,13.066595,2051.319,3
27513,11.502965,42772.15,30
27514,14.331343,23250.766,19
27516,10.854633,22265.943,26
27517,6.127564,14464.058,22
27518,10.804442,20519.69,21
27519,9.049595,37039.663,21
27520,7.175132,6183.994,7
27521,5.376738,6271.329,7
27522,4.201427,2686.471,7
27523,9.24074,6858.88,19
27524,2.55575,273.202,3
27525,4.739085,7969.609,10
27526,7.358607,22623.684,19
27527,7.097366,1516.898,3
27528,7.097366,1105.169,3
27529,8.091583,18985.209,20
27530,6.262389,25666.359,34
27532,9.508591,1034.424,2
27533,7.486639,979.692,2
27534,6.407601,32519.371,28
27536,8.131679,15946.499,23
27537,4.764099,15633.93,35
27539,7.111221,11917.692,13
27540,8.128004,21228.17,15
27541,4.589967,3781.368,8
27542,3.248366,2153.276,6
27544,4.25893,4517.756,13
27545,8.108481,28808.619,21
27546,5.528233,20701.605,25
27549,6.259887,14689.819,16
27551,3.437521,1903.859,8
27553,5.337393,1044.667,3
27557,5.076664,259.741,4
27559,4.644849,1595.772,7
27560,9.369556,11824.12,15
27562,4.92664,818.774,3
27563,2.788217,1481.045,8
27565,5.21607,25774.338,35
27569,5.162601,1024.15,6
27572,3.671292,7756.873,18
27573,7.112466,11008.323,24
27574,4.300752,14154.241,28
27576,6.405824,8320.595,12
27577,8.008914,11291.405,12
27581,3.627371,3745.879,5
27583,4.51244,6955.301,12
27587,8.650483,18316.719,16
27589,5.015881,8273.96,11
27591,6.126955,16424.212,15
27592,6.002352,6437.873,7
27596,6.397801,12737.411,6
27597,4.935856,5969.203,10
27601,15.702479,9180.311,18
27602,18.666667,726.451,1
27603,8.190884,25804.688,39
27604,13.388634,32331.295,34
27605,17.602944,6862.772,20
27606,11.72837,22878.369,28
27607,13.74191,28375.51,30
27608,13.356701,10086.179,20
27609,12.638591,29296.391,31
27610,10.134957,51008.526,49
27611,18.666667,1015.94,1
27612,11.663748,22983.531,30
27613,8.502788,43652.451,33
27614,6.573459,9584.166,16
27615,10.851702,37787.815,38
27616,11.098303,13007.235,14
27617,8.715832,6953.003,6
27619,14.968057,1495.457,3
27620,10.295912,1611.201,2
27622,14.968057,1086.486,3
27623,9.333333,254.574,1
27624,11.643989,1312.236,2
27628,12.814745,609.055,5
27629,11.884292,1296,3
27636,14.18747,334.813,3
27658,15.418212,449.277,2
27661,10.333333,307.801,1
27675,9.333333,484.108,1
27701,14.946776,23475.394,41
27702,18.166667,806.466,1
27703,9.297636,39660.957,28
27704,9.31493,38842.193,38
27705,12.482879,29683.068,34
27707,12.010672,32923.945,36
27712,5.472864,17786.33,19
27713,8.729607,45053.085,29
27722,5.884072,1989.98,4
27801,9.308443,18893.473,30
27802,14.884452,1728.946,4
27803,11.626131,8513.343,20
27804,9.943624,15231.161,17
27805,3.817724,3546.255,11
27806,3.833545,2569.038,6
27807,4.686214,5474.135,5
27808,4.555022,2008.224,4
27809,5.018589,3522.048,5
27810,4.659843,1048.057,2
27812,4.46721,2042.025,14
27813,4.077912,485.521,3
27814,3.693502,1929.257,3
27816,3.70579,2198.717,6
27817,3.697579,2373.879,6
27821,3.769254,346.348,6
27822,3.49196,1781.532,10
27823,3.548585,2959.518,10
27825,5.814218,1.769,4
27826,4.444525,39.516,5
27828,5.910652,9428.234,16
27829,3.667394,1761.341,11
27830,4.896431,2817.804,7
27831,5.426157,1275.041,3
27832,5.397529,3014.471,5
27833,8.293544,1183.064,2
27834,8.272821,23310.225,40
27837,4.598159,5180.439,9
27839,4.718797,3455.179,10
27840,3.866416,82.339,3
27842,4.414122,1428.733,4
27843,3.639397,566.646,6
27844,3.004735,2989.864,6
27846,3.504399,3233.214,7
27847,2.842124,698.389,3
27849,2.842124,1100.896,3
27850,4.392926,3827.957,12
27851,3.499114,5164.2,9
27852,3.122666,3175.689,15
27856,4.443202,7929.486,12
27857,3.867265,1350.832,7
27858,7.090289,38792.054,31
27860,3.630869,36.153,2
27863,5.074513,8777.78,13
27864,4.486943,4526.876,11
27865,4.479889,1062.116,7
27866,5.426157,204.007,3
27869,2.842124,18.659,3
27870,7.653452,20048.924,23
27871,5.500126,4798.659,18
27872,2.842124,191.924,3
27874,4.292569,152.436,6
27879,4.927756,610.163,2
27880,5.164701,171.638,2
27882,5.532675,5864.837,14
27883,4.235158,3897.992,18
27884,4.543373,545.623,5
27886,6.189897,20681.516,32
27888,3.811841,2544.996,8
27889,6.723059,24736.207,21
27890,7.786149,2811.067,9
27891,4.129844,2952.397,13
27892,5.79277,13879.044,18
27893,7.098048,20489.933,30
27894,9.833333,657.727,1
27896,7.647055,7261.585,8
27897,3.82271,234.006,2
27906,12.129353,1139.827,2
27907,12.129353,325.901,2
27909,7.354757,38022.658,28
27910,6.031444,10225.371,18
27915,7.300721,3746,3
27916,5.807303,894.569,2
27917,4.869061,686.55,2
27919,3.795189,25.227,4
27921,4.002163,4964.243,6
27922,6.674528,16.614,4
27923,5.451737,807.045,4
27924,3.273742,3187.143,6
27925,4.444525,3930.716,5
27926,3.853864,1771.509,7
27927,8.71191,932,2
27928,3.693945,2076.503,14
27929,4.573475,1654.505,4
27932,6.587247,7965.29,14
27935,3.012751,1664.296,3
27937,3.653723,4512.33,6
27938,3.896862,1267.949,10
27939,5.807303,1918.931,2
27944,5.902414,6636.053,6
27946,3.795189,917.885,4
27947,5.807303,9.984,2
27948,8.751877,4392.576,8
27949,8.983951,7594.675,9
27950,4.833333,1439,1
27953,2.5,880.26,2
27954,7.568826,7479.897,7
27956,4.825805,308.544,4
27957,3.273742,1274.444,6
27958,4.496219,3860.884,4
27959,9.466586,2905.749,4
27962,3.649958,1057.561,14
27965,5.807303,427.317,2
27969,3.012751,2.204,3
27970,3.638859,3398.602,9
27973,4.661504,1592.761,6
27974,4.2322,1305.393,4
27976,3.667635,3648.887,2
27978,2.5,335.74,2
27979,3.80968,1401.599,7
27980,6.686007,192.657,3
27981,4.5,1741.103,2
27983,3.258347,3285.297,12
28001,6.203882,18435.527,21
28006,3.169633,596.13,5
28009,5.541179,175.276,3
28012,8.879236,8987.575,17
28016,5.865309,9982.55,24
28017,7.400023,5.677,3
28018,6.476699,774.487,12
28020,2.750728,2200.981,6
28021,5.538301,13109.322,20
28023,7.091655,14696.498,30
28025,9.18514,28426.532,31
28026,12.003306,1139.36,4
28027,8.625925,48560.424,34
28031,13.615453,6732.87,9
28032,6.348911,1034.292,2
28033,3.974273,2676.049,11
28034,5.568778,15065.908,25
28036,9.470375,15383.427,13
28037,6.627735,20086.593,20
28039,5.298014,1047.679,4
28040,4.415426,144.017,7
28041,5.789022,1152.63,4
28043,6.681863,18528.569,24
28052,6.514164,28574.38,43
28054,7.726511,31344.522,32
28055,8.411795,1107.118,4
28056,6.068306,16652.289,31
28071,4.516125,3131.96,18
28072,5.789022,1387.937,4
28073,5.221096,2061.834,9
28075,9.463211,5129.902,4
28077,4.070411,2.5,2
28078,10.395573,23985.688,23
28079,7.092323,30341.441,27
28080,3.720885,7432.483,12
28081,8.136323,15556.542,19
28082,15.166148,1744.092,3
28083,10.770297,16207.496,24
28086,6.078128,20780.054,29
28088,8.454178,3274.535,5
28090,4.05698,7587.533,28
28091,4.318203,1845.717,6
28092,5.377869,37763.611,53
28093,9.469187,1544.43,6
28097,6.373731,5793.615,11
28098,7.173007,78.854,2
28101,9.16217,24.042,3
28103,4.215906,11104.786,16
28104,7.293136,18238.51,31
28105,8.226905,25669.774,36
28106,9.386256,2414.646,2
28107,4.23038,555.156,11
28110,5.046886,33397,37
28111,8.575119,2762.92,3
28112,5.255921,25705.415,25
28114,4.686674,5223.064,14
28115,6.557136,30360.859,31
28117,7.33357,37663.603,24
28119,2.271778,2124.873,3
28120,8.054249,6158.863,9
28123,6.399301,600.603,2
28124,5.477437,6887.918,12
28125,4.678142,2548.079,9
28127,4.662309,5481.971,21
28129,6.858469,215.486,7
28133,3.149857,615.892,11
28134,9.235705,6617.387,8
28135,4.988966,264.054,10
28136,4.621296,821.487,2
28137,5.035441,3350.527,12
28138,5.326353,10267.22,24
28139,4.62885,6451.792,10
28144,7.879945,22934.384,32
28145,8.17835,2184.164,3
28146,5.410106,25259.444,38
28147,5.24271,23963.955,36
28150,6.359103,22143.42,41
28151,9.435726,1530.857,4
28152,5.300346,23005.571,33
28159,7.785308,3053.591,7
28160,8.452518,3542.58,17
28163,5.241637,4699.966,4
28164,6.170041,6029.46,8
28166,5.187124,9950.243,24
28167,3.510086,8.161,3
28168,4.041409,10245.632,26
28170,4.739493,7230.169,10
28173,6.157356,41783.94,24
28174,5.727487,9238.413,18
28202,16.374757,1258.045,5
28203,13.667807,5538.343,6
28204,15.250176,6357.385,19
28205,13.551312,47831.608,51
28206,13.30413,11660.148,16
28207,14.0101,9496.759,13
28208,13.042651,26495.822,31
28209,13.632559,12588.651,16
28210,11.160179,37686.535,24
28211,12.080426,8603.197,9
28212,12.044403,30374.763,22
28213,11.071219,26371.995,28
28214,7.815201,15217.393,15
28215,9.243095,49338.872,33
28216,8.789368,27631.464,17
28217,12.950844,18049.972,19
28220,13.787798,924.636,3
28221,6.203973,1262.236,2
28222,16.468817,1336.374,2
28224,15.178527,1945.347,2
28226,10.569132,24237.151,25
28227,9.470089,40626.451,31
28230,16.435423,161.612,2
28231,16.435423,143.656,2
28232,16.435423,150.639,2
28233,16.435423,270.352,2
28234,16.435423,143.656,2
28235,16.435423,102.754,2
28236,16.435423,186.553,2
28237,16.435423,86.792,2
28247,10.832963,1883.897,3
28256,8.5,1556.306,1
28262,9.561565,21381.666,22
28266,14.612768,950.762,4
28269,9.026296,45999.422,27
28270,9.530146,30031.075,21
28271,8.967489,1108.581,2
28273,10.722599,16151.208,15
28277,9.685947,28862.757,23
28278,7.627834,7715.461,2
28297,13.175,828.784,2
28299,13.766223,580.744,2
28301,7.371753,15255.9,34
28302,9.402792,1465.198,3
28303,8.153831,17900.878,32
28304,7.328172,26485.864,35
28305,8.501005,5829.156,22
28306,6.446094,20123.665,36
28307,5.194144,10844.04,6
28308,4.333333,2142.07,2
28309,7.562898,1461.899,4
28311,6.907554,28146.221,22
28312,4.319427,6127.502,12
28314,6.567814,48291.689,35
28315,4.541425,5124.569,12
28318,3.344909,2744.981,7
28320,2.943713,233.528,3
28323,4.072792,4056.383,5
28326,4.97318,19176.83,14
28327,4.754577,6164.768,8
28328,7.418482,2470.766,7
28329,8.037852,2154.339,4
28331,7.5,739.413,1
28333,4.526915,8231.081,9
28334,8.013789,17331.893,25
28337,3.462802,965.356,2
28338,4.442678,4183.574,11
28339,6.153971,6965.502,13
28340,4.432477,10321.291,16
28344,3.92835,1849.489,6
28345,6.384325,12268.567,14
28347,3.859658,1394.305,6
28348,6.007419,11812.56,9
28351,5.223055,124.179,7
28352,6.741427,19306.926,19
28353,9.256002,1773.643,4
28356,3.161522,5679.215,6
28357,3.077251,1374.773,8
28358,5.918615,36707.853,43
28359,10.532079,1491.416,3
28360,4.62243,10899.196,22
28363,5.055713,569.704,9
28364,4.658622,8546.069,13
28365,5.756891,9500.56,11
28366,3.387141,24.804,3
28369,2.877929,2766.135,5
28371,4.589815,3202.075,13
28372,6.356887,11554.455,10
28373,4.57619,2452.876,3
28374,6.778265,7064.334,8
28376,5.064113,12731.881,15
28377,2.816783,5329.277,10
28379,5.69542,24363.184,41
28380,8.733333,1310.439,3
28382,3.300645,2050.269,10
28383,3.843574,8641.392,14
28384,4.861462,10319.397,13
28385,3.387141,547.939,3
28386,3.247204,5785.268,9
28387,7.975357,8487.957,8
28388,10.954924,1064.884,3
28390,5.168759,14005.567,20
28391,3.278987,138.666,7
28394,5.207504,263.741,2
28395,5.478956,1121.908,3
28398,4.035171,402.495,2
28399,3.459411,1986.778,6
28401,15.473712,21282.034,27
28402,16.392805,672.374,2
28403,13.353652,14654.868,24
28405,11.717618,27089.18,22
28406,13.671731,1261.323,3
28409,7.86585,20881.284,10
28411,6.239267,24307.186,15
28412,11.84793,17849.79,19
28420,5.688089,2997.811,10
28421,3.590429,1633.287,3
28422,5.88672,3880.888,13
28423,3.613864,2124.296,7
28425,6.161776,11267.804,14
28428,10.450352,6448.665,8
28429,4.549371,574.958,3
28430,4.080541,1707.979,12
28431,5.356847,7406.662,23
28432,3.238999,1841.139,7
28433,2.829471,1169.529,6
28434,5.237975,20.743,3
28435,3.438075,2527.233,5
28436,3.837475,2259.185,8
28438,2.943713,1492.781,3
28439,4.050331,1481.47,4
28441,3.430407,2868.933,9
28442,3.237237,1458.117,6
28443,6.902269,17611.283,8
28444,3.429917,114.576,3
28445,6.795964,5045.185,6
28447,3.590429,408.828,3
28448,3.590429,66.789,3
28449,7.546455,2016.335,2
28450,5.107788,2375.104,6
28451,4.687584,16065.489,10
28452,5.479815,450.362,3
28453,4.035171,2264.64,2
28454,3.990844,844.678,4
28456,3.94668,2592.043,8
28457,5.73903,9951.616,12
28458,4.035171,379.865,2
28459,6.290735,2325.936,2
28460,5.982046,2590.65,3
28461,7.24772,18257.872,12
28462,5.145068,7205.783,12
28463,4.045245,332.679,7
28465,5.512783,1721,5
28466,3.079082,2412.326,8
28467,4.754426,1913.322,10
28468,6.681212,2613.981,12
28469,6.753871,5504.91,14
28470,5.866759,3255.493,12
28472,6.009763,17296.512,26
28478,3.358375,4824.317,8
28479,3.903733,2543.389,10
28480,7.679088,2536,3
28501,7.45064,18798.156,33
28504,6.186952,15024.925,24
28511,4.5,670.809,1
28513,4.441775,5245.906,10
28515,5.745243,36.497,2
28516,5.858075,9458.775,11
28518,3.116803,63.682,3
28519,5.036496,1513.379,5
28520,3.568933,265.644,2
28521,3.116803,2035.627,3
28524,3.568933,473.678,2
28525,3.391225,428.71,4
28526,3.426851,541.756,7
28527,5.036496,535.381,3
28528,5.03437,522.888,3
28529,4.875787,973.689,2
28530,5.023544,6359.096,17
28531,6.23157,1361,2
28532,6.107489,20460.035,14
28538,2.870594,1568.745,10
28539,4.702111,4043.229,5
28540,6.352571,28314.599,23
28541,9.243454,994.092,2
28544,5.645811,6570.195,13
28546,6.459604,25134.049,24
28547,5.245357,18236,8
28551,4.94131,14211.286,20
28553,5.03437,312.851,3
28555,3.987003,5164.154,8
28556,5.745243,967.898,2
28557,6.777379,11628.966,16
28560,7.065105,18379.409,23
28561,7.945671,2061.356,2
28562,7.621934,18962.309,26
28563,11.120952,916.38,2
28564,6.796491,767.165,4
28570,5.797944,22021.287,17
28571,5.745243,1360.605,2
28572,3.434283,367.84,3
28573,5.343349,1967.115,4
28574,3.309893,302.989,8
28577,4.494768,284.791,3
28579,4.653539,418.732,5
28580,3.261649,5212.066,11
28581,3.568933,196.832,2
28582,4.982038,1147.23,5
28584,4.733733,3205.495,6
28585,4.268752,3774.163,7
28586,4.119856,209.427,3
28590,7.94411,10924.561,12
28594,7.333333,1211,1
28601,7.251841,37874.148,41
28602,6.781248,29203.666,44
28603,10.029247,2592.723,8
28604,7.030748,8713.555,17
28605,7.630911,3744.155,19
28606,6.07138,1946.338,11
28607,8.443444,35508.119,30
28609,4.468457,5426.456,15
28610,4.680872,8789.612,22
28611,4.521883,741.973,10
28612,4.338071,11320.03,26
28613,5.217521,15943.227,33
28615,3.449164,2042.764,6
28618,5.318084,2222.827,3
28619,5.332265,2.603,3
28621,6.508055,7945.149,17
28622,5.858172,2164.641,11
28623,4.551334,1617.316,4
28624,5.918401,131.598,10
28625,5.279223,40269.798,40
28627,4.551334,1417.921,4
28630,6.423949,11801.083,24
28631,3.273692,106.705,3
28634,3.866776,4562.287,13
28635,3.448323,2231.886,7
28636,3.891127,5235.337,18
28637,5.957523,3537.553,9
28638,5.854488,12224.906,20
28640,7.458552,1.208,4
28642,5.517263,5313.445,9
28643,3.365817,2521.736,5
28644,3.273692,715.707,3
28645,5.731202,39601.49,53
28650,4.940424,12970.515,30
28651,3.678656,6250.551,10
28654,6.033821,3805.76,12
28655,5.732517,41970.107,41
28657,5.79766,9554.967,13
28658,6.206002,26420.605,38
28659,5.960988,13970.53,26
28660,3.753982,2251.13,13
28663,3.273692,792.482,3
28665,3.266721,643.389,7
28667,7.391356,6.481,3
28668,4.551334,63.3,4
28669,3.497578,236.125,8
28672,3.273692,28.628,3
28673,4.325091,3143.055,7
28675,6.209679,6230.94,11
28676,5.207571,2390.252,11
28677,6.329998,31682.57,45
28678,4.213171,5841.812,20
28679,5.315046,1862.269,12
28680,10.125161,1799.324,2
28681,5.526904,25334.544,28
28682,3.921436,59.271,2
28683,3.414779,1907.766,6
28684,4.459845,930.675,6
28685,3.480683,1802.816,3
28687,7.044305,2474.937,8
28689,4.010133,1645.659,10
28690,5.091414,4131.93,11
28692,5.928831,4115.413,14
28693,4.243854,1036.692,9
28694,7.458552,4382.012,4
28697,6.337362,9479.681,19
28698,4.379059,2332.806,12
28701,4.837056,4093.209,15
28702,4.796635,391.105,5
28704,9.17931,13274.454,19
28705,4.491941,6240.545,16
28709,4.184666,1935.819,3
28711,6.539974,2820.303,11
28712,4.764981,105.23,5
28713,6.163415,9323.722,20
28714,5.971499,15285.326,23
28715,5.678116,23057.459,16
28716,4.742793,11996.744,17
28717,7.549942,986.172,4
28719,5.022698,6369.854,9
28721,5.120906,3050.306,12
28722,5.693394,6225.041,6
28723,6.051853,11430.541,13
28725,7.231852,1056.08,4
28726,6.544942,67.507,3
28727,4.437615,1.731,3
28729,5.712905,2714.565,3
28730,5.498161,8987.302,11
28731,6.729405,3649.621,10
28732,6.736544,17030.671,28
28733,4.710207,62.101,2
28734,5.639545,22469.89,25
28735,4.437615,263.166,3
28736,6.340606,722.041,7
28739,6.642546,19624.159,32
28740,4.540429,2539.137,12
28741,8.095868,4259.601,14
28742,6.045938,3783.459,16
28743,5.219546,1921.114,7
28747,3.493212,3.519,3
28748,4.411893,8065.845,12
28751,5.4807,291.985,8
28752,6.086499,22953.176,26
28753,5.445143,7946.854,18
28754,3.76373,4705.779,13
28756,3.661941,308.059,5
28758,6.128805,2203.075,3
28759,5.906572,7960.752,16
28760,7.174491,1279.437,2
28761,5.431602,2858.568,3
28762,3.718886,6593.436,13
28763,5.737538,2568.891,10
28766,4.729525,1172.552,10
28768,5.091141,7304.328,11
28771,4.389944,8120.283,9
28773,6.095851,2876.585,5
28774,8.130551,1162.519,5
28775,6.559816,415.347,6
28776,14.789,2057.186,4
28777,7.041105,9070.134,12
28778,7.313346,7201.993,9
28779,6.226048,16394.514,25
28781,3.296267,1122.939,7
28782,5.84364,6211.874,9
28783,4.178657,1117.629,10
28784,4.851544,48.453,2
28785,5.327338,4505.006,7
28786,7.035458,13761.997,12
28787,6.159538,14988.726,17
28788,8.785725,702.626,2
28789,5.017522,6626.676,15
28790,4.869316,3000.794,7
28791,7.052624,12205.881,21
28792,7.015715,21016.523,39
28793,12.742649,1568.287,2
28801,16.337889,13332.159,21
28802,19.5,901.294,1
28803,11.46945,28689.067,29
28804,10.061073,14328.54,25
28805,11.90084,11460.257,14
28806,11.317856,26434.455,29
28813,11.469607,2218.431,2
28814,13.873417,987.183,3
28815,13.953219,1449.298,2
28816,13.586688,1635.15,5
28901,3.3979,837.49,6
28905,3.398044,1388.127,2
28906,2.909627,2645.569,4
29001,3.895749,2223.329,5
29003,4.531512,261.487,4
29006,7.090861,7504.503,17
29009,2.959594,1793.974,6
29010,5.366231,6546.47,9
29014,3.650396,1677.796,10
29015,3.490242,1600.857,5
29016,4.203829,7262.441,5
29018,4.162149,2679.47,4
29020,5.689145,19414.719,22
29021,6.735506,1148.134,6
29030,3.644488,1522.833,11
29031,2.95672,1230.712,10
29032,3.278277,1224.855,10
29033,12.132363,13156.799,19
29036,6.230179,10033.609,7
29037,2.842289,1022.43,12
29038,3.60416,16.248,4
29039,3.614492,3778.591,8
29040,5.482187,6435.545,9
29042,3.545681,114.315,2
29044,4.591136,5473.092,8
29045,4.290499,6645.339,10
29047,4.092596,3467.415,7
29048,5.8192,71.016,4
29051,3.540513,880.773,9
29052,4.719601,494.785,4
29053,3.810779,13062.062,18
29054,5.197539,6366.535,7
29055,4.531583,4208.744,11
29056,4.492366,2111.794,8
29058,4.002376,4350.273,12
29059,5.628194,5337.116,10
29061,5.383566,10010.219,12
29063,7.722139,16825.521,20
29065,3.485891,490.466,2
29067,2.959325,2636.511,11
29069,4.403505,4722.688,10
29070,5.359497,9537.29,17
29071,9,1379.833,1
29072,7.77556,29346.814,25
29073,5.661176,14635.204,16
29074,4.524367,252.507,3
29075,4.674674,395.391,3
29078,5.276259,14621.692,15
29080,3.477452,2925.585,8
29081,5.472054,886.203,6
29082,2.871884,524.328,4
29101,4.349186,3102.326,5
29102,5.616883,16616.829,26
29104,4.293194,827.399,8
29105,3.2232,1390.447,6
29107,3.192607,2163.279,3
29108,5.10744,12266.293,20
29111,3.284602,1502.955,7
29112,3.555738,3868.882,14
29114,4.905545,1661.235,9
29115,6.872537,20244.898,33
29116,10.857995,1468.007,4
29118,7.672607,7099.95,16
29123,3.276233,3560.318,5
29125,3.865496,2058.238,14
29126,3.578148,2443.272,3
29127,4.968174,4788.653,8
29128,4.762997,4868.932,9
29129,3.455405,2878.382,13
29130,3.016413,1538.667,5
29133,4.162149,158.653,4
29135,3.40595,2205.343,11
29137,3.486736,2225.879,6
29138,5.197693,10406.488,12
29142,4.595451,1241.691,3
29145,2.68543,914.307,3
29146,3.292128,480.009,6
29148,4.211783,6763.384,10
29150,7.937991,33632.798,42
29151,9.905147,1729.406,3
29152,5.974901,2327.277,7
29153,5.632924,10526.817,20
29154,5.57853,19496.844,22
29160,3.87004,8034.934,14
29161,4.234546,10982.999,20
29162,4.115129,3011.202,7
29163,5.8192,39.181,4
29164,4.045194,4642.797,9
29166,3.98723,1068.956,5
29168,2.875043,1788.266,2
29169,12.782239,18641.983,24
29170,6.792841,17324.537,18
29171,12.838473,2414.847,4
29172,4.627864,9221.462,17
29175,4.524367,232.867,3
29178,3.441666,3807.39,16
29180,4.153489,2471.231,6
29201,14.580515,22674.079,26
29202,15.268693,812.873,2
29203,10.892103,33495.261,50
29204,13.24267,18561.536,43
29205,14.218667,16764.598,35
29206,9.648413,13619.406,33
29209,9.881808,44026.362,34
29210,10.988267,31632.247,38
29211,17.546123,440.782,2
29212,8.626413,27226.283,29
29221,14.590282,1757.447,3
29223,9.462785,42844.003,36
29229,7.886329,18308.579,12
29230,12.222041,1003.015,2
29240,13.352301,866.024,5
29250,13.765449,1164.229,3
29260,11.92091,676.45,3
29290,12.20278,1216.173,6
29301,7.314818,28646.711,30
29302,7.672005,13257.561,22
29303,7.596486,16940.176,30
29304,9.833333,937.418,1
29305,9.833333,47.31,1
29306,7.04122,13270.546,29
29307,6.380341,17751.096,29
29316,7.048036,20322.238,16
29321,1.952932,910.159,7
29322,5.507878,3077.067,8
29323,5.241269,5771.916,8
29325,7.661971,15333.778,21
29329,5.721749,97.652,3
29330,4.480015,3687.429,6
29331,3.011495,2.147,2
29332,3.536178,2657.402,9
29333,6.033887,1016.408,3
29334,6.455507,5774.507,11
29335,3.14167,4657.851,6
29340,5.375562,20357.256,28
29341,7.999253,8904.034,15
29346,5.202952,274.559,2
29349,4.686038,5736.485,11
29351,3.698254,1505.132,3
29353,3.563217,3896.171,9
29355,3.539063,749.539,14
29356,6.448248,7968.01,11
29360,5.345419,14541.697,31
29365,5.660754,2620.125,4
29369,6.107301,10743.262,13
29370,4.157236,887.276,13
29372,3.242264,1408.261,6
29374,1.949101,159.737,3
29376,6.787794,4980.983,17
29377,6.995647,9.387,4
29378,7.365265,1556.332,3
29379,5.785323,14229.401,22
29384,2.978744,4438.016,10
29385,5.133368,2246.689,3
29388,3.737477,6098.43,11
29401,16.828071,8740.156,14
29402,17.100939,577.375,2
29403,15.659942,15463.573,22
29404,8.583326,1938.14,3
29405,13.709571,28606.13,37
29406,12.223324,23430.422,30
29407,12.711166,33122.645,38
29410,7.721655,22363.191,21
29412,9.531829,30098.789,20
29413,17.70679,726.92,2
29414,10.447018,18746.854,17
29415,15.604038,1757.295,3
29416,11.080593,814.351,5
29417,14.629916,1134.218,3
29418,11.296635,21269.834,26
29419,10.354508,2209.657,2
29420,9.128426,18314.776,16
29422,13.656665,1537.26,2
29423,11.833333,1577.519,1
29424,17.519043,2376.682,6
29426,6.546554,150.669,2
29429,8.325492,307.004,2
29431,2.884025,2582.8,6
29432,3.523667,316.512,10
29434,3.08014,723.021,2
29436,3.945663,3830.289,8
29438,5.379294,2988.967,4
29439,5.069428,1564.2,2
29440,3.777927,11876.715,25
29442,8.20683,1518.335,2
29445,6.680652,60690.739,35
29446,4.956774,552.466,3
29450,3.30312,3534.428,3
29451,9.763184,4485.71,7
29452,4.956774,124.884,3
29453,3.08014,1188.413,2
29455,6.285961,7313.441,10
29456,6.940014,30854.014,34
29461,6.646144,25353.006,20
29464,10.914768,31727,18
29466,8.338155,11038.843,5
29468,3.025108,2127.708,3
29469,4.801893,680.062,3
29470,5.750252,2382.199,4
29471,3.507555,1320.881,10
29472,4.066288,9023.295,8
29474,4.734204,553.678,6
29475,4.307541,1636.648,5
29477,5.42867,6103.126,10
29479,4.662681,5616.853,9
29481,3.125865,1933.796,9
29482,8.219119,2148,2
29483,6.413703,36391.811,31
29484,11.119983,2459.213,3
29485,7.331388,44102.802,30
29486,6.914308,30877.583,29
29487,3.706791,2999,2
29488,6.70007,5726.307,9
29492,5.702073,5352.777,3
29493,2.434827,45.336,2
29501,7.604331,40722.27,50
29502,9.976224,2292.473,5
29503,10.677715,970.33,2
29505,6.487062,24397.557,32
29506,5.998454,14010.861,22
29510,3.714676,6293.216,15
29511,4.820415,5066.816,11
29512,5.560584,12732.044,19
29516,3.536008,851.658,4
29518,3.621643,837.147,6
29520,3.666667,2230,1
29525,4.093739,2095.835,9
29526,6.178497,43666.529,33
29527,5.177561,25495.431,13
29528,7.358458,1654.113,2
29530,4.007039,2571.838,7
29532,7.183119,10416.579,16
29536,3.683539,6402.452,11
29540,4.320802,2381.797,7
29541,4.751744,9487.004,23
29543,3.208093,519.34,5
29544,4.052148,5416.276,8
29545,3.19248,1889.822,4
29546,2.854984,3007.307,4
29547,3.484671,2998.767,11
29550,5.805499,27397.595,31
29551,7.139924,2278.743,3
29554,4.510342,8889.286,12
29555,5.108617,206.399,10
29556,5.85548,7676.817,13
29560,5.523051,8600.939,21
29563,3.208093,2079.285,5
29564,3.121998,731.299,3
29565,5.996436,912.407,11
29566,6.587877,18243.535,14
29567,3.260405,464.781,3
29568,4.96046,7658.317,7
29569,3.377284,2481.873,8
29570,4.568268,3895.351,6
29571,5.70503,14715.337,22
29572,8.699163,8904.733,13
29574,5.97713,11777.824,30
29575,8.578749,16616.491,18
29576,8.589409,14943.342,14
29577,9.252934,25119.001,24
29578,11.666667,1032.287,1
29579,7.157596,34810.632,10
29580,2.860772,1138.099,8
29581,3.263893,4525.547,18
29582,8.549476,15423.195,12
29583,4.087229,4891.69,10
29585,6.931527,5831.746,5
29587,7.232479,1909.789,3
29588,7.037436,33405.534,22
29590,3.343206,2144.957,8
29591,4.800179,5011.689,19
29592,4.653229,213.491,4
29593,3.742319,1294.461,4
29594,4.578973,1.854,4
29596,2.660939,2206.147,4
29597,10.24667,1033.59,2
29598,9.78674,733,3
29601,15.463231,12554.373,28
29602,16.666667,720.215,1
29603,16.666667,15.812,2
29604,14.931425,1410.827,2
29605,10.283457,33362.756,47
29606,14.718735,1199.478,2
29607,10.854182,42040.493,50
29608,14.781469,1087.024,2
29609,11.011713,26960.881,34
29610,10.567704,1266.011,2
29611,9.58269,27754.387,39
29612,16.058191,133.991,2
29614,9.379052,1.992,5
29615,10.436947,28197.041,30
29616,14.436249,937.08,2
29617,10.361438,17858.058,18
29620,5.296007,6593.467,19
29621,7.427444,22846.476,33
29622,6.786304,2439.516,3
29623,8.486731,947.774,4
29624,6.242823,11826.97,26
29625,6.901377,26581.69,22
29626,4.92417,13888.319,17
29627,5.576332,10454.924,18
29628,3.81163,2988.924,12
29630,7.009739,4520.638,8
29631,12.221265,11118.463,10
29633,14.344413,1577.323,3
29635,4.091548,1097.876,6
29636,5.166667,390.947,1
29638,4.826583,2919.654,10
29639,4.732349,1269.278,6
29640,6.121191,16347.401,21
29641,8.179227,2112.895,3
29642,7.027186,17884.772,11
29643,4.831667,1277.027,6
29644,6.047408,14161.085,16
29645,3.435347,4914.363,11
29646,6.751797,5833.021,22
29648,8.975438,1636.452,6
29649,7.351624,18411.886,27
29650,8.412785,18767.947,34
29651,6.538371,35096.177,46
29652,10.205029,1656.115,3
29653,4.615027,4479.31,11
29654,4.189209,4345.733,15
29655,3.727446,2515.833,15
29657,4.967707,6184.923,13
29658,4.182081,335.783,4
29659,3.539754,1.591,3
29661,5.260586,4704.556,11
29662,10.196873,14453.376,12
29664,4.182081,1965.076,4
29665,7.129634,5.598,2
29666,4.205418,6619.826,12
29667,4.333333,227.246,1
29669,5.094896,6519.296,19
29670,14.560905,855.866,2
29671,5.154878,9384.277,13
29672,7.758747,9172.553,13
29673,6.153238,20954.095,20
29678,7.311592,10905.159,21
29679,9.985782,1129.742,4
29680,6.347237,20498.823,12
29681,7.708247,47989.16,30
29682,8.819389,2.068,3
29683,5.94307,356.481,3
29684,3.571932,4164.22,7
29685,4.481852,933.565,2
29686,4.182081,335.783,4
29687,7.831009,36144.907,40
29689,4.354978,3300.999,4
29690,5.411865,11558.308,14
29691,4.983075,3108.445,9
29692,4.579374,4702.455,15
29693,4.43312,12636.957,20
29696,5.680443,2187.877,5
29697,5.134138,30.475,4
29702,5.569983,3856.726,4
29704,4.100465,3787.404,8
29706,5.41598,19333.973,25
29708,7.956576,9046.583,4
29709,3.522882,87.028,3
29710,5.757634,23333.446,16
29712,4.155624,2418.617,11
29714,4.105357,2849.278,5
29715,7.111285,31314.815,15
29716,7.477649,1360.602,3
29717,3.776952,1315.289,3
29718,4.526291,4235.425,11
29720,5.527886,42417.731,39
29721,9.222417,1863.928,3
29726,3.077301,1870.43,7
29727,3.87207,1800.108,5
29728,5.113249,9790.729,13
29729,3.887948,2256.444,9
29730,7.352526,48325.232,43
29731,11.584131,1418.692,2
29732,7.645523,29643.978,25
29741,3.522882,1294.545,3
29742,3.546683,2578.032,8
29743,3.698997,1050.507,7
29745,6.624468,16592.959,27
29801,6.484033,14819.961,20
29803,5.420897,12891.14,23
29804,6.547844,1727.403,4
29805,3.027078,5655.254,13
29809,4.408245,886.291,3
29812,5.17947,7225.885,7
29817,5.191248,3725.625,8
29819,2.23142,1395.252,12
29821,3.30231,1286.584,7
29824,3.041052,1464.175,14
29827,5.24761,129.6,3
29828,6.23799,717.381,5
29829,4.502071,2943.342,14
29831,4.466471,4011.46,6
29832,4.909442,5259.931,19
29835,5.03942,7014.386,11
29836,3.812064,43.555,3
29838,2.737198,700.624,4
29839,5.038287,926.794,4
29840,5,139.469,1
29841,7.090602,21194.427,25
29842,4.21996,2132.316,6
29843,3.545681,844.459,2
29845,3.296791,1330.308,9
29847,4.837687,5280.203,13
29848,2.800087,870.384,12
29849,3.812064,45.297,2
29851,5.772949,8102.095,13
29853,6.532722,68.638,5
29860,5.478767,15968.305,9
29861,7.700937,1776.796,4
29901,8.800434,1704.11,6
29902,7.772501,15890.281,20
29903,8.150189,2016.428,2
29904,6.666667,10.408,1
29906,5.796702,24188.202,23
29907,7.046607,14801,6
29909,6.488072,8850.362,12
29910,7.013204,40081.542,21
29911,5.24761,926.4,3
29915,4.166667,445,1
29916,3.875316,1527.539,6
29918,2.474868,982.445,2
29920,4.224702,5086,4
29921,2.474868,2.839,2
29922,2.485436,1183.864,6
29924,5.24761,1524,3
29925,7.232184,1678.106,2
29926,7.34162,23733.221,25
29927,6.772648,955.012,2
29928,7.184947,15359.808,30
29929,2.606186,950.432,2
29934,2.505392,1048.297,6
29935,8.239581,5164.356,10
29936,4.741359,5216.837,8
29938,7.575495,1780.042,4
29940,4.320482,3793.338,6
29941,4.478087,636.253,3
29943,2.511915,354.831,4
29944,3.0332,158.474,6
29945,4.668897,2575.403,5
30002,13.316457,5783.191,10
30004,7.410911,13030.117,21
30005,7.431964,12219.166,15
30006,14.788127,1315.378,3
30008,11.960838,2044.427,7
30009,16.077199,136.641,2
30011,5.527028,10809.632,9
30012,4.675159,8250.541,9
30013,7.119343,11113.345,12
30014,5.143501,9024.954,13
30015,8.724004,1143.697,2
30016,5.9818,13713.294,10
30021,10.014431,8660.789,10
30022,7.000826,13922.368,6
30024,6.53008,25907.588,22
30025,4.350965,2679.781,8
30028,5.223913,28491.905,21
30030,14.407528,15561.907,22
30032,11.21544,47983.578,49
30033,12.452757,11474.115,12
30034,8.179738,21760.95,18
30035,10.052043,21756.545,19
30037,14.101282,2410.007,2
30038,4.720247,5598.15,4
30039,7.170243,12601.837,13
30040,7.20445,46540.957,40
30041,6.90492,55069.14,44
30043,7.621614,15758.287,9
30044,9.065989,16408.306,22
30046,10.462712,21039.405,12
30047,7.632856,17615.054,19
30048,15.900763,2227.711,2
30052,5.844219,25870.918,16
30054,6.847461,3484.113,6
30055,3.591646,2442.838,6
30056,2.928437,1670.583,6
30058,5.546113,10192.303,15
30060,12.28363,26865.74,35
30061,13.814577,2177.147,4
30062,7.600388,33200.799,45
30064,7.773063,9939.153,10
30065,10.375808,2142.788,4
30066,7.498571,24999.981,21
30067,10.88913,33200.032,34
30068,8.18674,22283.252,20
30070,5.281027,1332.841,2
30071,13.500425,2956.246,4
30074,5.612177,1338.031,2
30075,8.567671,29737.181,28
30076,10.193553,10473.556,9
30077,16.077199,1930.413,2
30078,7.245247,11802.792,8
30079,13.715557,3052.77,5
30080,11.570159,32097.164,35
30081,10.452186,2484.791,3
30082,8.375678,19056.554,15
30083,11.930697,28237.531,25
30084,9.899114,4949.341,10
30086,10.283594,2291.842,3
30087,7.195137,16780.528,13
30088,6.707558,12546.51,12
30091,14.737388,1184.053,2
30092,10.143042,26257.496,21
30093,12.166667,115.655,3
30094,5.709863,8342.898,14
30096,10.384126,25921.443,15
30097,8.373782,5131.148,13
30101,7.054826,11614.835,8
30102,6.05829,9647.919,9
30103,3.675875,2275.127,7
30104,3.251241,3810.453,8
30105,3.477645,2131.35,4
30106,7.477884,4944.591,6
30107,4.142951,1235.3,5
30108,4.360535,2568.979,8
30110,3.512716,2159.516,4
30111,7.180393,1122.242,2
30113,4.988258,3969.889,13
30116,5.31334,3557.792,9
30117,7.652399,9700.146,11
30120,5.473138,9991.61,7
30122,6.529678,3844.911,5
30124,4.395281,2555.649,6
30125,5.247659,16399.01,27
30126,10.126337,7833.779,5
30127,6.132722,21285.137,20
30132,6.213651,9146.072,5
30133,11.51636,1800.115,2
30134,7.705319,17010.07,19
30135,6.668524,25577.573,17
30139,3.049485,1456.113,3
30141,5.865972,11604.958,8
30143,5.305022,6530.699,9
30144,5.833333,1734,1
30145,3.690183,1644.307,5
30147,4.903856,2936.086,9
30152,6.373751,146.818,6
30153,5.644308,13992.915,27
30154,7.412681,1523.428,2
30157,6.422601,9754.596,9
30161,6.440908,29986.454,28
30162,11.371365,994.681,3
30165,5.81506,21789.737,21
30168,9.417679,1173.356,5
30170,4.134816,2871.888,5
30171,3.666667,788.488,1
30173,4.961238,276.125,7
30175,4.442939,5297.623,7
30178,3.205899,394.353,5
30179,4.422253,2707.698,6
30180,7.344688,13426.841,8
30182,4.404443,305.756,3
30183,5.336214,81.188,3
30184,3.666667,17.067,1
30185,3.599927,3616.814,2
30187,5.655333,4055.541,7
30188,9.505633,9000.31,12
30189,7.394442,17662.312,11
30204,6.103796,5707.682,15
30205,4.135605,3040.524,6
30206,4.071253,2875.391,5
30213,8.130885,10.512,2
30214,7.32831,22681.054,21
30215,6.187875,23701.988,18
30216,4.716986,2.044,2
30217,3.497941,9513.41,9
30220,5.531334,3859.309,4
30222,3.852539,388.182,3
30223,6.491704,18246.817,21
30224,6.683542,9865.33,20
30228,13.322998,2565.139,2
30230,4.402301,2289.193,6
30233,5.20641,7574.469,10
30234,5.467473,2059.995,4
30236,8.873325,18621.938,17
30238,5.031727,6783.613,9
30240,6.623022,17149.385,29
30241,6.779946,17276.516,24
30248,5.467473,319.604,4
30250,13.322998,543.064,2
30252,7.173898,1185.797,3
30253,7.082116,8383.195,4
30256,3.694292,2448.684,8
30257,4.41899,4621.421,3
30258,3.662316,2850.585,8
30259,5.676155,3076.975,4
30260,10.033159,6238.579,17
30261,8.619065,165.023,4
30263,5.946488,24356.933,22
30265,5.94377,16456.188,19
30266,4.412388,1189.659,3
30268,5.436567,1285.918,3
30269,7.482652,22265.198,13
30272,9.066804,1072.009,2
30273,7.812633,539.893,4
30274,9.895375,17252.724,19
30276,4.780568,14931.426,13
30277,5.237716,14714.971,17
30281,7.235853,20163.714,15
30285,3.751413,672.075,8
30286,5.266654,16947.265,15
30287,10.819639,907.162,3
30288,8.855446,3498.421,4
30290,7.751694,7880.927,7
30292,5.237228,3373.109,5
30293,3.852539,140.683,3
30294,8.683172,16177.516,13
30295,3.558753,757.708,7
30296,7.115557,13435.317,11
30297,9.33601,23674.842,20
30302,15.17169,1229.499,2
30303,15.82186,666.341,8
30305,11.33491,7504.97,11
30306,13.635848,13776.391,21
30307,14.073014,17738.982,22
30308,14.177152,383.814,5
30309,15.778285,3572.081,7
30310,13.398147,27429.302,48
30311,11.262766,23647.717,27
30312,16.139295,16297.233,26
30313,16.238818,6597.49,8
30314,13.768161,22353.452,25
30315,11.85724,27383.564,40
30316,12.501785,24135.343,39
30317,14.097494,12237.178,28
30318,12.505037,18874.638,25
30319,12.016143,20096.823,18
30321,11.856343,1200.598,2
30324,14.202986,5632.601,10
30327,7.372271,10222.173,14
30328,8.927207,8137.479,9
30329,12.574126,9938.391,19
30331,11.230035,26169.108,23
30332,13.841633,24.672,3
30333,14.835233,583.03,3
30334,15.440158,5.23,4
30336,10.270034,24.848,8
30337,11.902754,11492.83,15
30338,11.468459,14151.533,14
30339,12.448615,10135.464,16
30340,12.415657,12337.038,17
30341,13.59264,19227.412,24
30342,10.491854,12971.038,12
30344,12.653869,14085.785,39
30345,11.570525,13919.301,12
30349,10.861681,23487.784,19
30350,7.765549,13782.097,18
30354,12.002645,1244.821,23
30357,14.208604,674.448,2
30360,11.732312,14164.141,14
30364,13.533261,1415.125,6
30366,14.386771,1443.564,2
30377,13.833333,3480.231,1
30401,5.812252,5043.692,7
30410,5.79504,1918.129,7
30411,4.173792,4245.389,9
30413,4.889588,2126.53,15
30417,5.483713,11042.4,20
30420,4.46421,1908.923,9
30421,3.538552,2651.327,10
30425,2.234839,893.247,7
30426,3.369434,924.011,5
30427,3.963329,5969.852,10
30428,3.01863,2546.749,9
30434,5.883574,5385.874,15
30436,4.812838,4360.285,14
30439,4.70181,9839.8,10
30441,2.788026,1835.841,9
30442,3.823097,8444.645,17
30445,6.093399,3343.72,7
30446,4.434943,1380.808,5
30450,3.845329,2417.181,3
30452,3.590452,1650.812,6
30453,3.504819,6707.609,13
30455,3.819652,705.752,12
30456,3.390094,1488.194,12
30457,4.535532,6032.197,11
30458,7.569671,9004.455,15
30459,7.763113,1697.734,3
30461,6.021111,3711.283,10
30467,5.343911,7629.532,10
30470,3.457822,892.946,9
30471,3.943248,612.006,14
30473,3.841364,2830.573,5
30474,6.839229,7066.274,24
30477,5.262799,2737.856,14
30501,9.219387,8501.289,10
30503,7.041265,1946.425,3
30504,7.177859,9734.545,8
30506,4.915142,23847.353,22
30507,4.612074,12372.816,13
30510,4.7978,8988.289,9
30511,3.966196,2486.366,2
30512,4.242075,9161.955,11
30513,6.692914,12198.779,24
30515,8.282832,1372.855,3
30516,3.497543,1139.942,6
30517,5.887409,4831.53,5
30518,7.502352,7658.009,8
30519,7.015725,4315.878,8
30520,4.399037,1817.8,8
30521,2.736466,1114.91,6
30522,4.958601,1069.424,17
30523,6.767786,7001.278,7
30525,6.547164,6276.159,6
30527,5.677691,3342.422,4
30528,4.903308,2274.302,4
30529,6.004999,12228.559,19
30530,5.391563,5692.846,18
30531,5.512174,1983.688,8
30533,7.268626,346.198,5
30534,5.934589,2273.734,12
30535,4.392234,3100.161,5
30536,3.732042,6419.256,6
30537,5.527411,13.023,2
30538,7.768525,187.657,2
30540,5.11464,4452.405,7
30541,5.021298,1537.27,7
30542,6.809976,23693.932,21
30543,3.68699,4294.797,10
30546,5.370147,3063.565,5
30547,5.949956,3381.924,5
30548,6.76232,3195.073,3
30549,4.177493,7252.507,8
30552,5.166667,804.119,1
30553,5.296548,5802.508,6
30554,5.123411,6852.453,10
30555,4.85525,1982.842,7
30558,5.036176,5245.969,10
30559,5.243048,5211.848,16
30560,4.571966,4773.427,9
30563,6.113808,5111.598,8
30564,4.606597,3249.335,7
30565,4.167847,3360.381,6
30566,6.562812,5149.839,6
30567,4.762481,1112.413,4
30568,7.594851,1.784,3
30571,4.883908,1132.202,4
30572,4.172024,1519.755,6
30575,5.774805,617.397,2
30576,5.836131,646.916,4
30577,7.671701,6792.9,13
30582,6.508635,4550.905,7
30601,7.350268,16398.064,28
30603,12.666667,613.492,1
30605,7.825913,39089.378,32
30606,7.437814,28575.554,31
30607,5.598518,8890.854,14
30608,4,1142.223,4
30609,9.746608,334.821,5
30619,3.132332,204.787,2
30620,6.192388,9879.793,6
30621,4.915972,4763.349,5
30622,4.774862,1653.361,8
30624,3.698916,3034.248,10
30625,3.975763,2277.846,2
30627,3.254175,2458.988,5
30628,5.861589,4252.671,6
30629,4.87002,4043.721,7
30630,3,17.641,1
30631,2.942615,1698.221,6
30633,4.995559,8371.176,16
30634,3.490908,1769.343,9
30635,5.704052,9568.735,11
30641,3.885723,1753.547,3
30642,5.417442,7697.085,14
30643,3.493922,277.29,3
30646,5.392387,2498.349,11
30648,2.429952,635.275,3
30650,3.922181,5229.149,10
30655,5.405794,11309.558,13
30656,5.616221,7002.207,10
30660,3.129913,1137.244,8
30662,3.14935,5024.815,12
30663,3.974859,2996.47,5
30666,4.891818,7976.058,9
30667,3,975.3,1
30668,3.96512,2363.015,8
30669,5.191587,3406.07,9
30673,5.270497,7573.448,14
30677,4.393445,5967.248,7
30678,3.392369,1164.953,11
30680,5.992995,43033.664,32
30683,6.648567,4097.239,9
30701,7.273213,12202.6,11
30705,3.335851,17724.038,14
30707,2.205824,2483.829,11
30708,2.093674,428.125,4
30710,2.748358,2266.566,7
30711,2.203007,3407.991,5
30719,8.764597,1841.196,3
30720,6.953488,22407.155,29
30721,5.405095,33494.725,44
30722,7.979121,1713.146,3
30725,5.055226,3567.354,12
30726,5.711633,31.125,4
30728,4.7395,8206.232,10
30730,4.074511,1995.268,7
30731,3.43897,2657.699,8
30733,3.797421,1941.839,6
30734,2.790778,605.906,2
30735,3.464351,2380.044,9
30736,5.616531,28250.156,22
30738,4.728989,4498.163,10
30739,5.725231,5836.857,6
30740,3.7367,4009.448,9
30741,6.165482,15065.632,20
30742,5.967342,501.217,9
30746,1.877341,11.302,2
30747,2.856886,3661.213,11
30750,4.332698,3919.057,9
30752,4.821486,6060.154,4
30753,3.56246,4.521,3
30755,4.920165,8962.27,14
30802,5.080745,2923.48,6
30803,3.549079,994.929,11
30805,4.272169,2207.339,6
30807,3.083991,86.199,3
30808,3.580397,4475.514,8
30809,6.67114,37889.659,19
30810,4.082727,2044.946,17
30813,6.702659,15433.216,8
30814,5.293828,7984.911,9
30815,4.723537,25982.824,21
30816,3.331549,1453.272,13
30817,4.068021,6815.706,14
30818,5.655687,485.851,5
30820,3.841151,1318.877,13
30821,3.123262,868.973,8
30823,4.193735,1647.81,19
30824,6.029536,11442.069,18
30828,4.759658,3774.007,9
30830,4.862453,10599.301,12
30833,5.65383,3460.47,13
30901,8.991688,8415.635,28
30903,11.81215,762.94,2
30904,8.186732,23343.003,40
30905,10.911009,1.405,4
30906,6.307506,50985.891,46
30907,8.283292,32562.013,29
30909,7.820499,16377.316,25
30914,7.698167,1645.373,6
30916,8.050358,2462.318,4
30917,9.152859,2104.823,2
30919,9.485803,1420.803,3
31001,4.267295,4675.595,6
31002,3.253514,2853.966,13
31004,3.76981,608.288,3
31005,5.74167,3717.031,2
31006,1.683025,929.358,5
31007,2.950562,1097.858,5
31008,4.240351,3993.723,9
31009,2.385332,1089.01,7
31010,5.775377,1563.656,3
31011,2.098063,768.379,8
31012,3.55049,2218.254,9
31014,4.877714,8510.057,15
31015,6.0906,19969.763,25
31016,3.338695,1482.532,7
31017,3.668347,2145.133,9
31018,3.933719,1643.732,9
31019,3.373986,2051.975,7
31020,3.57318,1136.817,10
31021,6.556215,26549.616,30
31022,4.67793,1649.036,9
31023,4.162301,8642.032,14
31024,4.884862,4288.993,4
31027,2.14538,2524.264,2
31028,6.119581,3611.284,7
31029,5.334754,15958.104,14
31030,5.502891,17370.218,15
31031,4.331377,4331.65,7
31032,2.86643,4267.205,4
31033,2.479274,757.49,2
31035,3.919464,1562.043,3
31036,4.157263,3747.983,6
31037,3.782502,1670.92,8
31038,2.479274,444.515,2
31040,8.293529,2434.08,7
31041,2.321937,594.875,2
31042,4.815381,1435.386,7
31044,3.24532,1050.685,9
31045,3.368334,216.021,8
31046,5.008364,3959.794,7
31047,5.74167,3144.281,2
31049,3.121125,1571.617,6
31050,3.466172,733.135,6
31052,3.933249,7022.225,8
31054,4.835825,1376.476,9
31055,3.529452,709.155,5
31057,4.365365,1832.319,8
31058,3.304697,1325.788,4
31059,8.703443,1521.137,5
31060,2.560901,1803.655,9
31061,6.50402,11677.393,21
31063,5.098244,5125.515,11
31064,3.045435,1431.576,2
31065,4.648329,1285.078,7
31066,5.214441,1161.159,9
31068,4.259504,4587.39,7
31069,6.397125,4249.948,14
31070,4.313585,1071.487,9
31071,3.99373,1186.231,6
31072,3.495465,1455.008,14
31075,3.239908,2488.269,5
31076,4.895807,3213.447,6
31077,2.674662,1262.864,4
31078,4.889805,3725.429,8
31079,5.057359,2238.309,10
31081,2.407991,27.473,3
31082,5.67199,9966.899,18
31085,2.805873,877.062,2
31087,3.530568,8229.659,9
31088,7.578062,8374.524,19
31089,5.14174,5296.113,12
31090,4.31556,918.262,5
31091,4.606751,4073.43,14
31092,4.285888,7490.493,17
31093,7.728865,12900.662,18
31094,4.077957,1123.679,10
31096,2.239308,2158.207,9
31097,3.432352,1254.581,6
31098,7.158419,2917.48,9
31107,13.788201,649.885,2
31119,13.366809,1395.549,3
31131,10.477567,1822.21,3
31156,8.95948,1473.701,2
31201,10.357764,5751.933,19
31204,7.480306,24937.596,46
31205,5.281095,1667.725,3
31206,6.487647,25815.462,47
31208,13.333333,273.412,3
31209,6.486497,889.892,4
31210,7.827681,28182.981,37
31211,4.805519,6623.081,15
31216,5.594647,6731.481,10
31217,5.518746,11788.207,21
31220,5.471948,11004.115,11
31301,5.182718,2662.887,4
31302,4.667083,5225.677,6
31303,2.897383,1182.32,3
31305,6.653584,3851.289,3
31307,4.450486,69.434,2
31308,5.113247,5200.368,2
31312,4.379964,9903.806,9
31313,5.412976,28759.493,18
31314,5.669922,21.589,8
31315,3.910611,8320.673,6
31316,4.358691,24.087,5
31320,4.12781,3689.358,4
31321,5.113247,92.278,3
31322,4.859371,225.092,2
31323,1.714286,1289.913,2
31324,7.259774,12772,6
31326,4.450907,4471.276,3
31329,3.701369,2431.259,6
31331,6.653584,352.711,3
31401,16.768937,14189.748,26
31403,12.03379,1198.262,2
31404,13.771734,30584.261,47
31405,12.883968,25367.842,44
31406,11.397977,28291.475,52
31407,10.694723,244.113,8
31408,10.263787,5805.579,10
31409,5.333333,256.203,1
31410,9.882541,12048.894,8
31411,4.905014,8875,6
31414,12.006128,1701.855,4
31415,13.184542,12539.023,25
31416,13.786977,2124.715,5
31418,11.007819,906.712,6
31419,10.234621,36689.949,28
31420,11.21514,1300.9,5
31501,7.789174,13584.937,22
31503,5.375676,16906.758,25
31510,5.419518,9575.304,13
31512,3.307873,2184.063,6
31513,2.902238,6095.435,7
31516,2.751915,1113.284,4
31518,2.779672,930.527,10
31519,4.929645,3606.062,14
31520,8.197499,10630.192,17
31521,9.652635,1946.989,4
31522,8.931618,1558.085,9
31525,6.240695,10804.733,8
31532,2.110674,726.207,4
31533,5.68685,8191.603,14
31534,5.902816,2516.228,3
31535,4.519342,6691.697,12
31537,3.728957,1066.758,8
31539,2.412866,1039.929,10
31542,2.944329,2703.667,3
31543,4.341931,770.038,6
31544,3.667767,1055.578,5
31545,6.696724,8002.887,18
31546,5.354698,5852.774,7
31547,5.881023,103.369,2
31548,5.752968,4847.477,4
31549,3.566793,1429.568,6
31550,5.254031,147.507,9
31551,2.685264,963.812,7
31552,4.593917,1468.597,6
31553,2.944329,81.867,3
31554,5.34682,1877.194,12
31555,3.093215,2408.524,15
31557,4.280614,2793.729,6
31558,6.270964,7306.658,4
31560,3.557466,2850.684,9
31562,3.169242,2336.421,2
31563,2.984079,1341.918,7
31565,3.47017,1744.873,2
31566,3.47017,15.935,2
31567,3.830011,1026.723,2
31568,3.47017,932.192,2
31569,5.193896,513.364,3
31598,6.307188,2200.579,4
31601,8.065248,18938.384,27
31602,7.780013,20416.11,33
31603,11.032641,1046.56,2
31604,9.107929,2540.444,3
31605,5.906389,19140.303,17
31606,4.174267,3984.488,8
31620,5.739228,6371.214,10
31622,3.750568,2265.882,10
31623,5.626918,6.668,5
31624,2.270114,1715.075,14
31626,3.600861,3404.283,13
31629,3.002345,968.513,8
31630,4.928839,493.252,8
31631,3.909571,449.342,3
31632,5.031164,5286.327,7
31634,5.344807,5931.498,7
31635,2.077751,1362.426,15
31636,4.932766,7880.199,11
31637,3.941846,2596.391,10
31638,7.135904,26.137,3
31639,4.722055,10021.02,13
31641,3.022972,1271.261,7
31642,5.549397,4414.287,11
31643,6.35715,7946.616,11
31645,3.682719,3782.294,9
31647,6.046208,1517.279,7
31648,4,846.022,1
31649,1.905737,886.245,8
31650,4.332987,2528.503,8
31699,5.017936,3011.712,4
31701,7.922341,16386.516,33
31702,12.545081,798.897,2
31705,5.741836,21725.454,28
31706,8.451287,2112.857,8
31707,10.218372,23233.3,29
31708,11.287827,1405.022,4
31709,7.270873,15220.263,23
31711,3.914782,1396.142,10
31712,3.027586,1107.495,11
31714,4.12071,976.982,12
31716,3.212427,2909.954,8
31719,6.319855,9907.274,20
31720,3.286178,8.755,4
31721,6.066833,19834.676,16
31727,3.206383,3.881,2
31730,5.164927,3018.116,13
31733,3.903951,1494.929,10
31735,4.090927,1062.384,3
31738,3.691538,1894.015,4
31743,4.090927,346.797,3
31744,3.428275,2786.291,12
31747,3.469664,5.387,2
31749,2.489666,2966.387,4
31750,4.911375,11779.992,14
31756,3.775085,4.181,2
31757,4.042642,4486.339,17
31763,5.16965,4307.602,4
31764,3.852253,1178.48,9
31765,3.423671,1868.953,7
31768,8.422734,7524.19,12
31771,4.821341,2228.255,9
31772,3.316245,503.653,2
31773,2.870346,3504.715,6
31774,2.058814,755.263,7
31775,5.125921,1751.818,8
31778,3.213508,2306.905,8
31779,3.870081,2502.572,7
31780,4.089651,1868.568,7
31781,3.874974,1314.274,9
31783,3.152707,1069.982,7
31784,4.392709,744.756,5
31787,2.97168,1612.047,7
31788,4.720694,3307.213,7
31789,3.855073,1379.655,6
31790,4.185571,1622.316,8
31791,5.392882,5201.369,14
31792,6.597547,11020.782,14
31793,6.581406,6214.736,13
31794,5.506501,9162.635,13
31795,4.336208,2132.422,6
31796,3.331447,1467.683,6
31798,3.879778,693.104,7
31801,2.973539,2701.662,6
31803,4.403137,6007.952,9
31804,5.103988,5623.357,2
31805,4.796163,3377.499,9
31806,4.394373,4987.71,13
31807,5.103988,80.187,2
31808,5.241966,547.535,3
31811,2.821954,1235.443,8
31812,2.619294,625.863,5
31815,4.119018,3285.544,5
31816,2.740753,315.108,5
31820,5.012749,624.753,6
31821,4.129394,513.324,3
31822,3.736296,5669.076,11
31823,2.561615,836.296,2
31824,4.046082,1642.373,5
31825,3.774829,2340.226,7
31826,2.54977,2342.797,4
31827,4.42456,1937.128,6
31830,3.873726,2533.182,9
31831,3.467261,633.297,8
31832,2.333333,194.407,1
31833,5.670034,7327.033,10
31836,2.533557,917.754,4
31901,10.332414,5971.399,14
31902,9.588873,797.247,2
31903,6.993431,17927.094,23
31904,8.70249,20036.924,23
31905,5.371195,15896.823,17
31906,8.20452,21189.115,27
31907,6.365719,43578.854,30
31908,6.862214,1660.421,4
31909,7.504375,27706.958,23
31914,10.533153,583.836,2
31917,9.766403,1550.931,3
31995,5.426581,1329.337,3
32003,8.554097,8075,3
32004,9.186135,1995.896,4
32008,3.76043,1314.23,4
32009,2.469755,3437.285,2
32011,2.469755,727.84,2
32024,5.089165,8839.007,16
32025,6.516177,16787.489,27
32033,3.791474,4723.578,4
32034,7.237782,7464.147,7
32035,8.006601,929.853,2
32038,4.398348,9344.995,7
32040,4.343565,8702.836,9
32043,6.213927,8644.172,10
32044,3.646394,65.023,3
32046,2.469755,133.829,2
32050,6.1749,2345.703,3
32052,3.588367,68.54,2
32054,4.216914,4738.962,4
32055,6.552876,19660.057,20
32056,9.045407,2979.315,5
32058,4.259091,4862.126,7
32059,4.96091,2478.905,8
32060,6.34027,6778.464,9
32061,4.373988,369.538,12
32062,3,332.099,1
32063,6.615571,13724.932,9
32064,6.974197,5042.067,8
32065,8.491822,12477.61,11
32066,3.363494,2804.611,5
32067,12.008899,1732.165,2
32068,5.001851,9281.201,10
32071,3,321.827,1
32073,9.606437,25908.555,22
32080,8.980786,7948.222,11
32081,6.666667,2690.196,1
32082,8.078506,20324.723,16
32083,3.865662,2813.638,2
32084,10.230228,22031.092,19
32085,14.092836,2157.726,2
32086,11.570292,12912.254,12
32087,3.067849,5188.408,5
32091,5.878319,6333.291,10
32092,4.056208,3248.587,6
32094,6.37374,204.73,6
32096,4.78023,2756.348,16
32102,4.652256,3287.573,5
32110,4.915081,6461.871,8
32112,5.865006,7792.23,16
32113,3.851016,2229.602,6
32114,14.198935,24420.755,27
32115,18.144597,1524.426,3
32117,13.518619,11152.077,22
32118,13.695279,13677.168,13
32119,10.971129,21244.004,14
32121,15.516451,1052.025,2
32124,6.50398,4538.043,6
32127,10.464694,21476.885,25
32128,8.18589,6974.817,3
32129,10.989692,23102.917,14
32130,6.834366,5231.099,7
32131,5.677984,4649.5,9
32132,9.57489,7274.107,19
32134,4.770333,7115.763,27
32135,7.250388,3028.03,2
32136,7.476255,8022.461,10
32137,6.919145,27043.556,26
32139,4.162022,1474.221,3
32140,3.775648,1991.315,8
32141,9.395305,18028.626,9
32145,5.37058,5593.437,5
32148,4.815338,10955.208,17
32158,6.21758,1410.003,5
32159,6.966818,26604.504,18
32162,6.003516,1554.132,7
32163,6.169879,4801.2,10
32164,6.670481,35760.688,17
32168,8.2129,25738.449,19
32169,9.647856,10521.454,14
32170,6.274342,1983.761,5
32174,10.036172,37036.231,27
32175,12.847799,997.341,4
32176,12.000679,13631.283,15
32177,6.886488,24477.122,28
32178,11.372205,1721.968,4
32179,3.678086,2658.438,4
32180,4.585894,3285.772,4
32181,4.979111,2009.7,14
32187,4.885127,1908.239,4
32189,4.640814,5438.987,12
32190,4.584768,1065.655,4
32193,5.33064,1122.902,3
32195,5.731007,589.783,9
32202,15.437175,3615.988,9
32203,17.5,677.599,1
32204,15.112556,1808.181,23
32205,14.216654,22403.193,29
32206,14.774568,16920.282,29
32207,13.611163,23093.017,28
32208,12.020391,23791.262,22
32209,13.169303,33649.414,57
32210,11.275685,57143.084,55
32211,12.609405,33200.026,30
32212,10.333333,1779.968,1
32216,10.600494,3757.252,8
32217,12.71551,13694.628,21
32218,8.216766,20680.919,14
32219,11.224429,3744.207,13
32220,6.404834,10315.973,14
32221,7.828514,11232.668,21
32222,6.901054,8378.025,3
32223,8.68728,23935.723,12
32224,8.210941,4584.516,13
32225,8.650568,51740.848,38
32226,10.820892,2599.442,9
32227,10.85692,3149.186,3
32228,10.85692,32.323,3
32229,13.792982,115.938,3
32233,11.832644,24669.405,16
32234,6.097525,6083.769,12
32235,9.280422,1392.38,2
32236,14.458213,1264.01,2
32238,8.141541,1781.548,4
32239,8.730023,2133.863,3
32240,8.032155,1708.791,3
32241,10.659815,2817.424,5
32244,9.130689,16719.571,13
32246,10.694001,20318.39,12
32247,14.489892,1924.056,5
32250,10.597273,17935.058,22
32254,12.478517,12697.185,26
32255,10.694173,1075.358,2
32256,9.925134,21400.064,14
32257,9.770364,27992.553,20
32258,8.182115,696.084,9
32259,7.34688,23276.779,8
32260,7.833333,788.718,1
32266,14.024278,7001.451,7
32277,11.064309,21198.268,23
32301,13.698707,28540.259,34
32302,15.136197,1261.354,4
32303,10.104779,44651.881,50
32304,12.679006,34034.45,38
32305,5.962535,14406.353,25
32308,9.864507,8250.864,16
32309,7.318785,16349.728,14
32310,8.572589,15878.365,21
32311,9.400878,12362.443,11
32312,7.097597,13595.033,19
32314,11.833204,1278.717,5
32315,13.190256,1727.256,4
32317,6.059816,12868.465,8
32318,11.78387,1228.853,2
32320,6.625516,3297.925,5
32321,3.071046,316.471,4
32322,7.110165,885.777,2
32324,3.675037,4674.584,14
32327,4.563156,52.167,5
32328,8.656786,3307.708,5
32331,2.889855,3478.423,18
32332,3.550692,1329.639,9
32333,4.476584,5021.635,5
32334,2.833333,2023.85,2
32336,3.502265,1200.093,7
32340,6.233735,10947.681,16
32343,5.648066,3376.13,2
32344,3.788131,3259.373,4
32347,5.949123,3243.054,4
32348,5.949123,1.914,4
32350,3.367961,1265.184,3
32351,5.631841,20308.9,25
32352,4.075278,5968.248,12
32360,2.833333,2.135,2
32362,5.186509,1343.574,2
32401,12.841882,23482.065,28
32402,16.465788,776.329,2
32403,6.333333,3374,1
32404,7.882316,33024.184,32
32405,10.945833,29232.807,41
32406,14.240487,1220.752,3
32407,10.515666,443.282,2
32408,10.260704,14923.413,11
32409,4.611799,3107.085,2
32411,6.89448,846.587,2
32413,8.091151,3941.257,4
32420,3.596909,2114.409,9
32421,3.068149,3588.002,5
32423,3.490982,2039.08,6
32424,3.292167,203.317,2
32425,2.871386,6813.245,8
32426,3.833333,858.336,2
32427,2.923506,1142.302,2
32428,5.103658,16625.277,18
32430,2.816501,1117.547,3
32431,4.585029,4335.429,15
32433,2.190628,2096.242,4
32435,2.67208,1299.4,5
32437,3.914149,904.099,5
32438,3.058363,441.109,8
32439,5.388233,8229.628,5
32440,3.264941,1182.438,8
32442,4.195801,2310.371,9
32443,3.468328,3804.435,13
32444,9.991887,22368.865,18
32445,3.509515,1686.748,3
32446,6.43248,8955.236,27
32447,9.134028,1577.878,4
32448,5.314886,8456.245,22
32449,2.816501,653.091,3
32455,2.999774,2494.452,9
32456,7.459282,5749.301,5
32460,3.43666,630.493,3
32462,3.661066,4405.985,11
32464,2.190628,541.692,4
32465,4.147146,2.284,4
32466,3.959758,475.292,6
32501,15.748578,9537.435,17
32502,17.105232,2512.866,4
32503,11.845042,30537.689,34
32504,11.056704,21019.208,28
32505,13.208234,21119.412,29
32506,8.960187,33650.139,27
32507,10.631457,21918.903,26
32508,10.957815,5381,3
32513,13.474134,597.596,2
32514,9.476738,30148.174,21
32516,13.304004,1512.033,4
32522,14.5,500.776,1
32523,14.5,633.992,1
32524,12.504597,2058.047,4
32526,6.29771,26309.498,16
32531,3.836997,95.983,3
32533,5.336691,25938.603,24
32534,8.775577,13260.196,14
32535,4.853386,5769.663,10
32536,7.861775,8052.263,8
32539,7.462869,7708.268,12
32540,10.5,1166.478,1
32541,9.079941,17741.522,14
32542,7.315295,4155.048,11
32544,5.836702,3093.316,3
32547,8.987925,26997.844,19
32548,9.112664,17672.473,20
32549,10.089274,2188.134,3
32560,6.259717,1568.942,2
32561,7.000548,7745.3,9
32562,7.47825,1407.21,6
32563,7.941813,16270.489,15
32564,4.401803,567.434,6
32565,4.103392,4564.66,9
32566,6.1958,4817,2
32567,4.333333,1744.066,1
32568,3.331931,2805.17,10
32569,7.521793,13431.249,12
32570,5.183146,14259.384,16
32571,7.438638,19901.957,10
32572,6.680977,2191.721,3
32577,3.43827,4182.948,13
32578,7.857607,30057.791,27
32579,7.636497,10187,10
32580,8.5876,3383.62,5
32583,5.171315,14669.861,8
32588,7.456543,1780.941,3
32591,17.513962,589.71,2
32601,14.58608,11022.79,26
32603,13.412381,14390.222,10
32604,14.441148,1158.568,5
32605,11.879343,21812.199,27
32606,10.917335,22912.82,28
32607,10.20781,15116.797,21
32608,10.482624,35336.701,32
32609,10.692678,18319.21,31
32614,14.333333,1717.398,1
32615,5.365504,2243.863,12
32617,5.660147,2739.299,7
32618,5.588482,5002.356,9
32619,3.929414,4863.023,9
32621,4.226673,241.71,5
32622,4.792859,350.832,5
32625,4.717923,1530.711,5
32626,5.518196,3113.289,8
32627,16.748948,1178.958,2
32628,5.790679,4894.464,3
32631,3.646394,107.624,3
32635,9.804281,1814.599,3
32640,4.260528,6404.245,18
32641,10.142099,15202.96,24
32643,4.51,3432.269,12
32644,7.356496,2302.04,3
32653,8.126917,13003.779,27
32656,6.034287,6160.815,7
32666,5.360936,4480.991,23
32667,5.825398,2145.634,6
32668,5.054104,289.789,6
32669,6.576641,15717.838,15
32680,5.790679,251.536,3
32693,4.85238,9258.614,16
32694,3.943945,1950.071,8
32696,6.473735,6056.595,9
32701,10.522626,20337.899,18
32702,4.924718,2688.85,7
32703,10.607875,40650.575,33
32704,7.166667,1531.185,1
32707,8.929376,34975.738,42
32708,8.577116,43458.862,37
32710,7.059162,1101.341,2
32712,8.295243,20233.909,19
32713,9.935521,11398.03,17
32714,11.715398,35444.74,29
32715,13.736536,1702.626,3
32716,12.001356,2078.602,4
32718,13.878765,1427.824,2
32719,8.205513,2269.823,4
32720,7.960022,26526.427,40
32721,16.830229,1195.727,2
32724,8.408507,32741.957,35
32725,10.13414,33018.009,25
32726,8.753514,16577.408,15
32727,8.607272,1773.394,3
32728,10.655566,2147.5,4
32730,13.748127,850.371,7
32732,5.035796,5030.056,4
32733,16.166667,1387.056,1
32735,4.693151,1386.904,5
32736,5.531738,7693.18,8
32738,6.721174,19648.946,16
32744,6.791967,4615.812,4
32746,8.510136,40187.708,34
32750,10.022092,16165.649,34
32751,10.873558,13272.804,27
32752,10.02615,1500.121,3
32754,3.524595,2124.763,6
32756,11.04394,1674.839,4
32757,8.27564,12118.508,16
32759,7.174068,3496.867,4
32762,8.692452,2289.239,2
32763,10.385812,15534.909,8
32764,4.726345,3348.809,6
32765,8.581139,61700.284,35
32766,5.169021,6520.14,2
32767,4.712539,502.312,3
32768,4.935188,1007.012,4
32771,10.754371,26063.879,37
32772,18.812248,872.599,2
32773,9.370378,19859.253,21
32774,14.579765,1160.496,2
32776,6.077334,325.822,2
32777,8.696379,471.432,2
32778,7.912369,17635.182,17
32779,8.048858,21866.467,26
32780,7.912573,33965.107,30
32784,4.175686,3965.062,8
32789,12.310691,21055.377,37
32790,17.079306,1292.741,3
32792,11.767505,44780.45,40
32793,16.166667,1266.037,1
32794,12.29503,1356.929,3
32795,11.01145,2067.232,2
32796,11.967516,9033.789,11
32798,4.935188,2824.443,6
32801,15.287073,4578.026,20
32803,14.957913,16089.047,33
32804,14.890736,17366.25,24
32805,14.132624,17867.854,23
32806,13.000643,26070.948,35
32807,11.938693,26786.827,21
32808,11.985611,44903.336,24
32809,12.237054,17427.865,24
32810,9.807047,28815.335,18
32811,12.179135,36897.773,23
32812,11.70606,33458.968,23
32814,15.519065,1012.533,7
32817,9.261909,29085.028,12
32818,10.139487,51114.465,26
32819,9.658535,26736.393,11
32821,9.429472,6011.934,4
32822,12.23328,51820.145,23
32824,7.313627,7018.047,6
32825,7.756034,34877.742,10
32826,11.150327,9374.289,5
32827,8,10202.966,2
32828,6.459741,11129.479,2
32829,7.518924,6418.211,3
32831,5.333333,305.516,1
32832,8,1.133,2
32835,11.075464,28191.85,13
32836,6.765607,7841.389,4
32837,10.349281,24231.062,8
32839,13.098153,35581.281,17
32855,14.935459,1489.548,4
32856,15.707151,1221.962,2
32857,14.252581,2066.844,2
32858,13.896251,2437.354,2
32859,9.659148,2448.791,4
32860,14.185166,2293.926,3
32861,12.659929,3128.067,2
32862,8,951.854,2
32867,5.5,1566.627,1
32868,11.833333,3746.384,1
32872,11.833333,2880.489,1
32877,15.166667,2400.004,1
32901,12.438085,14433.017,17
32902,16.716353,1544.669,2
32903,11.695867,14162.338,8
32904,8.857304,17136.443,19
32905,11.369521,9773,7
32907,9.261711,16515.994,11
32909,6.545692,7469.1,10
32920,15.062689,6074.323,9
32922,14.227978,10794.368,19
32923,16.804474,705.079,2
32924,15.488095,1083.978,3
32925,6.666667,1506,7
32926,10.249642,5818.819,7
32927,7.810777,13842.964,12
32931,12.431008,8253.677,8
32934,8.270884,10518.977,6
32935,12.604742,39519.862,34
32936,14.35371,1119.526,3
32937,11.611936,27039.11,23
32940,9.566351,19723.538,8
32941,9.9185,1818.942,4
32949,5.728413,2924.135,4
32950,6.268748,3812.12,3
32951,6.783246,12029,9
32952,7.268376,17124,11
32953,12.259369,11287,7
32955,10.266622,34237.439,23
32956,9.268158,1395.031,2
32957,9.656699,1186.761,3
32958,7.562512,15429.826,13
32960,9.349423,10403.956,16
32962,6.748408,12758.578,13
32963,8.381812,4055.526,8
32964,9.785553,601.08,2
32965,7.129511,573.888,2
32966,6.756041,4429.795,6
32967,6.077664,7256.126,6
32968,6.350877,2804.783,13
32976,5,6.677,1
32978,7.223629,1986.682,2
33001,6.00751,3.849,3
33004,15.223517,11079.509,13
33009,12.879211,21257.194,16
33010,15.204858,38570.069,24
33011,16.310374,2463.176,2
33012,14.790183,31956.446,28
33013,14.296775,20999.106,27
33014,15.587143,15022.879,12
33015,11.970716,14678,11
33016,13.817016,33253.311,13
33018,15.149101,10699.243,5
33019,12.356644,9492.306,11
33020,13.960807,25382.598,33
33021,13.951794,39482.168,45
33022,15.205418,1934.682,2
33023,13.064901,63162.698,38
33024,13.270875,62672.547,45
33025,11.032573,29396.754,15
33026,11.610375,30791.87,24
33027,10.149525,14583.663,9
33028,9.801888,17267.987,10
33029,9.853397,16301.74,8
33030,4.66718,2033.694,6
33031,4.66718,1932.988,6
33032,10.852006,1464.039,7
33033,11.250807,22524,11
33034,4.66718,1026.638,7
33036,7.938423,3213.547,6
33037,8.942534,7622.148,14
33040,13.686669,28588.9,25
33041,12.666667,745.487,1
33042,10.877874,6729.399,6
33043,9.071496,4928,4
33045,11.931287,1784.214,3
33050,10.47342,8858.703,12
33051,7.959266,729.081,2
33052,11.405172,733.366,2
33054,13.857164,10989.273,21
33055,13.680279,18460.44,8
33056,12.770218,18839.243,18
33060,14.540747,24249.299,23
33061,18.232451,1223.297,3
33062,13.555847,17105.926,28
33063,12.957995,46616.722,32
33064,12.290321,60553.741,42
33065,12.629525,54936.496,33
33066,10.528398,18870.236,11
33067,9.926307,29581.427,28
33068,11.610087,44002.589,25
33069,9.842866,11544.791,14
33070,8.028325,5569.305,10
33071,12.027456,37652.084,24
33073,12.693674,22949.438,23
33074,11.153534,1568.711,4
33075,16.057308,1634.268,3
33076,10.432655,36177.198,17
33077,14.421481,2186.916,2
33081,12.361071,1790.626,3
33082,9.166667,2331.703,1
33083,16.53147,2446.688,4
33084,13.135373,2093.907,3
33093,13.962882,1900.889,3
33097,13.333333,1157.562,1
33101,15.344684,1439.867,4
33109,15.946174,721.268,6
33114,19.666667,1222.839,1
33119,13.893275,1127.424,4
33122,13.241139,1136.535,4
33124,14.407941,981.112,2
33125,15.065708,36965.208,24
33126,12.618131,24302.719,18
33127,15.259212,30677.936,48
33128,14.750927,5432.092,12
33129,10.661029,6050.334,15
33130,14.635701,1943.186,15
33131,16.573515,11268.123,9
33132,15.228039,4977.547,7
33133,14.771714,21176.423,24
33134,17.025139,16249.12,14
33135,14.14864,29782.913,30
33136,15.318141,9710.361,24
33137,15.846746,20459.669,26
33138,15.030027,25903.415,35
33139,15.869465,32651.7,47
33140,15.241393,20424.23,23
33141,14.251223,40451.901,32
33142,14.722916,51953.82,49
33143,12.495826,18343.395,31
33144,16.724716,10582.076,13
33145,15.642196,17973.904,20
33146,13.402545,11465.122,14
33147,14.524302,24685.653,40
33149,12.987705,13054,10
33150,14.447975,27272.276,45
33153,15.77274,1489.064,4
33154,15.90174,14875.478,22
33155,15.170283,22160.848,25
33156,12.187548,24004.849,37
33157,13.301379,44733.41,59
33158,13.277439,6196.668,7
33160,13.822729,41459.196,43
33161,15.313721,31431.661,39
33162,15.37786,27119.59,18
33163,14.290693,837.938,3
33164,16.331178,1744.467,2
33165,14.257681,27313.764,21
33166,15.15276,8610.959,13
33167,14.357121,8460.78,21
33168,13.645547,26961.732,36
33169,13.939309,19565.284,21
33170,10.065959,3315.919,12
33172,12.866331,28989.251,23
33173,15.058089,15268.2,13
33174,15.897184,16580.24,15
33175,14.898669,35212.302,27
33176,11.728801,17882.126,31
33177,12.695859,26312.774,23
33178,13.339153,19406.549,13
33179,12.382773,25071.376,31
33180,13.002602,14130.84,21
33181,13.723337,13748.037,13
33182,11.945561,14575.898,11
33183,13.246245,24706.038,17
33184,14.741919,10702.305,8
33185,14.618046,10490.187,10
33186,12.449136,21753.233,26
33187,9.324936,6662.8,11
33189,11.658923,14259.42,19
33190,12.512721,2805.045,9
33193,13.233272,32959.962,17
33196,10.433767,37072.71,32
33197,13.337366,1626.668,2
33222,13.241139,1174.322,3
33233,15.503922,820.024,2
33234,18.11784,572.041,4
33238,15.826193,2508.383,3
33242,14.205384,2156.513,2
33243,17.026512,1696.648,2
33247,13.479581,1795.157,3
33255,13.999795,1160.035,3
33256,14.273796,4276.253,8
33257,14.827485,1469.455,3
33261,14.166667,1855.454,1
33266,17.369951,1998.041,3
33269,14.259911,2799.367,3
33283,17.666667,1957.456,1
33301,13.849074,8251.67,12
33303,16.799313,572.25,3
33304,14.561554,16146.829,28
33305,14.747603,11808.832,29
33306,12.088418,3579.361,16
33307,16.823803,1315.731,4
33308,14.110891,23416.234,30
33309,13.30161,40311.678,35
33310,12.899035,3242.828,3
33311,13.658706,54296.333,53
33312,12.779738,47852.226,45
33313,12.255597,56695.654,44
33314,12.450416,15408.382,20
33315,13.853177,9317.293,12
33316,14.527306,8209.813,22
33317,11.86773,36337.653,42
33318,15.37673,2089.545,2
33319,10.937106,39967.999,38
33321,13.156061,25268.216,12
33322,11.87322,34451.592,26
33323,12.368285,20943.972,12
33324,11.115478,31359.519,25
33325,9.61311,18183.542,22
33326,10.079179,26001.825,17
33327,6.805979,12127.356,7
33328,8.895776,27559.297,24
33329,12.229573,2612.352,2
33330,9.325345,14472.752,21
33331,8.333253,12352.263,18
33332,6.687964,6896.871,8
33334,15.142513,28855.001,37
33335,16.738139,1168.191,3
33338,15.378989,1272.586,3
33339,15.159846,1123.912,3
33345,8.069742,2542.457,3
33346,14.581322,572.609,3
33348,13.333333,428.696,1
33351,13.407614,36183.502,28
33355,8.069742,1543.913,3
33359,14.333333,776.557,1
33401,13.504713,22887.546,27
33402,17,599.128,1
33403,14.855225,12612.334,24
33404,12.594081,24670.706,26
33405,16.022299,20542.514,20
33406,12.417111,16127.809,19
33407,13.920874,31747.081,23
33408,11.975847,16556.292,26
33409,13.015085,23074.497,24
33410,12.053579,28703.726,32
33411,8.934128,40367.653,22
33412,6.747811,4840.549,9
33413,11.651348,17879.448,21
33414,9.037337,53754.812,31
33415,11.811428,51166.229,45
33417,11.703516,27320.532,21
33418,8.093127,30721.634,22
33419,12.701359,2193.857,3
33420,15.056783,1513.889,2
33421,11.280187,3257.279,2
33424,12.068483,1293.115,2
33425,14.404224,1826.527,3
33426,12.772654,13941.676,20
33427,13.46937,1414.565,2
33428,9.749833,35079.082,26
33429,17.272583,1449.332,2
33430,11.41998,22311.643,16
33431,12.278375,17127.607,19
33432,13.327068,12173.02,16
33433,9.439022,30557.784,27
33434,9.714772,17507.206,33
33435,13.464467,23785.569,26
33436,10.918235,29869.721,38
33437,8.453221,37457.57,29
33438,10.039286,665.634,2
33440,5.673434,8682.063,11
33441,12.966425,20119.542,23
33442,11.452709,29969.144,20
33444,14.415845,23442.757,24
33445,11.296956,24572.017,20
33446,7.632054,19148.732,23
33449,11.451105,2649.822,6
33454,14.600613,2154.079,2
33455,6.684813,18150.113,17
33458,9.588852,32726.382,16
33460,14.478313,32860.631,28
33461,12.932454,33368.314,35
33462,12.772572,30856.665,22
33463,11.46433,50007.085,41
33465,15.859793,1778.784,3
33466,13.442026,2161.295,3
33467,8.827641,38099.685,36
33469,6.442226,8329.019,8
33470,7.063003,241.38,6
33471,4.241866,2452.139,10
33472,6.894758,13312.362,11
33474,9.166667,1794.689,1
33475,7.79138,1907.064,2
33476,8.727509,7889.366,4
33477,8.606056,13699.32,13
33478,6.253829,7419.761,5
33480,11.411172,2548,3
33482,13.948018,1255.324,2
33483,13.880761,12184.217,26
33484,11.046388,17345.39,28
33486,10.562271,14830.966,21
33487,9.47345,8893.141,10
33488,8.792685,734.658,3
33493,10.920965,5486.736,2
33496,7.657008,21823.24,14
33498,7.210833,15399.76,15
33508,9,788.304,1
33509,11.925474,2184.627,3
33510,8.656537,29120.61,27
33511,8.990373,41201.204,43
33513,5.356942,11513.408,10
33514,6.002936,380.189,3
33523,6.52459,16892.473,27
33524,6.422337,775.701,3
33525,7.57025,15866.537,30
33526,15.395885,1678.417,2
33527,5.58911,13928.802,38
33530,4.871886,1329.936,2
33534,7.804707,16889.742,9
33538,6.316984,5891.393,9
33539,14.917039,1795.869,3
33540,6.136051,8167.005,15
33541,7.37432,12685.068,20
33542,11.601924,19245.727,33
33543,6.143624,27012.778,20
33544,7.47375,27136.84,17
33545,5.034779,18217.308,14
33547,7.259232,18026.393,10
33548,7.142273,9204.794,23
33549,6.972644,15193.826,28
33556,6.380861,21288.155,25
33558,6.57144,22677.437,21
33559,7.547863,16819.643,30
33563,8.591008,30521.347,36
33564,6.979205,425.402,3
33565,4.562815,13050.374,12
33566,6.383116,18384.484,26
33567,4.229355,11724.715,13
33569,7.249365,17279.348,9
33570,7.020012,26249.009,16
33571,8.530076,738.452,2
33572,6.407139,18864.88,9
33573,5.927938,19631.195,15
33575,8,1707.004,1
33576,5.861453,6936.827,13
33578,9.24174,41658.502,26
33579,6.841516,33315.149,12
33583,8.047325,2028.285,2
33584,7.823767,21333.774,29
33585,5.945858,771.824,9
33587,4.529215,1295.068,2
33592,6.220704,10708.332,19
33594,7.62928,30930.617,24
33595,7.100437,2253.729,3
33596,7.367333,30598.287,27
33597,4.625969,3670.979,12
33598,5.429949,17551.912,12
33601,18.166667,243.507,1
33602,15.633469,13463.088,25
33603,14.448559,20722.813,39
33604,14.291498,31486.608,49
33605,13.852128,15135.013,30
33606,13.846831,17308.55,30
33607,14.254278,11677.923,38
33609,14.767992,15707.777,34
33610,12.747536,39996.028,56
33611,11.555708,30785.689,42
33612,13.470573,40250.482,55
33613,12.36339,23637.919,26
33614,12.564603,20774.135,20
33615,10.879768,32331.582,31
33616,12.263451,13568.769,17
33617,12.211616,42954.583,37
33618,9.588217,25422.114,36
33619,9.840793,35613.594,37
33621,9.833333,2512.662,7
33624,8.886183,37475.642,31
33625,10.374265,26421.296,26
33626,7.76943,16221.395,13
33629,14.170636,24583.884,51
33634,11.844101,16583.468,22
33635,11.055339,875.78,5
33637,9.82422,17095.416,17
33646,8.738875,2125.529,6
33647,7.246684,28450.894,20
33672,18.166667,236.286,1
33673,16.876402,493.431,3
33674,16.876402,655.883,3
33677,15.558931,901.961,3
33679,16.275341,1759.965,6
33680,12.510338,2408.906,2
33681,13.579385,1456.065,4
33682,14.382144,1527.233,3
33685,13.98353,2664.529,4
33687,12.182812,1880.252,3
33688,12.656006,1779.408,3
33689,10.5,2153.012,1
33694,11.5,1291.173,1
33701,14.026188,2553.985,12
33702,13.619344,27359.797,33
33703,10.632931,22772.847,29
33704,13.642657,14104.596,24
33705,13.154276,27096.674,44
33706,13.066768,8512,9
33707,13.801076,22241.125,39
33708,13.472898,14113.542,24
33709,13.206733,24382.366,43
33710,14.506074,31968.264,41
33711,13.60815,15818.638,25
33712,13.134117,24261.96,48
33713,14.878014,27054.454,41
33714,13.695796,12112.356,22
33715,8.360955,7488,9
33716,11.436127,8428.447,7
33732,16.025099,1336.885,2
33733,16.784633,1802.506,5
33734,16.085534,1011.865,3
33738,14.460815,596.909,2
33742,8.963635,1501.553,2
33743,16.023379,2320.275,3
33744,13.87948,785.821,2
33755,13.692076,19304.336,23
33756,14.47298,16376.725,27
33758,14.600691,3140.852,5
33759,10.935456,17410.052,22
33760,11.042757,19451.447,12
33761,13.065546,20214.121,23
33762,10.189101,5653.22,10
33763,12.109926,12852.919,16
33764,12.634756,22862.852,35
33765,14.448136,6546.637,26
33766,12.466009,1437.795,2
33767,11.33549,4947,5
33770,14.445098,12919.988,28
33771,12.454222,20024.627,27
33772,11.412646,21472.317,24
33773,11.930895,14216.189,13
33774,12.485074,18933.455,22
33775,13.255657,1954.502,3
33776,12.083621,12367.379,14
33777,11.305896,17104.452,18
33778,10.659305,10472.517,20
33779,14.290091,1497.453,3
33780,13.828396,2000.815,3
33781,13.482519,18488.461,30
33782,12.165542,17607.721,20
33784,16.784633,145.443,5
33785,14.030244,5835.543,11
33786,8.5,1632,1
33801,12.604803,33313.123,35
33802,17.66759,1431.945,3
33803,12.936571,28341.968,39
33804,14.412472,2159.408,2
33805,10.596837,22872.701,20
33806,16.799812,1032.605,2
33807,10.970278,1510.895,2
33809,4.456269,17337.193,22
33810,5.871811,38885.298,15
33811,6.221446,22081.411,13
33812,9.196719,7911.819,5
33813,9.113909,29789.873,26
33815,13.174026,13549.632,23
33823,6.464356,31409.114,24
33825,7.45793,15600.945,20
33827,4.275707,3122.081,7
33830,7.801807,26144.89,34
33831,10.080889,1197.526,2
33834,6.027238,5105.544,7
33836,5.1578,2057.091,3
33837,6.140672,12929.859,10
33838,3.519977,1175.239,6
33839,5.875305,5214.563,8
33840,10.856247,2662.937,3
33841,6.452271,8952.673,19
33843,4.667282,12952.669,22
33844,6.925982,20169.515,24
33846,13.191419,1691.129,2
33849,3.734713,46.68,3
33850,7.224858,7965.252,13
33852,5.536054,5522.719,7
33853,9.192739,5080.693,4
33854,3.742452,561.42,3
33856,3.742452,589.059,3
33857,4.916028,1748.637,8
33858,5.1578,709.313,3
33859,5.175339,6709.647,12
33860,6.527163,8246.713,10
33865,4.26349,23.076,2
33867,4.867123,1258.537,3
33868,4.843572,11812.739,12
33870,7.084444,13620.639,27
33871,8.746236,1477.999,3
33872,6.57498,8193.713,10
33873,5.173649,1767.931,6
33875,6.175115,5851.402,5
33876,4.36924,2936.269,4
33880,7.428669,27207.004,36
33881,8.314185,28682.443,35
33882,16.97867,421.017,2
33883,16.97867,724.466,2
33884,6.907783,27384.353,24
33890,3.761706,6105.469,7
33896,6.229627,10196.933,9
33897,6.798613,2873.819,5
33898,4.743129,13588.658,20
33901,13.046218,10071.741,20
33902,15.151724,1040.353,3
33903,12.175929,11918.271,25
33904,11.479199,23393.469,39
33905,9.713858,28427.386,34
33906,13.751882,1396.503,2
33907,13.002217,18392.598,20
33908,8.68212,16575.654,29
33909,10.49779,13804.532,20
33910,12.496833,792.129,3
33912,7.498761,14831.374,19
33913,4.336056,1521.367,9
33914,9.332915,11632.652,13
33915,13.581316,2424.099,3
33916,12.494597,10614.368,20
33917,8.056443,20070.171,21
33918,10.78127,934.974,2
33919,10.051834,24443.013,28
33920,4.885681,5561.336,13
33921,9.172822,704,3
33922,6.446585,3731.271,6
33924,5.796667,200,3
33928,7.61287,14988.133,11
33931,12.596005,10211.507,22
33932,13.17572,1127.927,5
33935,5.035344,10122.879,7
33936,10.442431,14783.663,25
33938,7.807786,1143.566,4
33946,6.766193,1006,3
33948,7.511954,14705.587,13
33949,8.080975,3210.385,3
33950,8.028038,11825.07,14
33951,9.443248,1447.829,3
33952,8.526159,23204.696,20
33954,8.939731,1779.973,5
33955,5.254565,2166.806,3
33956,6.636178,60.866,3
33957,6.951043,7224,11
33960,4.499603,635.982,4
33967,11.10249,16337.027,9
33970,12.184062,1783.971,4
33971,7.81781,24142.027,33
33972,5.063737,7258.339,10
33973,6.548449,15226.327,6
33974,5.808291,14451.329,27
33976,6.662395,19145.749,18
33980,7.523792,9746.935,11
33981,6.5,3683.364,1
33982,5.256691,8933.682,6
33983,5.901384,14499.911,8
33990,12.28571,13990.675,23
33991,9.633463,6343.321,6
33993,6.296257,777.863,3
34101,7.614837,1363.768,2
34102,8.734384,10990.67,22
34103,9.536585,12793.814,20
34104,7.339348,10566.378,13
34105,6.742026,5541.768,6
34106,7.614837,1059.823,2
34107,8.046955,372.974,2
34108,7.40972,16409.277,22
34109,8.877753,3994.793,7
34110,7.553683,14124.956,15
34112,7.668536,17315.698,19
34113,6.397289,4700.08,8
34114,6.289367,2627,2
34116,7.58674,23351.291,10
34119,6.744064,6577.709,5
34134,10.182875,7188.933,7
34135,5.839603,2372.31,4
34142,6.64984,13359.907,13
34145,9.592705,7200.887,8
34146,9.445049,1390.113,2
34201,7.883701,3673.641,7
34202,8.276055,16379,5
34203,9.557405,21541.884,30
34204,6.970054,732.518,3
34205,14.69171,33186.506,37
34206,16.536251,579.45,2
34207,13.779901,21327.972,27
34208,12.42464,31790.977,27
34209,11.475387,26660.402,29
34210,10.72882,16670.357,23
34212,4.806973,5171.888,3
34215,12.547774,1638.106,4
34217,15.308442,1694,3
34219,5.813654,22522.064,14
34220,13.38877,1541.871,3
34221,10.273961,27617.586,25
34222,8.947516,11765.354,13
34223,10.609149,15189.186,23
34224,7.8374,7015.636,8
34228,12.451137,4690,6
34229,11.338676,4.945,4
34230,17.110642,2639.927,3
34231,14.104639,23881.096,25
34232,12.330418,36606.71,32
34233,12.804181,5340.344,18
34234,14.015526,22814.64,27
34235,11.725437,11308.036,14
34236,14.366056,7483.434,16
34237,15.177162,13367.414,20
34238,7.557509,5519.817,10
34239,14.691162,13719.306,33
34241,8.664414,11392,5
34242,12.969116,5688,7
34243,8.74456,25111.008,31
34251,2.763816,4105.946,4
34266,6.131259,31406.49,30
34269,4.342679,4987.521,7
34270,6.970054,1257.369,3
34272,11.018333,527.82,3
34275,8.523327,11839.368,10
34276,13.338936,1963.7,4
34277,15.548578,1629.294,3
34280,10.670595,1471.965,3
34282,15.480196,1052.063,2
34284,12.209793,680.101,3
34285,10.736235,10827.615,25
34287,10.974115,12736,10
34292,6.576763,7458,8
34293,10.499712,27601.03,19
34420,6.307327,3829.445,7
34428,8.084858,4.854,4
34429,8.059565,4070.078,7
34431,4.68111,817.274,6
34432,5.391649,4967.101,4
34436,4.995707,7713.74,9
34441,5.702952,1373.615,4
34442,5.702952,1477.208,4
34446,5.61491,5275.661,7
34448,6.362494,6231.604,8
34449,4.589183,2539.903,6
34450,5.719923,4093.304,14
34451,8.095611,1379.86,2
34452,6.359369,6950.148,4
34453,5.854192,2044.044,11
34461,5.792705,3965.139,15
34464,11.494565,1235.883,3
34465,11.479114,8145.117,7
34470,11.712688,16265.865,27
34471,11.800241,17775.07,32
34472,7.983802,15383.048,9
34473,5.669969,4866.985,4
34474,11.260391,6708.678,7
34475,10.758989,11237.65,28
34476,5.989694,11659.673,13
34478,14.688256,1774.273,3
34479,7.94649,10794.012,11
34480,7.057434,20358.269,25
34481,5.351542,10980.309,12
34482,5.928703,16187.831,14
34483,9.078109,2651.12,3
34484,5.469302,2669.712,4
34488,6.458313,5076.016,11
34491,5.818686,525.12,7
34498,4.58765,683.458,3
34601,7.319248,20642.019,26
34602,4.790324,7159.386,16
34603,13.892215,1230.747,3
34604,6.553939,11666.457,11
34605,9.100073,1071.877,4
34606,9.872765,24085.427,29
34607,7.849791,6859.696,4
34608,10.818793,33838.699,24
34609,9.961005,35364.147,29
34610,4.932232,14445.259,16
34611,11.890521,2676.031,5
34613,7.284846,13449.031,22
34614,4.172372,7156.907,8
34637,6.587057,8922.523,8
34638,6.150937,25159.931,23
34639,6.622286,27913.708,25
34652,13.221151,18337.669,27
34653,12.45802,18127.45,25
34654,8.37769,22989.812,26
34655,8.606598,38473.415,26
34656,11.793577,1308.558,3
34660,12.066691,1328.62,5
34661,3.971918,292.48,2
34667,8.184956,26111.183,36
34668,12.082356,44772.699,31
34669,6.7364,12963.453,25
34673,13.826602,1441.341,2
34674,10.273898,2021.264,2
34677,9.104479,21908.145,15
34680,15.833333,1465.417,2
34682,11.806141,1999.757,4
34683,11.998801,23343.604,25
34684,9.34874,23075.431,24
34685,8.208089,6721.855,9
34688,6.84546,3686.732,4
34689,10.619176,12136.18,13
34690,12.976513,11059.293,13
34691,8.417226,19928.062,29
34692,13.59143,960.385,2
34695,12.253215,18232.71,14
34697,14.147231,1794.453,3
34698,11.714269,25069.829,31
34705,5.874802,74.115,2
34711,7.148696,14509.766,7
34714,5.833964,456.573,4
34715,8.309201,10979.948,4
34731,7.424273,11172.336,13
34734,12.052939,3592.118,2
34736,5.596255,6592.162,6
34737,5.0771,2055.62,3
34740,9.314689,31.489,2
34741,11.974971,34089.076,14
34742,15.796729,2054.466,3
34743,12.263724,28940,4
34744,9.743059,29123.2,13
34745,14.583389,2886.37,3
34746,6.838323,4987.511,4
34747,5.833333,943.916,1
34748,7.836783,14405.099,15
34753,5.803708,4296.17,3
34755,9.11118,2377.097,2
34756,5.874802,3751.869,2
34759,5.333333,363.025,1
34760,9.314689,1260.69,2
34761,9.915026,24722.617,7
34769,14.643958,15087.886,11
34770,16.333333,1991.642,1
34771,6.079226,16278.826,6
34772,4.641422,2633.023,2
34778,9.314689,804.098,2
34785,6.381584,3900.133,12
34786,7.831843,7933.83,5
34787,8.68405,3701.427,4
34788,6.007628,15849.704,15
34789,7.135117,1105.686,3
34945,8.166667,2603.025,4
34946,7.583719,5959.252,10
34947,8.067316,12541.185,22
34948,8.571485,1347.317,5
34949,6.061785,7429,7
34950,8.958435,14358.127,24
34951,7.896139,74.68,3
34952,6.972937,36224.06,24
34953,8.151406,15836,2
34954,8.571485,2391.759,5
34957,7.762704,20939.906,26
34958,8.130077,2313.06,4
34972,5.542666,20233.132,25
34973,7.167974,2200.742,3
34974,5.484187,22568.763,27
34979,8.439445,4230.638,3
34981,8.587287,3145.734,11
34982,7.57262,14130.898,29
34983,8.779384,7950.431,3
34984,9.644119,5649.569,4
34985,8.166667,1073.62,2
34990,7.024805,22872.689,13
34991,6.640695,2352.311,2
34992,7.696628,2092.902,4
34994,8.774439,11312.245,20
34995,9.762878,2279.043,3
34996,7.050747,11064.63,21
34997,7.301459,21801.34,21
35004,6.45314,3772.679,4
35005,5.300475,7751.413,21
35006,4.334158,255.72,6
35007,6.401297,15499.331,16
35010,4.908746,14900.861,26
35014,3.474904,4175.413,10
35016,5.855169,10055.818,17
35019,4.059102,1695.016,5
35020,11.422276,23852.62,48
35021,17.674649,1331.119,3
35022,7.192554,7728.873,9
35023,5.918382,22343.214,21
35031,3.389542,3038.325,6
35033,3.447613,2761.514,4
35035,6.194212,32.217,3
35036,3.380611,1.593,5
35040,6.825502,2703.287,5
35042,1.164241,95.113,2
35043,6.976765,3843.799,4
35044,3.589984,1169.419,7
35045,5.989657,6778.865,9
35046,3.857222,4853.318,7
35049,4.474505,2422.993,2
35051,6.90889,7391.387,11
35053,3.494206,2963.842,12
35055,6.243035,9703.222,14
35057,3.966011,9977.696,19
35058,4.016325,1380.132,16
35060,3.705554,52.075,4
35061,8.666667,1348.122,5
35062,4.37747,7368.378,15
35063,3.654665,3318.037,11
35064,9.509341,5085.869,18
35068,4.870935,228.708,4
35071,5.875213,3093.771,9
35072,3.145693,4206.164,19
35073,6.686679,2697.949,15
35077,5.420958,11738.991,18
35078,5.631317,1852.826,6
35079,3.488963,2416.338,6
35080,6.689376,15089.453,17
35082,10.791685,158.876,5
35083,4.0675,3103.088,8
35085,4.534025,3730.326,8
35087,4.51909,1297.446,10
35089,4.057358,2629.483,15
35094,6.110946,8317.826,13
35096,5.240181,7587.365,12
35098,3.327165,1355.421,10
35111,5.757321,1825.904,5
35114,5.097629,5797.356,8
35115,6.220265,9770.819,6
35116,3.439234,1605.108,3
35117,4.145204,3559.859,7
35118,4.611488,3107.227,8
35121,4.471127,1076.538,8
35124,7.685989,19889.383,18
35125,5.293611,272.565,2
35126,4.982211,18303.474,16
35127,5.925615,2902.696,8
35128,5.272822,2575.081,5
35130,4.211269,3970.466,11
35133,4.217063,4.646,3
35136,3.616242,1360.809,11
35143,4.174394,3220.201,6
35146,4.527761,919.933,9
35147,5.774226,4554.094,12
35148,6.197885,2579.951,11
35149,3.479389,855.374,3
35150,6.692685,17249.508,21
35151,3.99554,3051.195,11
35160,5.022352,26915.481,36
35171,4.934707,3071.983,8
35172,3.874668,423.995,2
35173,8.250827,8254.951,14
35175,3.04979,1031.402,4
35176,2.850181,859.543,3
35178,4.429046,2582.726,6
35179,3.928393,9115.171,21
35180,3.627813,2082.046,8
35181,3.380611,1.593,3
35183,2.945976,514.518,3
35184,2.262469,2172.368,2
35186,4.850701,4501,9
35188,2.471973,432.274,4
35203,13.581293,57.065,7
35204,14.147519,10646.691,30
35205,13.803286,15453.572,32
35206,11.062128,16340.749,35
35207,10.742626,7173.025,17
35208,12.734324,15332.054,34
35209,11.920742,28582.471,39
35210,7.991411,11393.216,24
35211,13.036272,20851.871,43
35212,12.715366,10685.583,26
35213,9.756068,13874.839,25
35214,8.267866,17590.424,30
35215,7.876688,41295.135,41
35216,9.953512,17534.23,30
35217,9.830788,12318.172,33
35218,13.660846,7054.584,25
35219,13.160162,1161.991,2
35221,12.288201,4981.501,17
35222,11.188638,4361.044,17
35223,9.146218,5649.716,18
35224,6.322467,5066.778,16
35226,7.674844,21582.622,15
35228,10.606022,10476.82,29
35231,8.292435,984.161,3
35232,15.821521,846.518,3
35233,14.260554,21.504,7
35234,13.730472,5653.145,29
35235,8.233329,10997.585,17
35236,10.89111,1262.789,2
35238,7.481591,1879.492,3
35242,7.366881,29211.422,28
35243,8.548714,12222.221,25
35244,8.408579,19203.048,21
35253,11.051877,872.943,2
35255,15.032448,742.93,3
35259,14.101241,831.19,3
35260,7.590691,836.028,2
35261,11.039868,1227.939,5
35266,9.979905,1080.061,3
35401,7.988519,24964.438,34
35402,9.899472,695.936,3
35403,9.899472,959.001,3
35404,7.023997,16639.667,17
35405,6.947577,19103.861,17
35406,6.957695,17364.452,12
35407,5.744613,1645.954,2
35441,3.319579,1159.654,3
35442,3.632094,1267.74,6
35443,2.201876,2143.33,5
35444,4.964558,3153.769,8
35446,2.866365,1835.373,4
35447,3.935825,3340.928,8
35452,3.762795,1605.515,4
35453,6.775869,5883.577,11
35456,6.400678,800.949,4
35459,3.23401,662.095,2
35460,3.23401,113.179,2
35461,2.191669,2197.34,6
35462,1.81165,1077.547,2
35463,3.666667,1410.335,1
35464,3.007819,365.61,4
35466,4.170905,4509.409,8
35469,2.877489,132.109,3
35470,4.655213,181.985,5
35473,7.457648,6302.912,14
35474,5.633581,4213.865,4
35475,4.817851,6285.44,6
35476,8.637548,7339.98,14
35480,3.464294,1536.444,6
35481,5.342094,3763,14
35486,9.5,6575.19,1
35490,2.910987,2764.8,5
35501,6.878613,6680.03,23
35502,8.313345,2002.792,3
35503,4.991773,6552.913,13
35504,5.673485,3511.435,14
35540,3.576614,2349.284,11
35541,4.920671,3394.901,9
35542,3.31349,1251.92,11
35543,5.279318,34.951,7
35544,4.107618,832.691,5
35546,3.785203,3147.637,12
35548,3.4355,1656.522,3
35549,4.496402,3649.554,19
35550,5.120185,5984.472,17
35552,3.868221,638.871,6
35553,4.653954,456.373,12
35554,3.567728,1079.749,12
35555,4.961977,9382.888,26
35563,5.653888,3573.554,14
35564,3.634693,1982.357,7
35565,5.975034,9119.924,15
35570,4.846099,6705.56,16
35571,2.913817,911.521,12
35572,4.829302,1082.196,4
35574,4.21873,1683.358,21
35575,2.961521,1100.766,3
35576,4.015113,3107.846,10
35578,3.660981,5189.448,16
35579,4.158601,2965.893,21
35580,4.863175,3970.419,15
35581,3.902054,518.875,5
35582,4.757086,4301.758,12
35585,2.990266,860.378,7
35586,4.107618,3146.481,5
35587,3.333441,922.61,10
35592,4.043386,102.483,4
35593,3.148693,1790.763,9
35594,4.068764,2579.425,9
35601,7.890747,31516.622,38
35602,11.630391,1473.489,4
35603,6.058381,27560.42,30
35610,3.211248,1924.747,6
35611,7.659775,17744.73,12
35612,8.443566,1607.17,2
35613,4.941416,5785.378,6
35614,3.232299,6730.35,17
35616,2.953017,3620.732,11
35618,2.999756,168.645,6
35619,2.676855,2165.083,16
35620,2.889579,7031.709,11
35622,3.898217,5633.219,13
35630,7.883471,22408.851,38
35631,12.239219,973.792,2
35633,5.271684,13647.879,19
35634,4.398931,6776.711,15
35640,6.758135,16881.068,20
35643,3.285796,1540.731,6
35645,4.804243,6126.956,10
35646,2.788568,4683.297,6
35647,2.973351,1101.59,3
35648,4.197769,3742.993,10
35650,4.571116,11660.426,21
35651,2.640356,1233.938,8
35652,4.94531,8268.176,13
35653,6.330404,11292.918,31
35654,4.942084,7804.543,26
35660,9.252078,9073.245,19
35661,8.14665,12996.091,24
35670,3.92817,6414.387,12
35672,2.768545,3296.923,12
35673,4.609863,5401.67,11
35674,6.14166,16440.972,27
35677,2.769873,1656.149,5
35739,2.926793,159.441,3
35740,4.890028,3215.411,4
35741,4.795651,171.88,9
35745,2.790669,388.209,3
35748,4.092734,5943.562,9
35749,6.241056,2157.909,7
35750,3.590025,1037.463,2
35751,2.790669,259.977,3
35754,2.833333,119.46,1
35757,6.876388,10590.632,2
35758,7.489983,17939.065,8
35759,3.590025,442.863,2
35760,5.167802,4342.009,5
35761,3.92631,4027.33,4
35762,9.820644,1754.385,4
35763,4.524556,80.696,5
35764,2.997129,579.785,5
35765,3.889336,3569.942,7
35766,2.790669,163.364,3
35768,6.633361,7048.934,13
35769,5.20379,2704.478,4
35772,4.890028,3.589,4
35773,4.973339,2609.258,5
35774,2.790669,129.988,3
35776,3.137995,2561.036,14
35801,9.945414,21678.71,39
35802,8.819147,20621.444,20
35803,6.7808,10735.897,16
35804,15.617442,1858.058,3
35805,12.688673,20168.725,29
35806,7.099437,2579.367,9
35807,15.902304,819.709,3
35808,6.333333,1372.316,1
35810,9.099335,24640.762,29
35811,7.174258,8101.026,16
35812,6.333333,64.005,1
35815,8.368053,1126.764,2
35816,13.675744,10818.071,19
35824,10.559578,248.7,4
35901,6.568634,18408.076,39
35902,9.474994,1215.341,3
35903,6.815215,17048.105,19
35904,5.617954,13790.126,26
35905,4.035273,1489.961,14
35906,7.155451,10135.126,17
35907,7.253633,14.285,3
35950,6.528569,15595.704,22
35951,7.468433,6582.719,11
35952,3.939512,4793.649,6
35953,5.077755,4861.636,6
35954,4.122728,7060.751,30
35956,4.548911,9044.924,17
35957,6.629111,11816.617,17
35959,4.476584,4322.673,11
35960,6.145383,6594.29,6
35961,4.261163,5503.798,16
35962,7.284525,227.233,6
35963,5.05029,120.089,4
35966,3.859577,285.604,4
35967,5.73078,15369.233,23
35968,5.775306,4166.369,19
35971,5.05029,3715.133,4
35972,3.62813,1109.139,9
35973,3.61246,2631.261,5
35974,5.05029,64.81,4
35975,5.05029,1019.803,4
35976,6.384751,5546.722,19
35978,4.905554,2852.98,7
35980,3.343276,1281.367,8
35983,4.223505,59.723,6
35984,4.05384,2276.521,10
35986,5.05029,72.435,4
35987,4.614622,2987.703,6
35989,4.428,2770.079,8
35990,3.980281,2.011,3
36003,2.931296,1577.245,3
36005,1.934808,1755.604,10
36006,3.227605,1164.992,7
36008,2.931296,4.554,3
36009,4.693156,2322.09,12
36010,4.444369,4432.214,15
36013,4.044296,348.864,7
36016,4.579218,4589.206,20
36017,3.610601,2611.031,5
36020,5.551032,1048.43,5
36022,4.673132,3714.972,2
36024,4.769447,5159.289,15
36025,5.054919,3998.818,10
36026,3.8397,865.858,10
36027,5.954384,14393.562,20
36028,3.415394,1986.589,10
36029,2.538565,1017.466,10
36030,2.298868,680.016,4
36032,3.772235,2225.488,11
36033,5.502295,4179.323,14
36034,4.057865,967.469,7
36035,3.782681,2076.586,6
36036,3.295163,1816.189,7
36037,5.632718,13083.664,21
36039,3.236017,411.396,5
36040,3.804159,3075.917,12
36041,4.252695,1471.889,13
36042,4.401191,1316.138,8
36043,4.819444,1443.257,3
36046,3.99192,1347.722,6
36047,3.772013,1017.744,7
36048,2.844327,1499.855,8
36049,5.885796,5629.042,12
36052,3.377888,705.35,8
36053,3.764453,2219.184,13
36054,6.060634,8097.762,12
36064,4.98024,12208.68,14
36066,7.10817,5991.558,7
36067,5.566961,19918.932,24
36069,2.995344,1912.554,8
36071,4.670617,731.76,7
36072,4.988604,1175.939,5
36075,3.698079,2090.727,5
36078,4.895036,1148.036,8
36079,3.832594,4561.654,14
36080,2.673276,2313.407,8
36081,5.342429,7702.349,15
36083,5.188405,8277.728,18
36088,5.634654,3969.165,9
36089,1.878216,1890.873,8
36091,3.417124,19.429,2
36092,4.487347,11770.284,18
36093,5.444054,10057.214,4
36101,17.166667,48.864,1
36102,17.166667,53.674,1
36103,17.166667,59.686,1
36104,14.77188,8067.02,46
36105,12.473896,8008.38,37
36106,15.323748,9418.647,17
36107,15.187001,7690.097,27
36108,11.287703,17521.307,33
36109,12.969237,24550.574,34
36110,11.185585,11746.667,22
36111,14.079318,11383.49,20
36112,15.37662,601.846,2
36113,15.433272,1673.299,6
36114,11.5,2.994,1
36115,11.5,961.006,1
36116,10.119894,28828.166,36
36117,10.911196,31646.982,43
36120,15.058768,1460.693,3
36121,13.975159,1271.485,4
36124,12.024244,1638.814,3
36125,12.666667,783.044,1
36201,6.732939,16061.89,36
36202,8.550117,1228.811,2
36203,5.497211,11610.661,18
36204,7.736988,685.576,3
36205,7.736988,933.946,3
36206,5.556181,9633.045,13
36207,6.367916,11120.859,21
36250,5.110767,86.427,4
36251,4.211551,4872.341,13
36255,2.811247,896.425,9
36256,2.533397,1585.127,5
36257,8.550117,258.242,2
36258,4.67924,1955.27,9
36260,5.592474,1166.485,7
36262,3.683903,1697.887,5
36263,3.039222,558.056,5
36264,5.222498,8475.303,13
36265,5.911322,11852.346,19
36266,5.339949,5267.878,17
36268,4.767769,5250.226,13
36269,3.607123,1441.269,5
36271,3.748949,4741.627,7
36272,4.892988,10908.529,17
36273,3.842451,2568.471,3
36274,5.271278,11229.415,19
36276,4.035689,2522.425,17
36277,5.331805,198.941,7
36278,5.312874,4381.151,7
36279,3.326768,2086.561,4
36280,3.226032,3620.487,8
36301,7.035109,30122.877,35
36302,10.141184,805.75,3
36303,7.35532,21963.189,38
36304,10.141184,625.958,3
36305,4.750421,2772.341,14
36310,4.645005,6361.651,10
36311,3.527559,2602.832,8
36312,3.652392,1054.811,12
36314,5.173571,640.783,5
36316,2.678794,2104.832,4
36317,2.36968,435.129,13
36318,2.807916,1266.25,9
36319,3.403383,2217.41,12
36320,3.320527,3903.112,8
36321,4.547925,116.945,4
36322,5.493652,8428,20
36323,4.751257,7815.863,21
36330,6.311732,18870.389,23
36340,6.408219,5662.649,13
36343,2.682455,1499.85,6
36344,4.961366,5400.992,9
36345,5.693712,8345.661,23
36346,3.369357,1423.318,6
36350,5.078078,6684.311,12
36351,4.306456,4055.049,7
36352,5.430342,5166.122,13
36353,3.247496,1914.613,13
36360,5.1457,17828.291,25
36361,8.068206,1363.062,4
36362,6.03185,5098.285,5
36370,2.654901,753.749,4
36373,2.291028,408.749,5
36374,3.038644,1120.493,8
36375,3.711996,7673.479,19
36376,4.547925,1740,4
36401,5.515998,7222.106,13
36420,6.532286,11301.962,20
36421,4.71584,8721.14,25
36425,3.076321,873.467,3
36426,6.223602,10160.024,15
36432,3.699204,3174.08,12
36435,3.248141,512.078,2
36436,4.462123,470.019,8
36441,4.725572,3694.514,5
36442,5.231746,3334.759,15
36444,2.514434,1000.019,2
36445,2.586229,25.388,2
36451,5.076265,3817.556,11
36453,4.660846,2159.345,13
36454,2.968668,81.791,2
36456,5.427526,1921.481,11
36460,6.052543,3300.701,11
36467,4.939335,9937.056,31
36471,2.610294,1064.742,5
36473,2.968668,201.331,2
36474,3.600499,2982.279,11
36475,3.530753,1431.643,14
36477,4.696548,4592.936,17
36480,2.587168,1494.042,5
36481,2.514434,69.137,2
36482,5.377013,1022.071,6
36483,3.333333,382.339,2
36502,5.928215,17777.856,24
36505,3.779473,32.795,3
36507,5.668362,20650.643,18
36509,6.146932,2081.055,4
36513,3.369586,31.253,4
36518,5.355808,1861.672,13
36521,3.043283,5230.139,7
36522,5.153268,7959.959,15
36523,6.146932,1412.508,4
36524,2.269305,1092.226,3
36525,3,583.707,1
36526,8.493236,11176.764,5
36527,4.747158,1013.145,3
36529,2.696431,487.698,3
36530,5.792173,6259.689,6
36532,7.001514,18763.277,15
36533,9.082321,1286.54,2
36535,9.056588,5944.508,9
36538,5.331075,472.69,7
36539,2.778245,734.78,11
36540,5.377013,168.525,6
36541,4.341982,6813.343,13
36544,4.319216,5761.222,10
36545,6.693452,7408.771,14
36548,3.367988,1047.252,3
36549,5.754639,26.153,4
36550,2.712691,259,3
36551,5.953129,7761.253,12
36553,3.367728,4631.336,7
36558,4.356324,3487.793,9
36559,9.211958,907.522,3
36560,3.779473,3038.217,3
36562,3.437424,1716.743,9
36564,9.082321,1111.897,2
36567,5.033551,10438.112,11
36568,4.508268,590.702,3
36569,4.174135,799.278,7
36571,8.457659,7362.571,7
36574,5.320558,1370.55,3
36575,5.112139,3509.306,8
36576,6.821518,29.822,5
36578,4.586763,2712.13,6
36579,2.712691,1772.3,3
36580,6.839658,4213.365,9
36581,3.367988,140.859,3
36582,5.631012,19171.794,21
36583,3.413386,752.173,14
36584,2.696431,820.137,3
36585,3.36816,967.702,7
36587,4.572566,2231.497,6
36590,6.28812,1283.825,3
36601,5.787233,1163.579,2
36602,10.378111,1614.254,8
36603,7.293357,6635.83,20
36604,9.905646,8515.158,22
36605,6.159399,26173.679,36
36606,8.961258,16206.793,41
36607,8.968951,5730.883,10
36608,7.525446,34193.568,32
36609,8.67989,17859.614,21
36610,7.785774,11072.292,26
36611,7.083239,5447.576,12
36612,7.390319,5114.492,8
36613,4.984918,8956.385,11
36615,7.344322,169.791,6
36616,10.292476,1623.236,3
36617,7.583434,8439.769,14
36618,7.423918,10828.388,14
36619,7.345131,6815.387,9
36633,5.787233,723.844,2
36640,11.201448,544.606,2
36652,5.787233,711.176,2
36660,8.915569,1183.43,3
36663,8.945847,344.682,3
36670,10.750147,770.363,2
36671,10.554954,448.668,2
36685,9.785968,1326.502,2
36688,5.187567,597.419,2
36689,9.380288,1179,2
36691,9.420852,1156.007,2
36693,7.731768,12928.651,10
36695,7.043109,13179.792,13
36701,6.471697,19085.179,31
36703,8.677988,6477.118,12
36720,2.166667,1015.611,1
36722,3.832264,421.507,6
36726,3.248141,264.109,2
36727,2.272888,188.492,3
36728,2.800661,779.076,12
36732,5.95157,4126.417,5
36736,3.470713,1437.388,5
36738,3.467024,602.084,5
36740,2.313508,1351.426,3
36742,3.125978,409.782,5
36744,3.663626,1921.078,6
36748,5.226305,234.834,8
36749,3.244711,680.13,5
36750,3.897026,3012.083,5
36751,3.177188,1120.3,16
36752,3.811628,1576.088,6
36754,3.524735,176.213,5
36756,2.634144,813.574,7
36758,4.010612,815.847,7
36759,3.521457,1629.443,10
36761,3.661163,1084.923,9
36765,3.251932,773.376,7
36767,2.943636,1561.773,6
36768,3.235828,952.058,5
36769,3.797117,2272.343,7
36773,3.794164,416.616,8
36775,3.710927,958.606,8
36776,2.75273,1351.896,2
36782,3.83719,2037.706,5
36783,3.647513,708.742,9
36784,3.1736,2633.516,14
36785,2.922946,698.431,5
36786,4.193688,2122.642,9
36790,4.333079,268.329,3
36793,3.564042,313.533,5
36801,7.370091,14817.152,20
36803,9.481055,1582.245,2
36804,2.924534,3830.237,6
36830,6.213931,8671.659,16
36832,8.022632,11814.375,11
36850,3.706862,2014.574,12
36852,5.340839,444.44,5
36853,5.16884,7530.226,11
36854,5.928857,12076.221,12
36855,2.322762,1661.849,3
36856,3.989791,81.556,3
36858,3.614869,642.704,5
36860,3.303198,1407.006,5
36861,3.730232,2903.948,8
36862,2.353123,697.996,12
36863,4.331939,6785.692,15
36866,4.327941,2301.129,3
36867,7.834534,14454.306,17
36868,10.621645,1309.638,3
36869,6.439892,5927.599,10
36870,5.469104,8789.436,12
36871,3.983575,1024.003,5
36874,3.03545,596.653,3
36875,3.696735,2962.197,7
36877,4.94891,7542.095,9
36879,3.325785,74.676,5
36901,4.655213,162.549,5
36904,5.588804,3739.763,15
36907,3.892383,1814.939,7
36908,4.556077,1990.536,11
36910,2.368909,77.179,4
36912,2.48077,2003.772,16
36913,4.391052,46.83,4
36915,4.391052,689.069,4
36916,2.368909,594.628,4
36919,2.232292,2040.452,6
36921,5.038151,1076.576,9
36922,2.777668,779.119,11
36925,4.627726,3148.094,7
37010,3.358092,1722.099,5
37011,10.256715,1531.698,3
37012,4.429195,2070.914,10
37013,8.606798,74614.961,47
37014,4.243255,2591.904,10
37015,5.002749,17696.753,21
37016,4.542803,891.711,7
37018,2.721397,1049.064,3
37019,3.855201,888.206,9
37020,5.72498,2943.342,6
37022,3.53391,6312.684,17
37024,6.457384,1453.645,3
37025,3.920401,3029.19,15
37026,2.86813,1589.817,2
37027,7.413831,40162.734,36
37029,5.053991,6358.351,12
37030,6.282361,7519.378,11
37031,3.405722,4035.736,8
37032,3.409896,2351.455,10
37033,5.074641,7398.476,15
37034,4.575695,6325.388,4
37035,3.755823,3282.507,6
37036,4.104451,323.349,6
37037,3.905965,5021.68,10
37040,7.285536,28725.467,23
37041,13,377.78,1
37042,6.279303,60451.833,28
37043,6.987828,23382.669,14
37046,3.650828,6115.159,14
37047,4.155719,2149.786,8
37048,3.467164,6067.194,18
37049,4.182863,3952.661,7
37050,3.711937,1534.804,6
37051,4.212879,2238.47,4
37052,4.318923,93.148,5
37055,6.103237,25030.192,24
37056,6.433708,1666.395,4
37057,3.819697,589.406,6
37058,5.639757,5217.083,6
37059,4.431557,1290.132,6
37060,5.693834,2141.631,11
37061,5.202705,4713.445,9
37062,5.735402,12178.126,17
37064,7.679356,36780.851,33
37066,6.386003,43574.399,34
37067,9.695343,20958.895,16
37068,8.222283,1724.086,2
37069,7.311059,20082.71,15
37070,9.708134,1794.466,3
37072,5.935138,29940.659,41
37073,4.754595,13645.515,23
37074,5.393126,7505.552,10
37075,6.917587,63007.318,42
37076,8.695682,28845.231,23
37077,8.479639,1594.791,2
37078,4.44758,594.937,2
37079,2,194,1
37080,4.605438,7492.64,13
37082,5.302518,6607.65,12
37083,3.096784,7166.906,8
37085,3.092921,4608.358,10
37086,7.089914,21608.455,13
37087,6.802231,29091.381,27
37088,8.844766,1666.746,2
37090,4.074486,15362.995,31
37091,5.789879,21700.845,25
37095,4.553172,2144.829,11
37096,3.538144,1091.081,15
37097,3.487899,1921.038,7
37098,3.280548,3584.359,5
37101,4.495798,6728.581,18
37110,5.867061,27239.687,33
37115,10.343632,34199.069,32
37118,3.364128,1356.948,17
37121,8.986109,1517.218,2
37122,6.025739,23383.898,24
37127,5.053502,15153.288,18
37128,5.941926,15352.097,17
37129,6.536142,43573.225,38
37130,7.896315,19513.131,22
37133,7.913869,1987.905,3
37134,4.646706,3069.558,8
37135,7.200725,6438.741,4
37137,6.129081,2701.803,4
37138,7.055204,24383.793,35
37140,5.833333,227.725,1
37141,3.212409,1218.016,2
37142,5.126029,59.368,3
37143,4.958216,3648.183,9
37144,3.142357,3277.664,15
37145,3.236294,2372.235,8
37146,7.234901,4892.234,11
37148,4.254134,24427.018,27
37149,3.81824,1894.507,11
37150,4.036793,4420.143,7
37151,3.149054,457.96,3
37152,4.618168,1146.081,2
37153,4.172396,4648.044,7
37160,6.006149,32407.297,29
37166,3.394043,6945.06,12
37167,7.239362,31480.953,20
37171,4.227273,18.362,2
37172,6.738448,26139.398,26
37174,4.4253,6967.353,12
37175,4.608996,1412.971,8
37178,4.14693,1871.577,7
37179,3.944233,1056.437,8
37180,5.88632,103.048,4
37181,4.114709,1484.217,4
37183,4.084388,3387.716,17
37184,3.781592,5709.78,21
37185,5.61197,8212.491,18
37186,3.193049,9570.592,17
37187,5.268887,7394.971,12
37188,5.994025,15377.124,11
37189,6.525932,3535.606,16
37190,3.911668,3683.728,7
37191,2,97,1
37203,16.143006,15055.674,29
37204,12.930637,12794.987,38
37205,10.78474,22679.355,35
37206,13.061059,25489.994,37
37207,11.20525,39407.114,52
37208,15.278863,6718.791,7
37209,12.446828,25014.796,29
37210,12.551608,15797.066,17
37211,10.258,63846.99,68
37212,16.13531,16834.258,28
37213,13.648219,504.083,11
37214,9.443704,29046.82,21
37215,9.560049,23994.793,46
37216,10.100265,18039.551,44
37217,11.133716,16632.623,26
37218,8.977098,14973.338,22
37220,7.021022,5069.71,20
37221,7.754638,29608.46,25
37222,11.297792,1280.547,3
37224,13.032489,855.063,2
37229,11.063571,1148.192,4
37301,4.679591,1570.916,11
37302,3.757253,4927.9,7
37303,5.641402,12094.408,16
37305,4.711445,563.376,2
37306,3.436918,2469.136,12
37308,3.016255,2907.221,6
37309,1.752851,237.038,2
37310,5.533533,2621.918,3
37311,8.092041,18410.15,28
37312,7.337952,9739.843,9
37313,4.398679,1196.462,7
37315,4.963099,3213.459,3
37317,6.065471,2862.036,3
37318,3.639122,1675.982,3
37320,9.805404,1676.958,2
37321,5.977166,19566.228,17
37322,4.93288,7958.963,6
37323,4.714374,18532.226,23
37324,3.848845,3245.732,11
37325,2.092016,1680.255,5
37327,3.202039,3267.588,4
37328,2.661191,1372.083,5
37329,4.872629,3965.264,8
37330,4.718755,7033.449,12
37331,4.014947,3702.244,5
37332,3.701415,2862.469,8
37333,3,445.485,1
37334,5.097451,22566.902,28
37335,2.603593,2379.826,8
37336,3.386644,2384.593,8
37337,4.379811,1516.524,10
37338,3.544146,2709.816,9
37339,3.658443,1665.859,3
37340,4.410474,561.795,3
37341,4.112815,12519.442,18
37342,2.892899,3974.407,7
37343,5.892159,41607.505,43
37345,3.241513,2353.576,5
37347,4.956475,4335.11,14
37348,2.996506,1291.284,11
37350,8.405873,1992,2
37351,7.456938,464.803,6
37352,3.269994,3161.825,8
37353,3.375108,500.69,6
37354,4.903104,232.67,5
37355,4.715888,7544.321,13
37356,4.594204,2578.525,11
37357,4.140431,5962.135,13
37359,2.815084,714.891,6
37360,3.475182,988.625,6
37361,3.34481,1583.103,2
37362,3.237881,3512.714,6
37363,4.944374,27551.106,34
37364,11.165325,1363.856,2
37365,3.647009,1867.631,8
37366,3.904191,992.798,15
37367,2.697901,5553.49,14
37369,1.752851,565.778,2
37370,4.756516,320.147,3
37371,4.863376,1474.105,2
37373,2.971173,3217.661,12
37374,4.7697,127.348,8
37375,4.813863,3804.625,11
37376,4.961922,624.918,3
37377,5.817493,8498.841,10
37379,3.706066,21798.55,26
37380,6.067927,6250.814,12
37381,4.475504,9596.412,13
37385,4.800144,3024.228,4
37387,5.703706,3504.222,6
37388,6.998161,14099.535,19
37391,4.415355,1652.479,4
37396,4.410474,115.857,3
37397,3.759922,8394.606,16
37398,5.147406,9305.106,22
37401,18.833333,741.455,1
37402,14.354658,3466.357,7
37403,15.432402,5937.075,10
37404,14.604481,13458.144,44
37405,11.530709,13909.13,23
37406,11.201584,13164.995,20
37407,12.200566,9778.901,11
37408,15.494742,3345.729,18
37409,9.11287,3219.014,10
37410,13.698708,3120.616,4
37411,11.709462,16132.784,31
37412,7.550501,20967.742,26
37414,14.391353,1061.455,2
37415,7.281761,20559.159,39
37416,7.599787,14785.256,15
37419,5.028291,6820.26,8
37421,7.541498,41807.308,36
37422,10.483639,1411.794,3
37424,6.999401,1201.03,3
37450,18.833333,1.17,1
37601,6.13618,21336.557,30
37604,8.39592,16209.009,24
37615,5.992083,14165.437,13
37616,3.291805,3707.345,16
37617,5.344275,13728.65,23
37618,4.321551,12773.184,24
37620,5.9665,33532.984,34
37625,8.54127,1171.337,3
37640,3.034071,4872.336,5
37641,3.269701,4271.2,8
37642,5.363941,14766.167,19
37643,5.496182,23558.523,28
37644,7.683089,1566.059,2
37645,5.844771,5164.573,9
37650,5.969887,11942.789,18
37656,2.944301,1177.514,10
37657,3.031383,1183.096,2
37658,3.864051,4108.294,8
37659,4.409315,14744.973,21
37660,7.553009,39382.94,56
37662,14.5,1150.457,2
37663,6.211996,13992.727,19
37664,8.232305,26440.269,33
37665,7.182942,5212.927,14
37680,3.187694,767.245,4
37681,3.704765,3410.679,8
37682,5.099746,1681.087,2
37683,5.395486,11464.285,12
37684,8.919163,1031.239,4
37686,5.015933,7976.309,18
37687,3.397058,4823.058,6
37688,2.003827,916.532,3
37690,3.64298,2736.395,7
37691,3.187694,954.794,4
37692,5.353829,4853.567,9
37694,4.655831,2058.241,12
37701,7.370595,7387.432,19
37705,4.824344,4619.638,13
37708,4.507212,6307.648,5
37709,3.965316,3671.448,7
37710,1.82933,954.116,2
37711,3.377812,4999.712,16
37713,2.451706,1584.864,3
37714,4.776715,4574.095,7
37715,3.337105,886.664,4
37716,5.517899,20518.902,26
37717,8.673805,1372.878,4
37721,4.140141,9789.318,15
37722,4.447109,4626.414,11
37723,3.394224,791.022,3
37724,4.247235,3337.99,6
37725,4.308569,3707.109,6
37726,3.231348,1791.473,7
37727,1.773926,2437.134,8
37729,2.556693,1577.812,3
37731,2.586869,1001.853,6
37733,4.512857,56.926,2
37737,4.738204,5377.792,10
37738,7.28441,2027,3
37742,4.65024,3297.703,8
37743,4.446483,14183.148,28
37745,5.777617,18452.884,35
37748,4.889027,11397.224,23
37752,5.012617,5551.285,10
37753,4.002376,777.398,5
37754,4.81932,4551.559,18
37755,4.793561,3499.714,9
37756,3.45763,3150.122,9
37757,5.232996,8925.945,10
37760,7.766014,12294.194,13
37762,6.9909,2765.065,7
37763,6.264717,367.057,4
37764,5.562207,2680.593,6
37765,2.193157,519.25,2
37766,3.576722,9513.256,16
37769,5.095464,6063.121,12
37770,2.097565,2925.086,8
37771,4.634096,7412.736,7
37772,6.545359,6971.73,11
37774,6.280831,9374.901,12
37777,6.20563,12373.705,14
37779,5.691538,798.482,12
37801,5.593374,11531.56,29
37803,5.601683,30044.263,22
37804,6.306282,25151.365,39
37806,3.73698,3278.953,7
37807,5.591512,7655.11,9
37809,3.414887,2104.032,10
37810,3.418162,1909.215,2
37811,4.061168,3574.075,7
37813,6.951242,15762.921,22
37814,5.854723,34563.071,38
37815,9.831953,1102.968,3
37816,8.253954,972.302,2
37818,4.353471,5091.185,14
37819,1.564971,625.211,4
37820,4.825244,6581.311,15
37821,5.843324,22253.722,27
37825,5.433671,8472.148,12
37826,4.191112,2655.395,9
37828,5.039937,1388.944,7
37829,2.374049,1587.315,4
37830,6.06388,27502.144,28
37831,7.739096,1755.949,3
37840,3.666475,7473.278,20
37841,4.193698,2917.889,7
37843,2.984492,3600.104,6
37846,3.534726,1977.421,9
37847,3.068498,2832.6,17
37848,2.683587,237.707,3
37849,6.157613,22126.754,27
37852,2.459684,2778.165,4
37853,5.259273,3757.962,14
37854,5.706802,6661.844,9
37857,4.818471,20242.163,29
37860,4.658158,3803.346,13
37861,4.136222,2143.454,8
37862,7.263014,11948.12,8
37863,7.023887,775.893,3
37865,5.334776,12797.799,10
37866,2.806197,1857.124,2
37869,4.538573,4837.279,12
37870,3.643743,4877.498,9
37871,4.843177,8887.136,14
37872,4.107265,2045.828,6
37873,3.778468,4371.578,10
37874,6.858116,6171.769,10
37876,5.328394,7572.336,12
37877,4.630093,8180.779,16
37878,2.83745,350.88,2
37879,5.823991,10336.947,14
37880,3.935347,2009.622,2
37881,2.582178,2331.019,14
37882,5.433149,1193.326,3
37885,4.807133,222.068,2
37886,4.032952,3342.192,8
37887,3.95379,7452.886,11
37888,2.683587,2333.053,3
37890,5.09167,221.939,7
37891,3.903784,3530.817,13
37892,3.856584,1790.958,3
37901,17,405.693,1
37902,17,1652.116,2
37909,10.641966,10813.948,15
37912,11.038964,22682.55,23
37914,9.591066,19665.716,22
37915,14.161092,5817.254,13
37916,12.812591,5028.14,4
37917,13.924898,23532.893,23
37918,8.675229,40367.871,29
37919,10.236768,27189.223,25
37920,8.102503,34852.489,31
37921,9.413861,28240.7,40
37922,7.768981,24147.664,19
37923,7.883262,24240.21,25
37924,6.552266,10594.86,14
37927,14.110994,1026.562,2
37928,12.664009,920.478,2
37930,10.868425,1434.105,3
37931,5.91882,28783.483,19
37932,5.656546,8501.573,9
37933,7.79431,1501.81,2
37934,7.909304,24777.208,11
37938,5.241626,17885.853,28
37939,15.169714,739.317,3
37940,10.850903,1151.742,2
37996,11.345263,33.81,4
38001,6.451809,4306.547,7
38002,4.043419,3477.341,22
38004,6.203324,10697.496,15
38006,4.600016,5431.72,13
38008,5.133953,9355.956,16
38011,4.22808,9195.302,18
38012,5.816251,13681.855,15
38015,2.806029,2493.213,4
38016,10.042281,32270.474,22
38017,7.074044,27634.433,22
38018,8.084644,27732.216,15
38019,5.820932,15779.767,20
38023,3.199206,5761.016,11
38024,5.265052,19174.616,18
38025,9.630636,1385.189,4
38027,9.018478,1304.938,2
38028,5.165845,4545.923,9
38029,9.817441,622.083,3
38030,2.164862,673.835,2
38034,3.785896,3695.479,6
38037,3.036797,1589.392,8
38039,2.772172,1608.262,6
38040,4.383694,4945.835,15
38041,2.741756,3979.37,6
38042,4.101839,754.354,10
38044,2.874703,722.402,5
38046,3.157366,106.007,4
38047,2.164862,62.975,2
38049,3.691142,4442.662,14
38052,2.590115,3767.171,9
38053,4.441534,20703.783,26
38057,3.164148,3536.89,10
38058,4.312483,11309.846,9
38059,3.098475,1561.524,6
38060,4.925055,11336.127,12
38061,2.997181,908.677,6
38063,4.301043,17236.051,22
38066,4.132267,2363.126,11
38067,3.637083,1701.718,9
38068,4.383253,10202.606,27
38069,2.034324,2620.191,14
38075,2.574648,6024.314,18
38076,3.465553,722.82,17
38079,4.40977,5172.255,10
38080,5.842028,2695.091,12
38088,14.140054,2352.934,3
38101,17,1019.22,1
38103,12.842442,9629.897,10
38104,15.101706,23314.412,41
38105,15.583151,6086.433,15
38106,12.722527,24762.423,48
38107,13.149547,15097.115,31
38108,10.611741,18075.97,31
38109,10.75349,43327.638,49
38111,12.73118,43581.272,60
38112,13.872834,15543.471,37
38114,13.069969,26343.476,51
38115,12.336342,29033.175,40
38116,11.546193,28633.95,37
38117,13.697144,18525.527,28
38118,11.776299,37784.302,32
38119,8.05019,16586.478,21
38120,12.929947,9625.456,9
38122,12.289858,26314.198,38
38124,15.999548,1023.047,2
38125,7.015656,25226.218,14
38126,15.425656,4544.44,10
38127,10.373738,29822.628,30
38128,8.709067,38133.317,42
38130,10.714348,368.919,4
38131,9.796472,4.964,5
38132,9.796472,7.446,6
38133,10.544722,17044.481,15
38134,10.251545,42384.86,42
38135,7.613725,7831.154,21
38138,10.156826,19298.556,28
38139,6.730505,5997.92,8
38141,9.406877,13498.405,21
38152,12.393508,5.152,9
38168,8.152767,1775.386,4
38173,18.502478,422.085,2
38174,16.681109,940.694,2
38175,10.955376,2149.026,2
38177,15.999548,1192.654,2
38181,10.781903,600.786,3
38182,10.75294,620.56,3
38183,10.61569,1456.893,4
38184,9.817441,1712.842,3
38186,12.551282,707.806,3
38187,11.054416,1312.077,4
38190,11.240657,1484.619,3
38201,6.208854,11022.678,17
38220,4.271394,1752.807,12
38221,5.06518,3268.726,5
38222,3.684504,359.262,3
38224,3.214067,947.01,7
38225,5.358943,5345.307,13
38226,2.333333,355.655,1
38229,4.030492,2849.555,12
38230,4.327247,3741.372,6
38231,3.171806,1546.525,7
38232,3.079173,2247.038,5
38233,4.128663,2562.634,8
38236,2.553301,460.351,4
38237,6.042006,16170.844,21
38238,9.48426,113.243,3
38240,4.135681,1981.039,9
38241,1.944393,898.231,3
38242,6.490956,6895.622,22
38251,3.672414,2584.705,5
38253,4.415563,967.215,8
38255,4.594114,2283.988,5
38256,2.384338,1656.06,2
38257,6.101192,4451.551,9
38258,4.24891,1472.08,4
38259,3.351926,54.717,3
38260,4.373333,3850.419,9
38261,5.857702,14953.617,29
38281,8.818432,842.069,2
38301,6.371275,31964.325,50
38302,9.265189,987.9,2
38303,6.425305,814.8,3
38305,6.806031,41819.381,35
38310,4.886438,5430.29,11
38311,2.753956,933.667,3
38313,3.036571,2523.255,11
38315,3.02168,3389.633,7
38316,3.835267,2970.096,8
38317,3.957137,2245.837,7
38318,3.739808,566.692,11
38320,5.241694,10194.52,17
38321,2.947027,2723.088,8
38326,4.811146,2581.255,3
38327,4.098888,533.02,4
38328,2.455616,809.785,4
38329,4.497341,3707.532,8
38330,4.719726,4185.815,8
38332,5.435847,120.926,3
38333,3.173054,540.096,5
38334,2.442224,1214.86,5
38337,2.702103,1294.336,5
38338,2.638889,27.628,2
38339,4.197482,726.59,5
38340,8.604872,6154.437,6
38341,3.598294,2244.859,11
38342,3.94744,1398.79,4
38343,4.880398,8264.34,20
38344,3.776123,1984.45,17
38345,3.076796,1862.852,8
38348,1.940277,877.439,9
38351,4.273284,10317.561,19
38352,2.829373,132.887,3
38355,5.481691,7023.163,9
38356,2.781992,2206.426,8
38357,4.30352,2589.678,5
38358,5.131938,5927.563,17
38359,4.92947,271.331,7
38361,4.198713,1030.633,7
38362,3.86943,1293.633,9
38363,3.950368,918.412,4
38366,3.47087,1814.946,9
38367,4.170411,2785.98,3
38368,4.232038,1520.992,6
38369,5.003532,1739.007,9
38370,4.135045,950.566,7
38371,4.511023,1233.843,10
38372,5.320085,7035.98,5
38374,3.942303,1777.464,8
38375,3.880293,1968.036,9
38376,4.628372,257.872,5
38379,3.564695,1485.318,7
38380,4.016755,759.386,4
38381,2.784437,1408.882,3
38382,3.905753,3594.619,14
38387,3.350755,358.815,4
38388,3.791148,1255.711,8
38390,3.395963,879.756,6
38391,3.188047,1095.35,6
38392,2.836169,781.226,9
38401,6.068576,49132.114,48
38402,7.671495,1484.242,5
38425,4.231678,2654.348,5
38449,5.132721,2848.405,4
38450,2.955581,2481.751,6
38451,4.012774,4147.368,10
38452,2.223675,1010.802,6
38453,4.382936,451.785,4
38454,4.937386,1037.67,6
38456,3.676832,5415.297,13
38457,2.521086,826.913,2
38459,3.166856,338.461,2
38460,2.846999,1399.374,6
38461,2.890685,1509.282,6
38462,5.81818,9817.189,11
38463,3.189374,2733.696,11
38464,5.727576,22702.373,36
38468,4.22303,5151.069,15
38469,4.034204,4281.157,9
38471,2.0406,619.009,3
38472,3.955513,2583.018,11
38473,2.647668,1133.765,5
38474,3.445314,2629.779,10
38475,3.514617,801.797,8
38476,3.079496,805.338,8
38477,3.552756,2773.129,8
38478,5.486037,12248.488,17
38481,4.773139,841.593,5
38482,2.225019,1754.195,3
38483,4.099451,5605.413,11
38485,5.525073,7520.929,15
38486,3.937343,1019.591,10
38487,2.681671,1211.741,9
38488,3.392011,2397.933,4
38501,6.822296,30106.228,32
38502,9.447415,1687.168,2
38503,7.585527,1540.388,4
38504,2.282447,29.668,2
38506,4.06157,5490.319,22
38541,3.626971,1535.843,11
38542,3.132263,53.837,6
38543,2.147321,506.207,2
38544,4.185882,7226.879,9
38545,2.948979,1278.11,12
38547,4.815895,1985.142,5
38548,3.002531,762.599,8
38549,2.553312,31.018,2
38551,5.012404,4010.562,9
38552,2.833333,351.017,1
38553,3.490799,2391.888,5
38554,2.58467,1137.085,7
38555,6.146015,14619.207,15
38556,4.959264,8310.345,9
38558,6.666667,3964.079,1
38559,3.906007,1311.529,4
38560,2.833333,974.375,1
38562,4.144218,6595.734,14
38563,4.924747,2358.044,6
38564,2.616123,690.615,5
38565,3.49466,974.092,3
38567,4.656256,937.495,6
38568,3.160223,2366.008,9
38569,4.532911,792.621,6
38570,6.278171,8229.091,12
38571,3.606432,4290.965,10
38572,4.609523,11964.771,20
38573,2.448117,1615.795,13
38574,4.079495,8324.951,14
38575,3.507603,979.488,7
38577,2.553312,445.108,2
38578,3.303524,4.93,3
38579,3.392754,1298.912,2
38580,3.949997,179.225,4
38581,3.716025,3523.392,11
38582,3.441941,1517.873,13
38583,4.52065,24224.45,33
38585,4.001618,3878.661,7
38587,3.13399,1519.186,5
38588,2.994552,1202.844,16
38589,2.993316,460.788,7
38601,4.024316,1873.482,5
38603,3.494629,141.338,2
38606,4.384352,2794.27,13
38610,2.65644,447.709,8
38611,3.324808,2417.787,7
38614,6.795179,18587.061,27
38617,3.760756,1942.447,6
38618,3.411339,8350.212,10
38619,3.609726,1404.081,8
38620,4.428554,875.103,3
38621,4.24892,400.382,2
38625,2.215699,314.099,3
38626,3.757551,1242.736,4
38627,3.167773,1287.9,11
38629,4.713253,795.255,4
38632,3.583615,4451.557,10
38633,3.470192,2660.155,5
38635,7.609923,7927.878,10
38637,6.14518,25754.524,22
38641,3.88325,2287.515,7
38643,3.843091,2100.115,16
38645,3.915306,1446.736,14
38646,6.614309,3322.525,9
38650,3.315684,3982.561,8
38651,4.009609,2611.538,8
38652,4.863234,17056.748,22
38654,5.921908,39085.282,15
38655,6.275984,16570.026,17
38658,4.428554,1614.249,3
38659,3.494629,326.975,5
38663,8.102149,2750.123,8
38665,4.154563,2216.22,5
38666,4.428554,78.51,3
38668,6.270797,10692.463,12
38670,4.24892,1089.647,2
38671,7.638974,29478.492,20
38672,5.166667,102.946,1
38673,3.5,318.09,2
38674,4.713253,807.383,4
38676,8.765445,4937,4
38677,6.897691,8.166,4
38680,3.783003,6590.061,8
38683,4.701186,3490.721,7
38685,3.838599,65.383,3
38701,8.039935,21942.385,41
38703,7.280865,14562.425,34
38720,5.008888,732.36,5
38721,5.727411,1040.56,8
38722,4.447132,8.733,2
38725,4.724665,1300.689,5
38726,4.632433,382.821,8
38730,4.369955,1395.222,10
38731,4.751592,53.821,4
38732,6.76492,11904.8,30
38736,6.070672,503.178,6
38737,3.699146,5111.853,15
38738,3.699635,307.003,6
38740,4.593337,723.778,3
38744,4.770497,1036.502,6
38746,4.594939,539.414,10
38748,5.054596,3677.163,13
38751,7.194175,11265.609,22
38753,4.953262,1188.761,8
38754,4.090406,1651.131,13
38756,6.376511,6656.682,22
38759,4.246275,1401.067,16
38760,9.279329,5.574,5
38761,6.360979,2036.533,10
38762,5.130374,2803.389,16
38764,4.582503,4.21,3
38765,5.732849,3.784,4
38769,4.582503,2197.425,3
38771,6.256107,2969.642,10
38772,4.724665,26.306,5
38773,4.940265,2592.531,17
38774,4.602493,1791.41,7
38776,4.447132,3.493,2
38778,4.305512,1346.772,7
38801,6.848319,24585.265,30
38802,7.4279,1211.174,4
38803,9.882843,1693.183,2
38804,5.883044,9117.212,26
38821,6.892299,8529.031,8
38824,4.779208,7003.314,14
38826,4.344313,2334.8,8
38828,2.789256,5039.013,16
38829,3.016701,1617.309,4
38833,3.155442,134.217,2
38834,4.089638,10639.175,12
38835,7.410218,1689.234,3
38839,6.233424,8.141,6
38841,3.693314,3158.477,16
38843,4.7892,11507.782,17
38844,3.134954,151.309,4
38846,3.164022,2211.79,6
38847,3.342273,2813.441,8
38848,3.152897,540.143,8
38849,4.35822,6133.002,16
38850,4.005986,3307.243,15
38851,5.244468,5667.853,17
38852,7.447493,2114,3
38855,3.430905,254.633,8
38856,3.016701,826.967,4
38857,4.221421,3666.223,8
38858,3.181907,1392.415,3
38859,3.016701,869.376,4
38860,5.02439,4027.938,14
38862,3.824036,1023.983,7
38863,4.164445,20214.611,19
38864,3.395433,1444.116,9
38865,2.735525,4087.225,5
38866,4.048667,4848.854,8
38868,2.889126,2886.843,11
38869,2.404778,1.89,7
38870,4.943819,169.05,4
38871,2.766597,2105.472,8
38873,3.016701,9.638,4
38876,4.943819,1441.256,4
38877,5.503855,1.944,4
38878,4.490871,2875.336,6
38879,5.799393,150.071,2
38901,7.542067,10692.061,17
38913,2.793548,520.872,3
38914,5.263113,491.726,3
38915,4.392121,3478.13,8
38916,6.059959,5137.191,12
38917,3.22934,3188.442,4
38920,3.53658,682.397,6
38921,6.058494,4092.435,12
38922,4.30559,1903.371,3
38924,5.145436,783.925,10
38925,3.730254,1798.018,6
38927,3.217032,768.667,3
38928,3.642095,354.736,3
38929,4.692587,135.734,6
38930,7.41174,22959.659,33
38940,3.530126,282.087,7
38941,5.086989,4836.5,9
38943,3.22934,692.628,4
38944,2.853036,403.459,5
38946,5.088832,2.484,4
38947,3.22934,41.204,4
38948,3.217032,468.232,3
38950,3.656956,664.109,6
38951,4.717652,1181.846,9
38952,3.009794,497.621,9
38953,3.336103,435.103,6
38954,5.482771,1333.872,6
38957,4.723773,972.192,3
38961,3.217032,584.89,3
38963,4.600728,5293.818,20
38964,4.077051,465.421,8
38965,5.094299,6892.341,15
38966,4.723773,11.239,3
38967,3.640704,1239.396,10
39038,6.423947,6347.548,19
39039,3.636683,2591.162,4
39040,2.163651,705.459,2
39041,3.777678,990.852,10
39042,6.646239,11729.742,18
39043,10,936.755,1
39044,5.854944,71.369,6
39045,1.497155,1078.633,6
39046,4.71024,8956.183,14
39047,5.805811,15953.799,12
39051,4.461414,12739.933,31
39054,5.732849,315.924,4
39056,7.010184,21602.813,25
39057,4.429388,618.23,6
39059,3.197029,5916.36,10
39060,8.515929,1164.999,4
39062,6.995982,2.817,4
39063,4.796406,3569.367,9
39066,3.663413,4433.793,6
39067,4.222494,1441.072,7
39069,6.329778,1490.59,4
39071,4.431756,5116.218,6
39073,5.67425,12908.675,9
39074,5.781647,10446.906,15
39078,3.384551,651.198,5
39079,3.556005,296.716,10
39083,5.423108,7900.766,15
39086,2.990178,1504.587,13
39088,2.163651,106.723,2
39090,5.635934,12886.179,27
39092,3.126256,1106.726,7
39094,2.877644,4122.307,10
39095,4.719132,5224.194,19
39096,2.405679,693.31,4
39097,3.615103,525.967,3
39108,3.963123,2716.132,10
39110,7.134354,17614.584,17
39111,8.034243,4504.315,8
39113,4.792169,30.182,2
39114,6.97263,4144.888,12
39117,4.852322,5592.471,17
39119,4.26096,3354.544,11
39120,5.769333,20767.426,27
39121,10.780813,520.504,2
39122,7.611355,1193.423,4
39130,7.758296,1811.92,3
39140,3.674879,888.774,4
39144,2.438026,1417.368,12
39145,4.978251,1157.644,3
39146,2.112466,1144.888,9
39150,3.840048,5747.006,9
39152,3.059689,1101.215,7
39153,3.010293,1609.384,4
39154,5.380768,10329.651,16
39157,7.196826,18180.356,21
39159,6.933517,3801.161,8
39160,2.560377,2350.38,8
39162,2.163651,208.02,2
39166,3.61558,297.301,7
39168,4.452894,1655.807,6
39169,4.304564,2320.53,6
39170,3.413188,2299.776,14
39174,13.576669,1083.713,2
39175,3.54058,4614.265,11
39176,2.378517,420.627,5
39179,3.636683,2042.02,4
39180,5.799296,30191.059,31
39181,7.297696,498.58,2
39182,7.297696,1873.6,2
39183,6.251067,9764.533,16
39189,2.348796,146.7,3
39190,10.780813,540.647,2
39191,3.036989,2813.065,10
39192,3.389127,1866.084,7
39194,6.447379,16174.762,20
39201,15.880837,167.958,9
39202,15.144373,8000.099,15
39203,13.897276,3268.026,18
39204,12.217827,19299.598,35
39205,15.955587,143.446,2
39206,11.362503,20932.112,28
39207,15.955587,236.078,2
39208,5.572392,11127.225,12
39209,9.943543,25564.784,58
39211,10.883593,15705.609,16
39212,8.324743,29178.388,25
39213,10.591777,19533.096,45
39215,15.955587,155.885,2
39216,12.189,3170.129,19
39218,6.182298,6819.692,7
39225,15.955587,256.986,2
39232,7.915335,5.459,7
39236,9.367349,2104.902,5
39272,6.847826,4631.842,8
39282,7.575,1267.976,2
39283,13.433222,590.27,2
39284,8.652148,812.663,3
39286,9.998718,2331.89,5
39296,12.860363,1136.805,3
39298,6.666667,37.39,1
39301,7.740281,6904.422,23
39302,11.475377,598.044,2
39303,11.475377,400.564,2
39304,8.083925,1583.161,4
39305,6.022763,14013.156,25
39307,7.053289,13023.252,27
39320,3.484951,1903.549,8
39323,3.106103,1319.714,10
39325,3.314038,1723.671,16
39326,4.032433,406.388,12
39327,3.563723,1464.183,11
39328,4.091013,4651.618,9
39330,4.539407,567.369,7
39332,2.601643,1444.903,5
39335,5.344639,311.463,4
39336,2.601643,778.463,5
39337,3.137984,1647.295,8
39338,3.301604,797.102,6
39339,4.904613,13922.272,23
39341,5.470026,7871.397,21
39345,5.210876,5015.076,9
39346,2.829863,2751.221,11
39347,3.061209,473.548,4
39350,5.295452,18988.814,29
39352,5.344639,1093.981,4
39354,2.893597,1631.493,12
39355,4.740683,5398.352,12
39358,5.344639,1688.593,4
39360,3.113653,2239.634,12
39361,4.010625,1232.407,12
39365,3.889757,7518.15,14
39366,3.061209,625.759,4
39367,8.209654,5099.574,10
39401,8.577626,24992.706,28
39402,9.197051,4689.756,13
39403,9.030812,720.932,3
39404,9.113435,2432.606,4
39421,3.219303,2664.635,12
39422,7.45724,1853.691,6
39423,3.703559,2224.969,10
39425,4.4766,934.54,3
39427,2.75363,1211.874,4
39428,5.492555,7766.342,9
39429,5.256499,16046.724,19
39437,6.323237,6735.928,16
39439,3.061209,208.586,4
39440,7.865088,14257.36,16
39443,6.917599,6356.434,19
39451,2.876041,1.654,2
39452,4.327573,16626.863,9
39455,5.151824,3115.46,7
39456,3.509689,416.287,5
39462,3.94691,1057.706,6
39464,4.646033,363.841,4
39465,5.77469,15384.549,15
39466,8.176182,4116,4
39470,6.936756,3389,2
39474,2.924881,1607.358,15
39475,5.158162,179.452,4
39476,4.1388,4739.837,7
39478,3.047493,1125.37,4
39479,4.215694,364.081,3
39480,4.746157,1587.289,5
39482,3.287125,973.562,8
39483,3.244,6121.501,9
39501,8.226178,12904.989,15
39502,9.422176,753.252,2
39503,7.110404,5223.447,11
39507,6.526632,3756.213,11
39520,3.766015,975.533,3
39530,7.79436,1263.764,7
39531,7.826303,3178.978,8
39532,5.833333,2142,1
39533,6.841826,479.997,2
39534,6.521986,4186.261,5
39560,6.596304,207.099,4
39562,6.492331,1236.03,3
39563,6.186064,11511.994,18
39564,8.076533,7853.602,10
39565,3.907712,6139.402,2
39566,10.328101,1112.398,5
39567,8.224587,6270.745,15
39569,7.513446,518.171,3
39571,7.250751,1443,2
39572,3.766015,1173.467,3
39573,8.45611,136.627,5
39577,7.916476,4572.724,6
39581,7.502873,9755.059,22
39601,5.58313,7641.757,9
39631,4.158701,2094.062,3
39633,4.08347,1406.471,7
39638,3.727925,2695.876,7
39641,2.729061,2046.707,3
39643,3.422771,944.653,6
39645,3.450948,2980.678,9
39648,7.464595,10319.625,16
39652,2.500973,1951.306,9
39653,3.071205,457.613,7
39654,4.238425,4840.123,11
39656,3.025519,1035.982,8
39657,2.472831,1701.187,4
39661,3.000945,2054.546,3
39662,3.519046,233.707,5
39663,3.642328,3175.707,8
39664,3.356906,1268.677,5
39665,4.620086,1496.579,8
39666,4.8259,8841.455,17
39667,8.440251,1992.323,12
39668,2.88669,41.55,6
39669,4.158701,668.599,3
39701,8.082092,10049.08,17
39702,6.14795,14509.65,16
39703,9.577109,887,4
39704,8.743766,1499.675,3
39705,3.974505,1792.714,6
39730,5.611656,9078.669,13
39735,5.445994,3804.365,13
39737,4.043213,198.795,5
39739,4.036687,1727.197,8
39740,3.506351,976.519,6
39741,3.106254,1141.048,6
39743,2.812165,1075.596,7
39744,5.450108,5927.737,11
39745,4.243175,828.986,12
39746,3.526692,3396.727,7
39747,3.631467,1740.752,8
39750,4.215279,1519.293,8
39751,3.835033,1418.376,5
39752,3.901165,2240.98,6
39753,5.067102,4.142,2
39755,2.675255,661.698,5
39756,3.742853,2606.308,9
39759,5.903875,11462.839,16
39760,8.260006,1755.477,4
39767,3.656978,916.053,12
39769,4.002117,363.408,7
39771,4.043213,128.632,3
39772,4.598372,1779.746,13
39773,6.241935,15268.026,20
39776,2.670598,246.373,2
39813,4.817658,2054.339,10
39815,2.996939,1833.427,5
39817,6.521099,6292.821,9
39819,6.721195,8086.616,15
39823,4.444408,8219.947,18
39824,4.511815,264.259,7
39825,2.652771,1181.107,5
39826,2.690258,432.868,2
39827,5.450148,1498.514,8
39828,5.453427,4566.452,9
39832,3.786978,1.71,2
39834,2.680741,2293.228,7
39836,5.732606,401.149,8
39837,5.022719,5809.455,17
39840,5.572991,5261.496,11
39841,3.770397,908.334,7
39842,5.897343,8020.768,13
39845,4.572313,8024.373,13
39846,5.2981,2049.82,11
39851,4.746511,2409.281,8
39854,4.819236,2331.013,8
39859,3.602857,890.483,8
39861,3.739592,938.379,5
39862,3.73353,2155.227,6
39866,4.240915,1208.678,4
39867,4.943815,450.41,15
39870,4.844955,2003.431,4
39877,2.508108,482.778,3
39886,3.3299,1413.299,6
39897,4.970667,3877.056,8
40003,2.498509,1924.629,4
40004,6.268208,18733.827,17
40006,5.028922,5040.801,14
40007,3.106881,197.311,3
40008,5.153318,3444.564,10
40009,2.724365,1040.037,8
40011,4.808353,2255.147,11
40012,4.996765,502.872,5
40013,3.191786,966.699,12
40014,6.012992,20308.919,20
40019,5.998192,3761.555,15
40022,4.600627,1043.055,2
40023,4.563969,3394.893,9
40025,8.292135,162.774,7
40026,6.397035,6612.491,9
40031,5.935589,21240.199,20
40033,5.604983,12992.397,19
40036,3.106881,318.733,3
40037,3.906012,2640.141,8
40040,2.578187,615.424,4
40041,11.724893,1500.096,2
40045,3.638149,3178.578,5
40046,4.637543,1790.979,7
40047,6.111897,20731.975,19
40048,7.527237,6.65,2
40050,4.667781,1761.807,5
40051,3.598894,4332.993,10
40052,3.885046,666.447,7
40055,5.191262,2030.739,10
40056,5.395911,3639.473,6
40057,3.086324,3283.285,13
40059,7.020256,16997.277,17
40060,3.133333,1102.536,3
40062,3.786605,277.933,4
40065,6.488774,14052.377,19
40066,8.92003,1282.731,3
40067,4.600627,1243.161,2
40068,5.694023,2674.171,10
40069,3.075479,1713.752,10
40070,4.731446,651.028,8
40071,5.054169,14970.064,15
40075,4.450038,1196.346,5
40076,3.295774,2478.06,11
40077,4.338328,639.769,2
40078,2.901158,2357.796,10
40104,3.55625,1026.175,3
40107,3.039929,2401.177,5
40108,4.461411,4031.785,9
40109,4.345001,2330.488,11
40110,3.174487,9.36,2
40111,3.386638,1607.019,3
40115,2.413154,510.522,5
40117,4.300595,2766.695,8
40118,5.438826,4133.457,5
40119,4.186741,2098.524,10
40121,5.494642,9169.027,10
40140,3.812596,676.752,12
40142,4.524342,2242.17,14
40143,5.661244,5635.522,11
40144,5.627722,1721.153,12
40145,3.101112,838.269,8
40146,4.051717,3894.129,9
40150,4.11187,4617.456,4
40152,3.1,907.792,4
40155,9.333333,1066,1
40157,3.564424,784.656,7
40159,8.136695,1160.008,4
40160,6.610503,21116.719,22
40161,3.638307,175.868,7
40162,6.848264,185.564,2
40165,5.137207,17131.78,25
40170,4.085555,337.234,7
40171,4.273136,306.427,7
40175,5.06634,11675.474,22
40176,4.013913,1139.24,11
40177,5.39714,1731.443,6
40178,3.1,500.754,7
40201,15.179852,1153.309,2
40202,18.236862,2584.92,10
40203,16.025385,14726.087,28
40204,16.064339,9829.113,26
40205,14.641125,22248.298,35
40206,14.569098,20382.31,28
40207,13.573455,28236.895,34
40208,14.604897,12669.648,29
40209,12.896119,1060.677,9
40210,13.254764,12809.35,22
40211,12.993769,20714.773,34
40212,12.99568,14308.997,22
40213,12.834988,10903.952,27
40214,9.90267,31231.24,40
40215,13.530972,20429.109,33
40216,10.465085,32648.376,52
40217,14.638964,8009.175,16
40218,11.523077,20265.375,32
40219,11.318031,26296.137,36
40220,12.170771,26579.548,30
40222,12.655826,21491.034,36
40223,10.670035,16432.11,25
40228,9.686813,13814.676,33
40229,6.21542,30513.533,32
40232,10.829806,802.802,3
40233,10.829806,738.309,3
40241,10.21126,27875.52,33
40242,11.96327,9961.337,23
40243,12.08236,4593.788,10
40245,7.839252,14787.83,9
40252,15.547488,1208.433,3
40255,14.715389,763.67,2
40257,16.346609,696.953,2
40258,10.764533,21580.114,28
40259,15.047129,1033.52,2
40261,14.715389,453.482,2
40268,12.2431,1147.407,2
40269,11.451828,1344.789,2
40270,18.343485,975.435,3
40272,8.525834,28596.428,37
40291,8.591743,38990.107,34
40299,8.015927,23853.333,36
40310,4.859894,91.359,7
40311,4.175444,6710.397,13
40312,4.789628,2.458,2
40313,3.913328,269.217,3
40316,4.956018,232.613,3
40322,3.809366,3208.418,8
40324,5.322881,24124.562,28
40328,3.059561,1285.741,10
40330,4.730311,19947.304,25
40334,3.441181,11.463,3
40336,2.272443,1895.987,9
40337,3.369719,5102.316,5
40339,6.504544,5.252,3
40340,7.103451,1562.959,3
40342,5.521863,13367.523,21
40346,3.099332,790.225,8
40347,6.759875,2728.854,7
40348,5.137456,626.627,7
40350,4.660118,296.117,4
40351,4.274848,9155.673,18
40353,5.639428,15084.909,19
40355,1.812671,374.987,3
40356,8.193641,32896.459,25
40357,2.981244,25.241,2
40358,3.605446,663.211,3
40359,2.323884,2284.947,5
40360,3.295583,573.369,7
40361,4.076192,7824.884,20
40370,2.85712,3161.603,10
40371,3.611139,2964.623,8
40372,2.895014,2337.196,8
40374,2.867325,2017.256,8
40379,3.232761,2971.106,7
40380,4.706217,54.372,5
40383,5.653885,23737.118,19
40387,4.824338,2203.156,7
40390,5.998428,273.587,5
40391,6.247208,33711.843,32
40392,5.990187,1648.105,3
40402,4.032021,216.962,2
40403,4.327083,5761.145,8
40409,3.479485,1341.514,8
40419,3.490834,3703.731,8
40422,7.978267,24651.989,28
40437,3.586599,4136.147,8
40440,4.072116,2316.096,10
40442,2.68675,526.122,3
40444,5.192075,3535.518,7
40445,4.526992,753.585,8
40447,2.266163,2683.296,9
40456,3.474275,5363.161,12
40460,4.617833,1077.481,5
40461,2.850003,1294.411,5
40464,3.879361,1140.702,8
40468,4.124278,2273.398,7
40472,4.690666,1082.887,2
40475,7.097669,25015.384,16
40476,10.995923,942.453,2
40481,2.252127,214.163,2
40484,5.315411,11297.657,21
40486,2.166667,6.695,2
40489,3.233676,602.977,8
40502,12.204196,27363.391,31
40503,10.033723,28692.845,39
40504,12.148449,26101.447,30
40505,11.896358,24252.525,49
40507,17.449954,1983.572,13
40508,14.857294,26897.53,41
40509,9.733286,41229.202,39
40510,4.612784,2252.714,10
40511,11.090747,31746.668,39
40512,13.032062,80.322,3
40513,10.881056,9934.532,12
40514,7.967344,15850.323,7
40515,8.365138,36982.079,31
40516,5.173599,2257.616,7
40517,12.2918,35670.439,29
40522,14.977671,786.957,3
40523,12.533755,618.288,2
40524,12.533755,867.598,2
40533,12.704654,882.681,5
40544,12.704654,927.373,5
40555,14.166667,851.572,2
40574,13.032062,87.307,3
40575,13.032062,112.917,3
40576,13.032062,97.784,3
40577,13.032062,40.743,3
40578,13.032062,57.041,3
40579,13.032062,68.681,3
40580,13.032062,41.907,3
40581,13.032062,69.846,3
40582,13.032062,52.384,3
40583,13.032062,731.05,3
40588,18.381802,1090.125,2
40591,12.072496,1043.59,2
40601,7.602349,8144.524,22
40602,10.67745,1677.862,3
40701,7.861705,6245.16,13
40729,4.083559,107.524,5
40734,3.916054,3255.417,13
40737,3.938857,64.255,2
40740,3.629435,2303.837,4
40741,6.439526,21830.999,23
40744,5.608132,14574.299,20
40759,2.079243,110.653,2
40763,1.854243,362.688,4
40769,2.593853,5206.745,7
40801,4.00754,10.169,5
40806,4.961541,2085.471,9
40807,4.589852,22.938,2
40808,2.566464,214.73,4
40810,2.675175,1184.721,9
40813,3.826663,801.368,7
40815,2.235007,1231.458,8
40816,2.527259,88.665,3
40818,2.188368,174.24,4
40819,3.063692,743.015,3
40820,2.188368,400.208,4
40823,5.26756,3639.386,10
40824,4.572695,333.794,5
40826,1.983607,700.184,2
40827,2.527259,413.77,3
40828,3.809806,4664.326,7
40829,2.188368,220.523,8
40830,6.149812,184.337,4
40831,5.802313,5643.799,19
40840,2.527816,656.119,4
40843,2.5213,191.472,2
40844,2.527259,9.852,3
40845,2.741616,555.002,6
40854,4.572695,1076.542,5
40855,4.589852,1026.49,6
40856,2.807274,973.751,4
40858,2.527259,417.054,3
40862,1.983607,397.931,2
40863,2.188368,577.171,4
40865,2.237089,368.041,2
40868,2.527259,19.703,3
40870,2.246946,607.541,6
40873,3.381578,2224.623,8
40874,2.527259,440.041,3
40902,2.307968,602.286,3
40903,4.371125,575.851,4
40906,4.124052,4347.298,13
40913,2.368255,357.812,5
40914,2.530592,588.153,5
40915,4.369742,48.448,4
40921,2.079243,274.582,2
40923,3.396394,413.872,2
40927,2.5213,525.972,2
40935,3.189978,1326.025,6
40939,4.627797,179.234,6
40940,3.697702,631.732,8
40943,3.396394,418.074,2
40946,3.396394,157.566,2
40953,3.396394,663.876,2
40958,2.388605,582.753,10
40962,2.381775,6545.116,22
40964,6.149812,66.279,4
40965,6.839686,12414.964,14
40972,2.525571,1439.121,9
40977,4.304276,9851.115,16
40979,2.527259,105.084,3
40982,2.622931,197.657,2
40988,2.307968,562.429,3
40995,2.079243,94.26,2
40997,2.622931,322.705,2
41001,6.735571,17387.962,20
41002,6.043595,2553.65,10
41003,2.877781,2723.669,13
41004,4.025486,3890.004,10
41005,6.289691,11498.02,10
41006,3.76616,728.367,5
41007,3.41412,3711.263,9
41008,7.066715,6958.925,10
41010,3.225172,2939.998,11
41011,13.741493,24823.32,39
41012,18.831633,650.454,3
41014,15.776335,7660.331,15
41015,11.54141,21274.786,29
41016,12.574094,5469.303,9
41017,11.356026,23786.948,33
41018,10.436863,19608.227,19
41030,3.719985,1253.345,4
41031,5.162175,16211.395,23
41033,3.400595,569.411,5
41034,4.005961,836.205,10
41035,1.812671,125.818,3
41039,3.071707,2668.57,9
41040,5.386927,6739.172,13
41041,5.591121,7234.083,14
41042,8.914652,22579.93,23
41043,3.079314,1301.584,9
41044,4.09087,1077.509,10
41045,2.435592,1042.402,8
41046,1.849257,559.304,4
41048,10.003671,174.018,3
41049,2.502774,2342.752,7
41051,7.29986,12907.219,15
41052,1.812671,165.29,3
41055,2.980833,2055.866,10
41056,6.271304,13967.496,21
41059,5.682357,2948.673,15
41063,3.437096,2913.473,5
41064,4.46488,1690.353,10
41071,14.241185,21769.266,28
41072,15.304164,694.623,2
41073,14.307218,5805.416,6
41074,13.399148,5566.81,12
41075,11.314903,15698.276,16
41076,10.427609,17384.883,24
41080,4.419037,1057.635,3
41083,2.272824,990.078,6
41085,7.094847,740.93,3
41086,1.812671,693.232,3
41091,5.551994,15112.89,17
41092,3.730053,3837.754,6
41093,3.263322,2673.578,12
41094,7.56451,12412.739,16
41095,2.666667,1094.237,1
41097,3.827021,713.564,4
41098,2.099603,1726.832,6
41101,7.950413,17206.784,29
41102,7.452885,11146.636,23
41105,11.333333,648.715,1
41121,5.853166,1642.722,8
41124,1.732168,1041.545,5
41129,5.609205,6184.886,6
41132,3.091494,445.949,5
41135,1.935982,215.175,2
41139,8.283616,7791.014,20
41141,3.085693,2213.014,8
41143,5.545801,8709.655,21
41144,5.458398,9876.209,16
41146,3.20323,361.524,3
41149,1.93481,549.343,3
41159,1.6273,519.576,4
41160,1.593915,47.709,2
41164,4.239726,11740.367,21
41166,3.113372,753.795,6
41168,4.380725,510.603,4
41169,6.794738,5488.583,17
41171,1.943585,1045.436,5
41174,4.721509,808.449,9
41175,4.859645,5767.058,8
41179,4.27607,7953.265,24
41180,2.114422,1160.776,10
41183,6.863808,1940.038,7
41189,3.507322,2167.796,3
41201,2.789904,253.967,3
41203,5.765109,473.032,3
41204,3.442246,496.307,6
41216,2.695872,446.929,7
41219,2.247106,1880.051,5
41222,3.410444,1537.957,7
41224,5.765109,990.304,3
41226,2.217674,202.605,2
41230,2.796405,5501.269,7
41231,5.13612,1166.348,4
41232,3.157301,454.28,6
41234,3.913563,448.276,6
41238,2.421511,1000.129,5
41240,3.882222,2683.981,12
41250,3.857012,787.863,4
41254,3.878586,538.423,8
41255,3.671699,1001.338,5
41256,2.555831,570.231,3
41257,3.906156,626.752,3
41260,3.432414,624.656,6
41262,3.053885,2.127,2
41263,3.618053,414.695,5
41264,2.789904,459.022,3
41265,4.411538,1670.255,10
41267,5.765109,1371.452,3
41268,4.358827,603.149,4
41271,3.425933,296.889,2
41274,3.906156,325.665,3
41301,4.427506,6001.76,17
41311,4.93996,5967.625,16
41314,3.255084,4608.723,9
41317,2.307352,464.964,2
41332,3.022042,1148.316,9
41339,2.52156,4979.946,11
41348,2.426064,999.009,6
41351,2.166667,51.329,2
41352,3.366477,482.561,4
41360,5.546039,414.541,4
41364,2.165818,280.388,3
41365,5.634788,517.817,8
41367,4.802161,409.747,4
41386,2.428748,81.656,3
41390,2.49616,165.332,2
41397,6.545818,278.094,4
41408,3.38249,350.756,2
41421,2.403959,308.513,2
41425,2.952866,1015.833,5
41464,2.510836,391.18,4
41465,3.34155,5595.124,13
41472,5.078262,10437.969,17
41501,4.064542,12882.263,21
41503,4.925531,817.246,8
41512,2.361159,690.924,5
41513,4.836134,410.606,4
41514,3.806367,3431.487,14
41519,2.035239,913.714,5
41522,3.82674,5220.715,9
41524,2.557002,433.22,3
41527,4.925531,588.612,3
41528,2.692825,595.817,6
41531,3.72762,697.142,7
41534,3.146194,180.2,3
41535,3.872271,426.898,10
41537,4.142203,4689.129,8
41538,3.261795,19.326,4
41539,3.04869,1504.791,12
41540,2.557002,444.866,3
41543,3.736847,347.885,5
41544,2.391473,717.627,6
41547,2.710964,401.401,4
41548,2.557002,829.175,3
41553,2.710964,2272.128,7
41554,2.564498,638.825,7
41555,3.715062,738.231,7
41557,3.184808,1405.424,4
41558,2.386999,829.243,2
41559,4.836134,227.472,4
41560,4.497472,344.616,3
41563,2.506048,417.142,6
41564,2.125786,859.783,5
41566,2.557002,479.803,3
41567,3.736847,278.308,5
41568,2.710964,825.102,4
41571,3.34987,623.253,3
41572,3.073589,3619.528,9
41601,3.857811,161.137,2
41602,8.844937,77.393,4
41603,3.857811,138.388,2
41604,3.08003,640.67,7
41606,3.019354,688.605,7
41607,4.116119,79.147,2
41612,3.007001,190.306,4
41616,4.116119,384.943,2
41619,3.919935,449.599,3
41622,3.272269,100.053,4
41630,3.041377,1199.085,6
41631,4.116119,5.396,2
41632,2.40925,538.449,6
41636,3.794745,828.82,7
41640,3.123806,1365.591,6
41643,3.272269,150.079,4
41645,3.272269,10.005,4
41647,3.919935,1111.184,3
41649,4.116119,230.246,2
41650,3.007001,779.726,4
41651,3.91651,473.066,7
41653,6.527668,5871.511,19
41666,3.315272,736.783,7
41667,3.007001,494.267,4
41669,3.007001,486.338,4
41701,4.821462,7193.8,18
41712,4.816993,266.328,2
41719,5.088725,551.286,7
41721,4.261194,897.372,7
41722,5.049985,1344.61,7
41723,4.434956,272.76,4
41725,3.638788,488.072,2
41727,4.635443,957.579,8
41731,2.943237,804.693,2
41735,2.943237,262.507,2
41739,5.978736,91.439,3
41740,3.638788,798.459,2
41743,3.638788,170.938,2
41745,3.791833,301.674,6
41746,3.935202,464.595,2
41749,2.64092,155.198,6
41751,3.6972,171.686,5
41754,4.434956,400.839,4
41759,2.560012,523.787,4
41760,3.935202,93.771,2
41763,2.943237,588.8,2
41764,2.710841,675.818,3
41772,4.039078,211.462,6
41773,3.54608,1433.816,9
41774,3.57041,2522.633,3
41775,2.527259,95.233,3
41776,2.706802,1044.722,6
41777,2.710841,1047.359,3
41812,4.666667,287.058,1
41817,4.057223,615.675,6
41822,5.766588,2113.176,10
41824,4.666667,94.932,1
41825,4.666667,9.041,1
41826,4.666667,27.124,1
41828,2.072245,704.882,2
41831,4.725868,1521.759,8
41834,2.630615,349.869,8
41835,4.707533,7.469,4
41836,2.68008,925.797,8
41837,5.691156,429.283,2
41839,2.684708,823.674,2
41843,2.56802,594.58,5
41844,5.33021,899.576,12
41847,2.560012,406.302,4
41855,4.666667,174.043,1
41858,5.465703,3533.259,3
41859,2.072245,324.432,2
41861,2.201588,281.098,4
41862,2.072245,800.577,2
42001,7.801871,20015.062,30
42002,9.881785,2253.592,4
42003,6.437034,28434.561,46
42020,3.975453,1818.127,8
42021,4.481989,1507.094,10
42023,5.425697,2335.695,5
42024,3.19744,1243.915,8
42025,5.792156,10985.424,15
42027,3.766735,2305.325,11
42028,2.806927,580.913,4
42029,3.635984,1454.15,11
42031,4.700708,2948.09,6
42032,4.700708,237.369,6
42035,4.849584,919.637,5
42036,4.081447,984.566,6
42038,3.992561,1720.562,5
42039,4.222765,1842.125,15
42040,3.479711,1064.188,11
42041,7.058456,4359.407,17
42044,6.299857,2129.866,3
42047,2.806927,204.257,4
42048,3.649352,52.977,6
42049,3.959325,1329.19,10
42050,6.768431,2970.305,9
42051,3.899343,3020.334,7
42053,4.975578,3092.854,9
42054,3.608243,768.774,5
42055,1.521242,3.461,2
42056,5.030942,1515.445,5
42060,4.702697,12.457,3
42064,4.383519,8187.139,16
42066,5.1671,17021.903,36
42069,4.169319,1118.469,7
42071,6.545355,17558.35,27
42076,3.250132,1204.758,4
42078,2.609122,1884.408,7
42079,3.382614,1458.163,6
42081,2.806927,627.761,4
42082,3.427148,1602.151,7
42085,3.724275,951.299,9
42086,4.330641,377.121,2
42087,4.619998,2438.582,8
42088,3.624498,2639.674,18
42101,7.453172,46235.154,56
42102,10.072548,2395.04,4
42103,7.140078,20608.162,23
42104,7.017113,26742.852,29
42120,3.007938,2760.08,3
42122,3.865026,4740.379,13
42123,3.481885,859.138,3
42124,3.268909,105.546,3
42127,5.092675,6344.068,15
42129,4.433481,6795.995,21
42130,2.308185,229.404,3
42131,3.481885,124.832,3
42133,3.186646,1490.858,9
42134,5.359226,11196.092,12
42140,3.313904,1078.261,5
42141,4.770827,12868.939,22
42151,5.305918,342.355,3
42153,2.833333,46.393,5
42154,3.210191,715.182,13
42156,3.481885,455.27,3
42157,3.228323,439.632,2
42159,3.795369,1093.282,5
42160,4.046758,2045.593,8
42164,4.88673,16881.463,18
42166,3.033698,2432.064,8
42167,5.137721,7885.259,18
42170,4.835707,1252.971,16
42171,3.455238,4689.641,10
42202,3.102264,2241.028,3
42204,4.943425,469.747,13
42206,4.233684,5464.879,14
42207,3.540758,1031.646,6
42210,3.436396,2140.39,9
42211,3.096601,2212.446,5
42214,2.695819,731.972,5
42215,3.07062,798.072,4
42217,3.467784,3545.713,5
42220,4.936167,6671.452,12
42223,6.092467,15647,12
42232,4.077487,161.051,4
42234,5.102839,2456.804,7
42236,4.747164,514.449,2
42240,7.438943,34623.513,34
42241,11.274089,1344.25,3
42252,2.666667,127.346,1
42254,4.747164,186.626,2
42256,4.130114,4660.24,24
42259,3.502478,1078.605,3
42261,3.028721,5917.022,6
42262,4.487578,2002.863,4
42265,5.692307,917.097,14
42266,3.017584,2223.278,9
42273,2.365129,323.623,2
42274,3.990466,678.601,10
42275,3.032231,947.491,9
42276,5.549624,15025.52,30
42280,2.433614,546.789,2
42285,3.541765,401.345,4
42286,3.160656,1478.154,7
42301,7.26904,40592.266,49
42302,11.56437,996.457,2
42303,7.455328,32606.756,33
42304,5.519714,2126.376,3
42320,3.178161,1900.03,9
42321,3.630196,584.362,4
42323,3.623847,823.582,6
42324,2.83017,1026.1,8
42325,3.176001,2182.226,8
42326,3.614574,334.719,6
42327,5.248938,4184.265,12
42328,3.521131,1260.089,5
42330,3.520144,2416.882,15
42333,3.398439,98.958,4
42337,3.505265,2030.947,7
42338,5.767968,90.011,4
42339,2.589141,861.979,8
42343,2.838736,1972.334,8
42344,4.259532,861.371,5
42345,5.215171,10802.156,21
42347,4.554906,5933.435,13
42348,4.448215,4604.54,12
42349,2.314931,1071.465,13
42350,4.288752,1377.837,3
42351,4.45415,4122.199,10
42352,5.251425,1866.929,7
42354,2.658224,304.051,2
42355,2.744412,1596.416,3
42361,3.708231,516.229,12
42366,3.306972,5594.033,25
42367,4.266766,947.828,8
42368,2.445807,1223.804,5
42369,2.741217,225.736,3
42370,2.104195,45.194,2
42371,4.917017,688.59,6
42372,3.961801,1755.535,6
42376,2.950761,5996.692,18
42378,3.690696,3138.662,11
42404,4.472673,2627.665,14
42406,5.003376,39.482,2
42408,5.10792,5801.491,23
42409,4.990021,2468.11,13
42410,3.660071,1686.898,7
42411,3.544859,1640.686,11
42413,4.404521,2881.245,4
42420,6.486485,17100.431,12
42431,5.775614,18726.833,27
42436,3.793977,1350.956,4
42437,6.354771,8350.731,15
42440,3.660071,928.207,4
42441,3.507981,1506.229,7
42442,3.700541,3169.288,11
42445,5.781332,5972.644,13
42450,5.092683,4233.199,16
42451,4.125995,417.714,4
42452,2.836444,1931.565,8
42453,4.427574,367.875,11
42455,3.820388,2914.672,6
42456,4.169013,1837.402,8
42458,4.125995,146.764,4
42459,4.974889,4242.772,9
42461,3.611053,1160.986,6
42462,6.409556,1240.69,8
42464,3.893606,1801.774,23
42501,7.046752,9671.817,12
42502,9.026102,1546.99,4
42503,5.508467,4801.3,16
42516,2.764349,460.195,8
42518,4.851759,2585.378,2
42528,3.845928,939.579,10
42533,8.406813,764.267,4
42539,2.638707,3986.999,14
42541,2.68675,531.719,3
42544,4.244686,915.398,6
42553,4.445728,4424.177,11
42565,3.197586,694.483,2
42566,2.68675,619.406,3
42567,4.388513,1071.201,3
42602,4.494512,6750.579,18
42603,2.964895,273.237,2
42629,5.634648,5443.038,9
42633,5.027882,4449.843,10
42634,2.807522,1627.976,2
42642,5.237956,11890.175,22
42647,1.666667,963,1
42653,2.807522,1013.024,2
42701,8.776947,24967.104,20
42702,9.198277,1759.129,2
42712,4.362233,1107.638,7
42713,2.347635,1630.317,4
42715,2.990812,489.409,12
42716,3.27205,1488.285,11
42717,4.249114,6703.638,14
42718,5.069199,10895.199,29
42721,3.707829,3467.506,14
42722,2.346292,822.877,6
42724,8.007276,169.288,2
42726,4.503038,1976.844,8
42728,5.34821,16516.809,21
42729,3.763331,392.214,2
42733,2.965239,835.165,6
42741,2.493741,348.735,3
42742,2.472661,52.488,2
42743,3.998722,8902.939,14
42746,2.402168,2014.877,12
42748,3.196154,2529.486,9
42749,4.954193,5186.31,17
42753,1.394651,693.589,2
42754,4.980434,9883.82,23
42757,2.903158,2870.867,10
42758,3.185185,104.018,2
42762,3.614019,90.67,4
42764,2.770841,569.813,8
42765,2.846542,2336.403,12
42776,3.777778,822.187,3
42782,2.358163,871.743,5
42784,3.227924,1645.703,7
43001,3.890962,372.22,9
43003,5.58366,2531.028,11
43004,5.096672,2481.581,12
43006,4.116216,640.515,10
43007,2.572992,2.706,6
43008,8.157359,2522.971,3
43009,3.077622,2042.518,10
43010,2.827962,260.233,2
43011,3.974346,1293.585,12
43013,3.827739,1046.351,7
43014,4.500427,3127.571,10
43015,7.423699,49021.547,41
43016,10.552947,9175.909,13
43017,9.068613,18731.65,20
43019,4.697842,7271.136,18
43021,6.664152,5010.429,15
43022,4.160494,1776.842,11
43023,5.658376,2523.794,14
43025,7.160225,643.042,13
43026,8.886811,22551.9,12
43028,4.838221,7897.08,13
43029,3.177596,337.434,2
43031,4.03685,4125.297,11
43033,4.828682,372.018,2
43035,7.652747,15272.706,14
43036,4.570391,13.359,4
43037,3.466566,181.237,3
43040,5.104332,17640.188,18
43044,4.687096,5109.696,18
43045,4.486107,39.776,2
43046,5.609526,3152.406,14
43047,2.917214,86.963,2
43050,7.031612,23644.852,33
43054,8.61194,8594.532,10
43055,6.95753,42380.578,52
43056,8.330037,4952.961,16
43058,7.58127,1321.907,4
43060,4.113217,2665.275,9
43061,4.666501,4601.503,10
43062,6.48085,7019.356,10
43064,6.553187,10641.136,13
43065,8.403862,36463.64,29
43066,4.658719,1280.403,5
43067,4.056966,1684.776,14
43068,10.904347,28502.71,17
43070,4.670885,14.92,6
43071,3.704662,2366.44,9
43072,4.453734,6045.033,11
43074,6.546581,12869.694,13
43076,5.673482,1778.206,10
43078,5.83682,20386.848,34
43080,4.387202,5605.175,16
43081,9.032693,41184.281,53
43082,7.5269,20430.893,21
43084,4.482926,732.124,7
43085,12.030217,24970.797,24
43086,9.230985,3162.587,7
43101,4.899945,247.915,8
43102,4.530885,267.623,6
43103,4.148686,176.255,5
43105,4.999833,7973.778,11
43106,3.497685,1559.676,3
43107,4.688368,3493.65,7
43110,6.513888,8276.974,10
43111,3.846245,7.16,2
43112,4.44988,2721.539,9
43113,7.25458,20385.736,21
43115,3.449548,1292.227,6
43119,11.308829,6426.215,8
43123,9.095038,31232.716,27
43125,8.935953,8646.203,12
43126,4.081566,22.341,2
43127,4.461043,319.461,6
43128,4.805782,2248.403,9
43130,7.056451,41134.554,48
43135,4.631602,4350.265,14
43136,6.320005,1003.869,2
43137,5.233006,1143.815,5
43138,6.342813,18272.367,24
43140,5.34719,24100.773,25
43143,4.560207,5940.384,16
43145,3.82793,2093.329,10
43146,3.413778,7409.157,13
43147,7.683128,10077.323,11
43148,4.453412,2204.301,9
43149,4.719313,2621.517,13
43150,4.690604,1336.949,4
43151,3.470658,4.983,2
43152,4.543695,1367.343,10
43153,3.609665,988.758,15
43154,4.405758,7.789,3
43155,4.360175,2323.661,11
43156,4.405758,257.032,3
43157,4.44118,528.065,2
43158,4.975815,144.671,5
43160,5.955317,21883.264,37
43162,4.912148,7079.873,14
43164,4.066347,2337.483,8
43201,15.097785,32802.883,45
43202,14.342513,20543.402,30
43203,14.915516,7660.57,18
43204,11.600013,39295.545,51
43205,15.014202,12951.5,38
43206,14.718297,22211.2,38
43207,10.656294,44098.76,51
43209,13.197194,28110.254,38
43210,15.360097,5871.013,18
43211,12.795249,23592.959,42
43212,15.255931,19884.986,22
43213,12.51738,25218.291,44
43214,13.494985,26526.477,39
43215,17.85005,11427.893,34
43216,16.24329,1833.406,5
43217,5.5,2285.452,5
43219,12.231694,19543.257,36
43220,12.665194,27667.876,35
43221,12.714542,23612.097,39
43223,11.513807,22963.977,37
43224,12.450581,44463.899,40
43226,10.0965,120.992,7
43227,11.290613,20786.33,46
43228,10.509895,37700.686,41
43229,11.736417,49331.221,48
43230,9.263041,43596.424,31
43231,9.928787,21969.186,43
43232,10.371918,35993.621,38
43234,12.275375,858.102,4
43235,10.166703,35339.181,39
43236,11.779096,795.363,2
43240,11.282751,4372.24,3
43302,6.330071,54229.955,64
43310,4.298923,3098.431,21
43311,6.81503,18900.567,31
43314,4.718088,2761.942,9
43315,3.798487,5511.303,14
43316,4.947181,6001.006,23
43318,4.430048,3906.555,17
43319,3.526782,925.617,5
43320,3.685779,68.018,8
43321,3.733402,283.025,5
43322,3.138395,361.949,5
43323,3.572304,647.416,10
43324,4.614933,2971.382,11
43325,3.226589,4.261,3
43326,6.691301,13507.58,27
43331,6.560708,4742.512,20
43332,3.270743,2284.712,16
43333,4.643823,954.929,9
43334,3.901683,427.768,7
43337,4.278845,859.677,10
43338,2.776056,4075.459,11
43340,3.836632,1680.451,7
43341,3.209101,751.937,9
43342,4.596795,3375.68,18
43343,4.520278,1393.934,18
43344,4.292219,5955.567,15
43345,3.810586,979.35,11
43347,3.790537,1412.871,12
43348,6.486845,1744.359,9
43351,6.837307,10534.003,18
43356,4.767776,953.72,11
43357,4.702189,4324.183,12
43358,4.007967,2411.667,14
43359,2.763068,558.47,3
43360,3.525797,1962.271,3
43402,7.938359,29703.561,33
43406,5.388339,1935.322,15
43407,4.07868,597.262,4
43408,4.239558,252.873,3
43410,6.071314,9789.776,24
43412,4.761946,4413.75,6
43413,4.068749,1713.401,8
43414,6.037289,84.722,2
43416,3.950777,3028.542,18
43420,7.250375,30516.402,42
43430,5.775765,4588.921,20
43431,5.952089,4514.506,15
43432,3.818581,1306.767,5
43433,7.582842,64.259,4
43435,4.752449,1462.784,12
43436,9.333333,5.64,1
43437,5.390093,503.29,6
43440,6.750098,4855.419,6
43441,5.05145,48.389,3
43442,4.7352,972.476,17
43443,5.049076,1645.785,10
43445,4.863638,1127.46,16
43446,9.333333,0.564,1
43447,4.476894,674.664,11
43449,5.526402,8475.984,16
43450,4.969252,3774.567,17
43451,5.173454,1477.624,9
43452,7.565094,10249.221,19
43456,9.333333,372.796,1
43457,5.160346,1475.636,14
43458,3.818581,182.497,5
43460,10.744061,6004.36,13
43462,2.981369,1206.186,8
43463,5.05145,171.379,3
43464,5.166459,920.227,8
43465,6.119265,4339.511,3
43466,5.594935,2275.569,15
43467,6.233854,85.497,2
43468,4.239558,343.526,3
43469,5.475865,3105.877,17
43501,4.043206,749.958,4
43502,6.908342,7092.496,17
43504,4.995982,1088.321,4
43505,3.488786,41.462,4
43506,7.221982,14587.913,27
43510,4.595989,43.301,4
43511,4.254127,911.345,10
43512,6.331094,28132.272,42
43515,5.404404,8272.965,17
43516,5.459695,2794.812,18
43517,5.433347,3868.606,14
43518,3.527872,2365.579,7
43519,5.300087,158.865,4
43520,2.84429,2.66,4
43521,5.707908,2902.485,11
43522,4.625222,3617.034,16
43523,4.29168,2.116,4
43524,5.666553,1174.793,8
43525,6.037289,669.306,2
43526,5.661025,5803.773,15
43527,5.072078,2117.144,20
43528,4.904037,4948.356,5
43529,3.749036,215.541,3
43531,4.043206,2.286,4
43532,4.532787,3960.381,16
43533,3.641811,1535.872,10
43534,4.355825,1686.634,8
43535,4.29168,685.659,4
43536,4.050038,353.964,8
43537,11.433568,7701.359,10
43540,4.462106,1235.6,3
43541,4.443709,147.971,3
43542,5.681032,66.433,3
43543,5.884464,7952.97,20
43545,6.733491,13882.218,30
43547,4.359409,233.175,2
43548,5.078894,648.218,16
43549,2.84429,1478.73,4
43551,8.091489,31085.799,28
43552,8.521345,1025.282,2
43553,5.889,183.927,3
43554,4.058122,2692.029,12
43555,4.688964,102.361,3
43556,4.133519,1834.839,11
43557,5.422181,3004.153,15
43558,5.273339,12763.001,17
43560,9.469374,5361.92,7
43565,4.865238,332.283,3
43566,4.359409,245.071,2
43567,5.220585,5520.213,18
43569,4.243378,2936.441,8
43570,4.614953,3144.883,12
43571,4.726194,1396.366,5
43604,16.108613,7011.278,28
43605,12.509676,21799.408,40
43606,13.432446,22801.5,46
43607,13.179429,18248.93,34
43608,13.376567,9180.058,27
43609,13.259294,9044.559,21
43610,14.109591,1602.319,7
43611,12.031122,14874.369,26
43612,13.022997,11352.96,21
43613,13.142682,22869.901,30
43614,12.50866,18470.123,24
43615,12.182699,5772.474,15
43616,8.168409,16156.199,25
43617,5.329166,833.619,2
43619,7.402344,5125.708,11
43620,12.86645,2834.513,7
43623,12.462055,5193.416,23
43701,6.698856,48462.295,66
43702,10.879869,1592.969,4
43711,3.073697,1.678,4
43713,5.641373,1468.704,11
43716,4.221529,1959.017,17
43718,5.930544,2840.079,12
43719,6.393039,1544.22,9
43720,4.221041,1605.811,10
43722,4.231331,3.679,3
43723,6.823874,4659.887,11
43724,3.134128,1803.984,11
43725,6.516762,19974.749,31
43727,4.473884,1896.102,11
43728,3.233114,1123.89,11
43730,3.234084,1713.537,8
43731,4.377878,5209.382,13
43732,3.582388,1592.171,15
43733,3.570693,2.023,4
43734,4.204435,1058.536,3
43735,4.268106,4.453,4
43740,4.209542,26.176,4
43746,4.209542,1273.09,4
43747,4.412387,1000.546,13
43748,8.283266,68.277,5
43749,3.267704,2520.394,22
43750,4.231331,93.803,3
43754,4.909787,1366.399,12
43755,5.050973,1868.088,14
43756,5.348034,5535.975,18
43757,3.825086,42.296,4
43758,4.211476,2979.419,16
43759,6.870585,144.323,2
43760,4.209542,759.095,4
43762,4.360075,4747.091,19
43764,7.676739,7309.996,14
43766,3.846245,405.752,2
43767,4.691001,1517.208,8
43771,4.270501,1656.446,8
43772,3.710512,1589.551,15
43773,3.624056,3066.153,17
43777,4.69022,4349.43,21
43778,4.485946,1559.001,14
43779,3.455012,817.522,8
43780,4.058887,2517.091,15
43787,3.497187,3226.999,19
43788,3.521137,883.694,16
43791,4.851659,159.765,8
43793,6.697663,5059.162,16
43802,3.052218,1128.007,8
43804,5.645358,3451.66,16
43805,3.554668,58.309,3
43811,2.680389,718.674,8
43812,6.762268,19023.051,30
43821,5.181498,4284.793,15
43822,3.28391,2216.185,15
43824,3.069107,3827.884,16
43828,3.859888,19.496,4
43830,5.093381,2527.993,17
43832,7.385795,7705.552,21
43836,2.670553,21.123,3
43837,4.205736,2018.253,12
43840,4.670564,1084.39,15
43842,5.815995,271.927,5
43843,3.645205,1371.104,10
43844,3.66317,4211.561,13
43845,6.109018,4399.691,10
43901,4.782982,2234.997,10
43902,5.220202,179.65,5
43903,3.813881,1804.345,6
43905,6.247853,1.822,4
43906,6.977437,8475.799,21
43907,6.602679,5516.355,26
43908,4.303178,1427.549,10
43909,7.691808,16.451,4
43910,4.816795,3489.793,15
43912,5.920715,6630.92,20
43913,4.761433,1469.041,4
43914,3.825086,57.008,4
43915,5.40549,1536.863,8
43917,4.985324,3392.98,9
43920,7.127904,21982.648,23
43925,4.9245,104.658,4
43926,3.465885,119.915,4
43927,9.337535,24.974,7
43930,3.653345,896.422,9
43931,5.430462,230.319,4
43932,3.757602,955.554,13
43933,4.149697,1754.332,12
43934,12.666667,10.509,1
43935,8.258551,8736.414,16
43938,5.233346,5262.267,13
43939,4.891912,311.065,3
43940,4.385647,86.376,4
43942,5.229555,2454.859,9
43943,4.970428,3281.663,27
43944,4.642243,2489.036,19
43945,3.565088,3278.984,18
43946,4.348379,1919.411,8
43947,8.453701,5209.799,12
43948,5.115336,357.733,2
43950,7.558349,11509.875,25
43951,6.870585,9.372,2
43952,7.955765,15129.755,27
43953,6.640514,11849.467,21
43961,3.478174,155.21,6
43962,3.655718,63.441,4
43963,9.821505,1333.285,2
43964,6.493579,9160.951,16
43967,3.723316,21.012,3
43968,6.932227,7004.015,16
43970,4.26337,9.171,3
43971,8.05392,1214.388,10
43972,9.337535,101.457,3
43973,3.95679,2254.39,15
43974,8.027274,65.425,4
43976,5.217322,1496.294,4
43977,5.513985,2199.379,11
43981,8.027274,115.897,4
43983,5.026781,828.394,12
43985,5.348845,8.697,4
43986,5.123791,2040.922,14
43988,4.726772,2545.615,12
44001,7.101971,12354.043,14
44003,4.05437,1792.1,4
44004,7.066474,30378.454,41
44010,5.550939,1461.828,10
44011,6.766605,20.286,2
44012,8.585508,12646,7
44017,10.474207,18941.38,25
44021,5.780712,6299.029,20
44022,7.27683,13550.711,23
44023,6.607085,18215.661,17
44024,5.960029,23315.112,38
44026,6.250388,11267.803,15
44028,5.914409,9002.751,11
44030,6.593754,14343.415,17
44032,2.439747,157.603,2
44035,6.629991,59945.096,64
44036,8.197589,1149.483,3
44039,7.605203,23065.198,12
44040,7.325491,2964.005,11
44041,6.177774,14801.884,25
44044,5.45719,14273.073,13
44045,12.17506,430.577,5
44046,4.132977,2478.463,10
44047,5.56877,6961.019,13
44048,4.721943,1076.293,6
44049,3.77788,5.578,2
44050,4.811839,867.77,5
44052,7.43478,28338.588,46
44053,7.143363,10569.009,27
44054,6.805495,12276.743,13
44055,6.887639,13068.894,18
44056,7.116549,11120.106,8
44057,8.407665,13308.033,26
44060,11.796123,51880.16,52
44061,14.006019,1110.543,2
44062,4.741749,13607.786,19
44064,3.226346,1817.795,4
44065,5.927044,4225.981,5
44067,6.479801,21525.474,15
44068,4.585173,144.267,4
44070,10.675225,31867.029,27
44072,5.272592,4481.378,12
44074,6.833793,11925.245,19
44076,3.972833,646.893,13
44077,9.752118,48672.763,43
44080,3.815663,3.359,3
44081,7.773836,7122.726,13
44084,5.246116,3642.019,9
44085,5.102639,1744.083,6
44086,4.513201,2400.409,10
44087,6.762172,21015.833,15
44089,6.794033,9266.481,14
44090,5.885887,10021.393,12
44092,12.499988,16745.243,17
44093,4.063302,1284.698,8
44094,10.723255,29808.789,35
44095,12.490911,33368.89,25
44096,16.247138,838.351,2
44099,3.983624,400.697,2
44102,12.985111,39677.81,62
44103,14.119998,8946.762,26
44104,12.657742,10614.814,29
44105,12.573312,31431.49,59
44106,13.163891,18114.76,37
44107,13.099004,39879.76,53
44108,12.3807,18403.899,40
44109,12.496611,33144.66,63
44110,12.963834,17582.793,27
44111,12.854884,42012.18,64
44112,12.124487,19415.149,39
44113,16.83256,14153.02,24
44114,18.143189,6809.09,15
44115,15.41942,7752.753,16
44116,13.207202,20345.837,24
44117,10.263876,5053.96,18
44118,12.820417,38654.893,68
44119,13.676801,13119.392,23
44120,12.706589,35322.22,68
44121,11.799773,32760.017,49
44122,12.365703,26456.341,48
44123,12.031233,15482.198,24
44124,11.121853,33941.334,46
44125,11.957796,27032.714,43
44126,12.210274,16367.995,12
44127,11.72021,1031.851,6
44128,12.673346,22192.66,51
44129,12.405158,28422.429,53
44130,11.223817,49810.466,57
44131,8.906614,20447.156,21
44132,12.824281,15590.197,18
44133,7.530828,17249.162,23
44134,11.832925,37746.352,39
44135,12.185832,27987.954,44
44136,9.815842,27020.606,27
44137,11.388123,22807.373,33
44138,6.507372,11740.444,13
44139,6.523636,24117.71,21
44140,12.023542,15391,13
44141,8.689057,14017.241,20
44142,8.467345,18721,19
44143,9.673866,23577.684,33
44144,12.075753,21385.588,22
44145,10.847055,32382.065,30
44146,10.370973,29195.65,22
44147,8.01187,11596.382,11
44149,7.751636,17789.932,16
44201,4.365906,6554.235,20
44202,6.626901,11178.601,18
44203,7.303265,41516.213,74
44210,7.253391,1402.226,3
44212,8.373143,37444.003,32
44214,5.007423,2111.073,12
44215,5.275808,2451.583,7
44216,4.875612,6651.489,15
44217,5.646155,4242.393,10
44221,8.310429,29273.958,54
44222,9.425026,884.873,6
44223,8.183464,17278.377,33
44224,7.471199,39028.477,38
44230,5.970674,8410.231,15
44231,5.78837,9027.448,18
44233,5.42792,7943.423,8
44234,4.52717,4118.157,7
44235,3.503692,1580.615,4
44236,7.262,24366.474,29
44240,7.334703,38427.205,43
44241,6.134451,16997.804,18
44243,8.166102,387.188,3
44250,8.452096,1346.028,2
44251,4.471386,997.344,4
44253,4.215536,3387.316,10
44254,6.210957,4970.657,16
44255,4.888889,8258.058,16
44256,6.661547,45051.097,57
44260,6.06781,5887.67,23
44262,6.729609,4924.896,7
44264,7.065691,2962.88,21
44265,4.337794,2.397,4
44266,6.665998,32932.182,41
44270,6.334496,8602.999,21
44272,5.574829,5445.749,12
44273,4.897916,7092.186,14
44274,6.348173,540.75,4
44275,2.965215,3406.854,7
44276,5.374487,2005.882,14
44278,7.186385,17815.267,30
44280,5.332182,5029.579,15
44281,6.680897,21224.62,37
44282,6.348173,1129.61,4
44285,10.633627,18.816,3
44286,7.084769,6026.043,10
44287,4.280072,5132.374,11
44288,4.376715,3694.949,7
44301,8.636735,14626.038,30
44302,7.978723,5651.457,25
44303,7.784663,7729.064,24
44304,10.7123,5104.146,16
44305,7.367652,22379.641,61
44306,8.176818,21608.589,45
44307,7.968659,6779.151,21
44308,11.39964,1479.933,10
44309,9.734144,1186.482,2
44310,8.450571,21053.716,22
44311,8.880644,6853.738,25
44312,7.289224,31280.162,38
44313,7.063245,24121.107,47
44314,7.933496,18837.743,29
44319,7.4035,17768.314,40
44320,7.816603,18735.195,48
44321,7.181978,15194.331,19
44325,9.456874,15.64,6
44333,7.864877,16184.627,30
44334,9.081775,1500.478,6
44401,4.364326,2568.977,10
44402,4.023078,3370.448,13
44403,4.869504,3802.662,11
44404,4.667552,1398.55,7
44405,6.206967,7927.094,13
44406,7.217968,10063.338,25
44408,6.474673,8089.201,21
44410,5.644351,17111.391,23
44411,3.091723,2055.653,5
44412,4.100163,2545.066,8
44413,6.180145,6960.884,9
44417,3.861605,1637.1,12
44418,4.534443,1371.311,12
44420,6.890642,15173.867,30
44423,3.883654,2517.396,12
44424,4.652589,4.405,3
44425,6.458962,14071.806,36
44427,3.828644,1558.581,10
44428,4.823545,3167.352,14
44429,5.552303,2613.468,5
44430,5.429131,3566.335,14
44431,5.31571,4760.041,14
44432,6.596533,8325.296,30
44436,5.081954,3604.924,19
44437,7.237607,4274.46,10
44438,6.338019,4586.591,14
44440,6.36508,4528.827,18
44441,6.579404,1171.277,9
44442,6.520203,6.933,4
44443,5.661983,72.279,4
44444,5.699077,10037.877,17
44445,5.440321,2581.416,8
44446,7.468477,19985.732,48
44449,3.877383,1250.312,13
44450,3.824056,1896.669,12
44451,4.668479,3023.46,9
44454,5.661983,82.604,4
44455,6.591854,673.418,9
44460,6.302549,25281.522,44
44470,3.387864,3652.648,9
44471,6.528189,10806.333,27
44473,6.222081,3654.483,9
44481,5.128071,10127.264,60
44483,7.299289,24006.807,44
44484,6.933722,21049.486,34
44485,6.275215,13573.388,25
44490,5.424433,753.689,12
44491,3.570874,4237.857,17
44493,4.112291,88.763,4
44501,8.7311,1606.791,4
44502,7.129248,8963.877,35
44503,8.731957,664.653,8
44504,9.164448,4838.242,17
44505,6.798161,12287.902,42
44506,8.11395,1675.023,9
44507,8.384248,5497.821,24
44509,6.386464,11936.885,23
44510,8.941866,2964.87,7
44511,6.079024,18622.824,35
44512,7.676203,27650.703,32
44513,8.202614,911.379,4
44514,6.868068,17976.621,31
44515,6.864413,20383.601,23
44601,7.120837,34986.501,49
44606,5.448482,8259.158,9
44608,5.606851,2523.796,11
44609,4.524928,3668.037,20
44611,3.662315,2015.63,9
44612,6.327094,5067.385,15
44613,5.373257,2161.959,6
44614,7.087497,11625.737,25
44615,5.721563,10676.882,25
44618,5.965991,7020.65,13
44619,4.437242,117.228,7
44620,3.80854,1504.13,4
44621,6.410353,4722.691,17
44622,7.792747,19276.43,31
44624,5.56987,5784.12,20
44625,3.985012,1238.715,13
44626,3.934047,2955.303,20
44627,4.729542,4760.297,11
44628,4.265055,1365.411,10
44629,4.658977,1695.862,4
44630,7.722406,44.957,2
44632,5.398009,3469.018,17
44634,4.411484,2075.461,11
44636,4.425663,3.391,2
44637,4.188552,2733.406,13
44638,3.77393,1843.145,10
44639,5.005283,57.26,3
44640,4.947828,127.762,5
44641,6.597151,20686.032,31
44643,4.836278,3388.65,16
44644,5.658901,4968.644,8
44645,5.365686,2642.627,16
44646,7.967872,43603.498,45
44647,6.438799,19004.811,40
44648,12.704,1042.453,2
44650,12.166667,5.35,1
44651,3.416023,739.458,5
44652,6.065177,81.666,4
44653,5.304424,220.83,2
44654,6.054353,17454.777,23
44656,5.050489,2680.07,10
44657,5.631844,9829.031,28
44659,5.074858,3.921,3
44660,4.315474,20.45,2
44661,3.579106,12.047,3
44662,5.385415,9310.849,27
44663,7.814316,13054.783,30
44666,4.308475,2972.92,12
44667,6.338617,13342.418,19
44669,3.405486,1365.999,11
44670,2.733507,105.266,4
44671,5.102878,163.647,4
44672,7.137696,4759.034,10
44675,4.47144,2062.018,18
44676,5.347698,3790.57,11
44677,5.867521,2575.017,11
44678,5.102878,219.754,4
44680,6.748768,4568.792,11
44681,6.018835,7889.577,13
44683,6.690294,8654.817,20
44685,6.930544,21128.372,17
44688,5.971783,3102.106,17
44689,5.441021,536.05,9
44690,5.499609,25.155,3
44691,7.099179,44539.988,56
44693,4.154636,57.763,2
44695,4.952056,1301.468,7
44697,6.393883,108.34,2
44699,4.329872,1179.346,11
44702,12.58654,936.527,13
44703,9.608609,8323.243,14
44704,8.825146,3562.828,13
44705,8.611473,18096.599,23
44706,7.474856,16922.634,30
44707,8.317746,9695.983,32
44708,8.307625,25500.132,48
44709,8.738256,13060.556,19
44710,9.031956,9443.722,21
44714,8.213989,9182.318,25
44718,7.574989,11055.878,30
44720,8.343496,23779.018,31
44721,6.16172,12546.478,23
44730,4.98209,5985.926,24
44735,7.932301,951.792,2
44802,4.84044,852.319,11
44804,6.281227,1000.279,6
44805,7.039687,31264.763,39
44807,5.326643,2461.07,18
44809,4.357122,10.688,8
44811,6.479631,12806.022,28
44813,5.169589,7971.932,20
44814,3.808328,2538.25,4
44815,5.135331,631.189,4
44817,4.070809,1375.866,18
44818,5.219217,2287.19,16
44820,7.070343,17416.014,30
44822,4.121705,2793.205,15
44824,6.216305,506.474,9
44825,5.226816,35.681,4
44826,5.020375,1624.108,14
44827,6.09454,7002.791,23
44828,4.068498,30.656,4
44830,6.656928,19042.404,28
44833,6.46341,16479.659,49
44836,4.118886,2601.166,15
44837,4.196607,4383.595,17
44838,4.929723,144.101,4
44839,7.039362,12765.229,22
44840,4.196743,2833.914,10
44841,4.850565,822.137,8
44842,6.678307,5889.094,22
44843,4.478874,2518.797,14
44844,4.142127,651.394,8
44846,6.477924,3020.65,13
44847,4.865891,3423.601,14
44849,3.640173,2244.517,15
44850,6.709093,79.225,4
44851,5.223205,5114.83,16
44853,4.343966,1164.902,8
44854,5.244421,1743.944,12
44855,3.13878,1104.057,10
44857,6.354204,23498.56,37
44859,3.933043,1927.66,6
44861,3.846393,22.648,4
44864,5.1189,3298.727,20
44865,4.864954,3317.857,19
44866,4.129932,301.831,4
44867,4.0299,2273.441,8
44870,11.436197,27528.715,38
44871,13.157101,1608.827,4
44874,5.383969,9.851,8
44875,5.843892,13367.571,24
44878,3.338145,2884.825,19
44880,3.689355,569.199,9
44882,3.980936,2678.243,16
44883,7.265333,28653.04,45
44887,4.758789,1035.414,8
44889,4.833084,6774.17,24
44890,5.829127,11088.125,21
44901,11.409432,1189.713,2
44902,9.034783,3476.81,21
44903,6.25641,27634.868,74
44904,5.122637,14097.419,36
44905,6.495953,13197.242,20
44906,7.524373,16645.425,36
44907,7.422247,14800.507,21
45001,7.971077,982.62,5
45002,5.567298,12049.214,26
45003,3.424688,836.122,6
45005,6.658831,29909.738,27
45011,9.448973,38419.142,52
45012,15.700518,425.502,2
45013,7.183857,52818.266,58
45014,7.508134,36723.762,46
45015,11.605022,11936.158,46
45018,7.364774,1465.258,4
45030,6.405327,11069.375,15
45032,3.992317,5.636,2
45033,5.768111,217.881,2
45034,10.367961,1017.446,7
45036,6.326132,32891.084,28
45039,9.808943,9962.67,9
45040,7.765488,14928.598,15
45041,5.507747,834.104,4
45042,8.555466,26969.417,44
45044,10.775471,42465.432,59
45050,7.753181,9656.465,6
45052,6.126612,4160.085,17
45053,4.082743,3499.061,6
45054,4.490841,2376.198,6
45055,15.700518,16.846,2
45056,9.904845,21993.638,23
45061,12.182082,761.304,5
45062,3.950556,3.03,3
45064,3.977216,3338.899,14
45065,5.248768,2978.15,3
45066,7.780314,14390.905,15
45067,7.955487,14912.899,18
45068,4.101372,1231.819,10
45069,7.055918,52982.835,43
45070,3.177173,3.262,3
45071,7.650972,1246.041,4
45101,5.052008,2440.427,6
45102,4.267126,4437.968,13
45103,6.2519,23704.829,28
45106,4.957522,10407.795,17
45107,5.139145,9666.646,19
45111,11.843412,494.386,3
45113,4.027026,4236.664,11
45118,4.538214,3800.728,14
45120,3.350003,683.101,4
45121,6.336168,8762.166,15
45122,4.859845,8263.131,20
45123,5.359857,8942.698,16
45130,3.251543,3825.846,8
45131,5.379462,4.393,8
45133,6.505969,14622.076,35
45135,3.970774,4916.511,19
45140,6.945815,40192.973,35
45142,4.101717,3712.069,14
45144,7.236732,3584.619,10
45146,3.15811,1381.071,6
45147,7.436503,8.015,3
45148,2.877706,1486.382,9
45150,8.515804,25562.848,34
45152,4.498336,6945.992,15
45153,2.898586,477.307,3
45154,3.57983,3381.623,11
45157,4.058779,9060.825,14
45158,3.887789,33.775,2
45159,4.044125,3740.014,14
45160,4.918289,281.86,5
45162,3.706251,2777.658,9
45164,4.776929,217.47,3
45167,5.664368,3585.412,14
45168,4.257377,1234.152,7
45169,3.777252,4758.13,22
45171,4.233957,6359.728,15
45174,11.843412,2127.67,3
45176,4.765569,8169.561,14
45177,5.583461,16252.511,20
45201,18.495423,758.788,3
45202,17.739294,14173.768,45
45203,15.156797,2181.658,8
45204,11.554673,5941.774,28
45205,12.493204,17602.074,25
45206,14.818687,10460.404,21
45207,13.706916,5590.833,17
45208,12.614411,17881.846,28
45209,13.862961,10160.394,13
45211,11.983288,35231.767,51
45212,13.33276,22714.42,35
45213,13.050124,11711.413,20
45214,13.991571,8111.172,31
45215,10.964252,30250.402,57
45216,12.014536,9572.591,40
45217,12.961842,5272.988,16
45218,11.887955,4229.207,9
45219,15.397368,14713.106,21
45220,13.090508,12206.803,15
45222,12.672853,1055.702,2
45223,10.198518,7543.246,22
45224,10.199439,20804.94,30
45225,10.76031,9424.714,18
45226,13.405032,2394.169,13
45227,13.870534,16587.114,32
45229,11.862547,9777.822,31
45230,10.005532,26752.869,25
45231,9.959731,41475.081,79
45232,11.952363,6965.841,19
45233,7.347796,15642.005,30
45236,11.965694,24545.427,46
45237,11.966829,19761.413,42
45238,11.672886,46978.066,54
45239,11.082795,22740.558,35
45240,9.185452,25643.718,39
45241,8.251988,22621.165,30
45242,12.384156,21427.431,36
45243,9.983768,9018.816,13
45244,6.404114,20675.188,34
45245,7.043173,10768.353,22
45246,11.505054,15663.419,28
45247,7.462686,20357.156,31
45248,7.204617,19223.951,34
45249,9.527471,11389.297,18
45250,14.004005,683.323,2
45251,8.696912,20553.457,30
45252,6.097044,4506.97,10
45253,10.577079,2173.805,7
45254,12.932803,1542.498,6
45255,11.116392,17255.718,18
45258,14.512399,889.743,5
45262,11.50147,1268.726,4
45301,7.443761,161.527,7
45302,5.06931,4375.586,13
45303,5.259733,2576.017,10
45304,4.789293,6495.166,17
45305,6.367965,227.723,3
45306,5.09434,2259.568,11
45308,4.500653,4562.509,19
45309,5.406362,12532.014,20
45310,4.717755,284.537,8
45311,4.698681,6274.57,13
45312,4.015664,1233.865,13
45314,6.410467,5358.407,8
45315,6.744436,3152.306,17
45316,4.702637,9.157,4
45317,4.424081,991.244,15
45318,6.759773,5431.702,17
45319,4.94658,236.154,3
45320,6.177186,15684.542,30
45321,3.652841,928.481,4
45322,10.201784,15860.09,23
45323,5.481306,5469.505,10
45324,8.117452,33861.131,34
45325,5.825669,2541.359,12
45326,4.005236,1021.63,9
45327,5.395423,8961.426,20
45328,4.425654,534.74,3
45331,7.15223,13553.604,25
45333,4.096068,1354.455,7
45334,3.365027,2396.804,11
45335,5.131201,7456.194,17
45336,5.506704,2.668,4
45337,3.951189,1686.539,16
45338,5.004384,5119.631,26
45339,3.829585,1369.67,12
45340,3.543433,750.234,11
45341,5.560563,4100.879,14
45342,8.751921,27907.39,43
45343,8.409318,1533.964,3
45344,5.954741,16100.297,41
45345,4.976927,6141.881,14
45347,4.831028,3622.366,9
45348,3.991057,949.523,8
45349,3.934079,21.054,3
45350,3.984898,199.331,4
45351,3.984898,298.997,4
45353,5.011236,110.395,5
45354,3.390724,14.756,2
45356,7.265207,25033.253,42
45358,5.405612,284.249,5
45359,3.960345,1956.587,3
45360,4.778486,284.879,3
45361,3.667533,4.727,5
45362,4.23764,1146.915,11
45363,4.095859,1555.477,8
45365,6.494012,30211.592,45
45368,4.017856,4904.609,13
45369,3.27877,3324.649,9
45370,3.964578,1570.064,2
45371,7.499228,14062.63,25
45373,7.231635,26025.63,38
45377,11.856666,14762.12,10
45378,4.657656,446.66,6
45380,6.328006,5448.927,18
45381,5.099661,5573.601,20
45382,3.912322,1016.154,11
45383,5.695057,7115.737,14
45384,6.556586,9.352,5
45385,6.412649,32243.582,44
45387,7.323787,5263.266,19
45388,4.04135,628.551,11
45389,4.670885,12.433,6
45390,5.89281,3117.749,11
45401,17.140168,1325.67,2
45402,14.829358,9469.054,42
45403,13.245031,14797.639,27
45404,11.050738,4554.135,18
45405,13.809912,16481.104,32
45406,12.604964,20683.986,44
45409,14.245539,15415.096,29
45410,14.059686,16423.946,31
45413,12.74448,1178.644,6
45414,10.935038,19601.787,25
45415,10.340331,12712.338,27
45416,12.081562,5439.939,11
45417,10.621861,29919.612,51
45419,13.2559,14303.682,34
45420,13.044443,25468.998,49
45424,9.506078,50430.491,43
45426,9.383349,15502.581,21
45429,12.03561,26566.973,40
45430,7.180857,7341.993,14
45431,12.310525,13187.989,21
45432,12.689583,7457.391,21
45433,9.786605,2241.407,13
45434,6.687424,11425.322,13
45437,15,729.058,1
45439,12.326375,11432.737,19
45440,10.537865,17345.072,35
45441,10.84538,300.139,3
45449,11.858937,18061.304,21
45458,9.980174,28432.413,19
45459,10.579191,25332.632,43
45475,10.84538,1147.768,3
45490,12.74448,67.836,7
45501,9.207935,1498.419,4
45502,4.626851,15790.276,71
45503,7.105759,24729.11,50
45504,7.912235,16476.088,31
45505,7.640972,20406.344,43
45506,7.263212,13435.781,35
45601,5.87983,45191.531,71
45612,3.053725,4148.044,17
45613,4.012989,3474.522,19
45614,4.264568,3286.126,16
45616,2.46596,1263.717,7
45619,6.801084,5777.799,9
45620,4.922793,918.96,12
45621,5.351133,165.229,3
45622,2.91151,595.144,7
45623,3.068288,3063.874,7
45628,3.004465,1510.131,7
45629,4.255724,3171.418,8
45630,3.55642,14.704,4
45631,6.340326,9876.124,17
45634,5.791502,1783.064,16
45638,7.337768,21347.802,28
45640,5.703091,15273.237,33
45644,4.651494,4988.974,11
45645,4.986544,172.742,12
45646,3.428866,286.034,3
45647,3.0167,2431.994,11
45648,3.997755,12441.815,26
45650,2.214109,513.306,3
45651,5.128477,5561.274,12
45652,3.395669,3525.509,8
45653,4.372856,3998.629,11
45654,3.718029,1042.064,7
45656,4.218566,6950.637,22
45657,3.076463,2820.499,22
45658,3.92087,3225.087,9
45659,3.407823,2542.346,9
45660,5.011298,6339.159,18
45661,5.048612,6433.513,15
45662,7.479719,29716.892,48
45663,4.916,6191.611,12
45669,5.397514,10599.869,10
45671,3.275565,470.57,11
45672,2.914561,2003.265,12
45673,3.542564,359.826,4
45678,3.7327,280.519,10
45679,4.756016,2538.44,4
45680,6.820011,7035.988,13
45681,2.883929,1564.842,4
45682,4.23303,1983.014,14
45684,2.996425,1980.529,7
45685,4.111955,1397.464,11
45686,3.310046,3714.629,19
45688,2.293454,495.785,5
45690,6.327457,10657.482,25
45692,5.963878,8804.977,28
45693,6.813636,4717.22,10
45694,3.727959,5655.357,16
45695,2.839702,669.938,3
45697,4.463279,2536.403,15
45701,11.192803,35932.074,33
45710,3.645483,5520.387,18
45711,3.864215,1054.657,12
45714,9.331337,6138.299,11
45715,4.822969,2531.892,15
45716,5.844368,179.91,4
45719,7.900788,113.373,3
45723,4.451075,3609.501,19
45724,3.748792,1265.73,8
45727,3.199577,527.519,9
45729,3.66458,1760,10
45732,5.046215,5041.312,22
45734,2.653633,477.997,4
45735,3.874969,1783.476,13
45739,4.569933,63.347,3
45740,5.680348,405.712,5
45741,3.816899,1014.179,7
45742,3.820379,513.571,8
45743,4.04598,1496.553,8
45744,5.077247,3084.712,19
45745,4.006463,824.312,13
45746,4.694897,649.894,9
45750,7.187451,25903.026,23
45760,6.99261,3098.889,16
45761,5.656241,1890.747,15
45764,6.119806,9523.104,19
45766,3.730053,1435.384,10
45767,2.653633,566.927,4
45769,5.420536,6546.628,19
45770,4.308262,718.246,8
45771,4.831544,3400.878,15
45772,4.039955,2070.122,4
45773,6.379469,162.315,3
45775,3.861338,1425.404,12
45776,3.657559,869.494,7
45778,3.971594,881.049,6
45779,7.280751,628.747,3
45780,12.191523,3294.476,7
45782,5.680348,278.927,5
45784,3.731619,2767.473,8
45786,4.130571,3289.737,13
45788,5.986128,637.045,11
45789,2.653633,26.997,4
45801,6.745138,17862.754,43
45802,11.161862,824.421,3
45804,7.452106,13195.336,24
45805,8.090285,22110.377,32
45806,5.321749,10674.195,29
45807,6.470001,4429.887,28
45808,4.55381,392.878,4
45809,5.465417,185.049,2
45810,3.667258,1788.741,14
45812,3.458781,1813.348,9
45813,5.624934,3385.734,11
45814,4.624118,2904.805,10
45815,5.436766,2.574,4
45816,8.464356,1.937,5
45817,6.636767,6836.414,17
45819,4.359911,233.355,4
45820,4.55381,532.126,4
45821,4.642552,1241.483,10
45822,6.551219,19101.245,33
45826,6.151257,334.751,4
45827,5.085179,2254.118,15
45828,6.741649,6228.899,16
45830,5.822265,6014.825,13
45831,5.272894,3224.521,15
45832,4.610674,2712.212,11
45833,6.832096,10950.219,24
45835,3.535213,463.98,3
45836,3.563766,1526.83,11
45840,7.586916,46305.977,48
45841,4.479907,1001.357,13
45843,4.265668,4196.275,23
45844,5.216418,3068.976,16
45845,5.278693,2948.753,18
45846,4.755645,4326.832,16
45849,4.280535,1120.993,12
45850,3.487772,3537.48,18
45851,4.708718,550.131,8
45853,5.272559,1155.505,3
45854,3.6623,188.586,5
45855,4.904954,8.084,4
45856,5.48789,5169.397,19
45858,5.259204,48.354,10
45859,3.459042,405.7,4
45860,6.146298,2291.812,8
45861,4.203909,70.471,4
45862,4.583642,1318.295,12
45863,4.651982,927.277,4
45864,5.297462,73.141,4
45865,6.717669,5286.086,20
45866,4.477602,89.785,2
45867,4.587769,1140.836,8
45868,4.521571,472.575,8
45869,5.996263,3898.108,20
45870,3.679891,66.731,4
45871,4.830495,1674.321,12
45872,6.191996,4313.117,6
45873,3.8153,2435.351,11
45874,3.079463,2131.088,10
45875,5.686001,3323.605,17
45876,5.089719,924.642,4
45877,5.982924,2245.256,12
45879,6.964936,6101.147,17
45880,4.904954,2743.324,4
45881,4.486569,1066.51,5
45882,4.562742,3119.406,14
45883,6.027037,3812.002,16
45884,4.712644,84.48,4
45885,6.750354,13317.315,22
45886,4.721813,235.339,16
45887,4.368057,4637.439,18
45888,3.679891,89.83,4
45889,6.056038,65.402,6
45890,4.727489,374.181,8
45891,7.597768,15727.74,25
45893,5.272559,162.274,3
45894,2.744636,713.633,7
45895,6.721301,17884.708,38
45896,3.645421,2137.059,10
45897,4.626125,159.215,5
45898,3.887659,959.504,11
45899,3.595162,144.984,3
46001,5.868014,10505.235,21
46011,6.549332,15626.08,33
46012,6.950197,19632.05,28
46013,6.664285,7325.794,19
46015,11.65902,656.705,2
46016,9.04815,17221.583,21
46017,6.104882,5784.393,18
46018,7.633888,1194.224,2
46030,6.045873,1851.953,8
46031,5.408941,2229.592,10
46032,9.289552,19970.793,14
46033,6.661272,21240.301,13
46034,7.034097,6713.772,14
46035,3.351309,1127.868,10
46036,7.22864,11734.908,27
46037,7.824797,11354.119,8
46038,9.425373,20168.748,13
46039,3.629422,754.761,17
46040,4.478403,1155.924,13
46041,6.691091,23461.826,43
46044,5.412221,3099.145,10
46045,3.40366,133.271,3
46048,4.584197,1593.649,3
46049,3.696495,835.544,11
46050,3.460017,1603.353,14
46051,6.594436,2561.619,9
46052,7.118541,21976.238,31
46055,4.948794,27.515,2
46056,4.873692,2380.03,15
46057,4.913798,893.799,9
46058,5.451025,2170.411,6
46060,7.379159,14898.276,16
46061,11.080698,1116.57,3
46062,6.826909,14201.424,16
46064,5.659991,17994.811,23
46065,4.970745,3493.241,12
46067,5.046938,4.894,5
46068,4.520707,2501.802,11
46069,4.286379,1427.423,15
46070,4.110672,2122.868,10
46071,4.748061,3724.834,13
46072,3.609884,2429.143,10
46074,8.868155,5392.208,4
46075,4.578517,5479.001,11
46076,3.738851,1580.972,12
46077,6.432234,13903.88,9
46082,12.521465,1363.76,2
46102,3.427504,329.234,5
46103,3.400916,347.273,3
46104,3.427243,709.008,8
46105,3.306218,461.226,6
46106,5.53159,860.9,4
46107,12.103119,13556.807,16
46110,4.167972,478.578,9
46111,4.135894,420.194,3
46112,8.132126,7545.205,12
46113,8.060142,2297.74,7
46115,3.508555,1901.974,7
46117,4.015457,672.295,7
46118,4.893777,5018.095,13
46120,4.493647,5919.15,13
46121,3.612667,2407.535,12
46122,5.912891,15363.976,21
46123,8.418503,448.571,5
46124,7.122018,6087.695,20
46126,4.477016,4608.093,13
46127,3.779225,360.794,6
46128,5.267879,201.34,4
46130,4.471929,2653.241,12
46131,7.019169,31360.84,28
46133,2.997655,834.628,9
46135,6.580353,10629.893,14
46140,7.026803,15853.153,23
46142,8.268686,26683.571,23
46143,8.157318,15874.429,13
46144,5.192423,214.593,4
46146,3.365006,195.014,4
46147,3.749828,2645.419,13
46148,6.275637,5425.926,22
46149,4.448939,1760.555,13
46150,3.647547,629.962,8
46151,7.94474,14598.896,21
46155,3.484388,130.431,3
46156,3.40066,1460.104,11
46157,4.722108,3758.336,10
46158,6.711669,18367.3,21
46160,4.131098,3476.006,18
46161,5.070479,2670.794,19
46162,4.085827,383.049,13
46163,5.616518,4724.668,20
46164,3.987986,4899.157,11
46165,4.430786,1486.471,9
46166,3.954317,143.23,2
46167,5.076033,6691.388,18
46168,8.095649,18285.765,20
46170,5.267879,27.3,8
46171,2.668324,2873.488,7
46172,3.517319,2355.65,10
46173,5.894423,10831.086,30
46175,3.492429,575.289,14
46176,6.959062,27925.339,39
46180,3.981863,820.532,9
46181,4.545516,5049.181,11
46182,3.787059,1781.782,15
46184,6.054836,28.322,2
46186,3.984468,1514.98,15
46201,13.591128,30126.475,51
46202,15.281437,14165.267,30
46203,12.851032,26968.075,56
46204,15.151406,1204.984,5
46205,13.241886,25001.274,52
46208,13.878825,22997.54,43
46214,10.024454,18349.081,18
46217,10.269472,11174.082,17
46218,12.486991,28134.335,58
46219,12.909016,35572.222,56
46220,12.362872,34238.923,43
46221,10.642552,10542.572,16
46222,13.222031,32555.74,41
46224,13.918005,21563.039,21
46225,13.839223,6541.812,21
46226,10.867545,39750.331,46
46227,10.901932,40692.55,41
46228,7.851928,15847.517,14
46229,9.806915,24423.708,12
46230,14.496853,907.615,4
46231,7.820696,7486.048,14
46234,8.756182,14243.435,14
46235,12.23175,9474.304,9
46236,6.704984,20186.202,10
46237,9.253625,18756.94,18
46239,6.121166,5649.251,7
46240,10.484386,13578.782,17
46241,12.12824,23252.86,30
46242,13.579877,1682.112,3
46247,10.348356,696,3
46250,11.074153,13434.649,18
46251,13.579877,483.669,3
46253,9.390126,2506.274,3
46254,10.828502,37966.917,29
46256,8.036817,22319.471,31
46259,4.100865,4499.562,8
46260,9.525312,33949.816,39
46268,12.014587,24723.171,28
46278,13.334646,1183.405,14
46280,9.182383,3470.044,4
46302,3.833333,110.552,1
46303,6.872984,12368.975,10
46304,8.260015,13380,8
46307,5.939089,16570.772,22
46310,5.910905,13330.295,17
46311,8.983766,7319.021,9
46312,8.70785,27374.58,35
46319,8.57446,18422.375,20
46320,9.394593,13073.267,39
46321,8.401233,15013.683,12
46322,9.451304,22725.317,20
46323,8.264782,22199.137,24
46324,9.138996,22127.649,34
46325,10.480789,1539.371,5
46327,11.103129,11691.996,14
46340,4.476843,1108.836,9
46341,5.749962,7904.278,18
46342,7.12684,28257.655,34
46346,4.668181,1139.121,4
46347,5.010786,4571.131,6
46348,4.366982,1165.502,3
46349,4.87505,3326.378,7
46350,6.348033,33446.007,42
46356,6.09377,17396.148,11
46360,8.5158,42149.573,39
46365,3.569725,1077.869,5
46366,4.887487,5799.752,13
46368,8.044927,30213.871,25
46371,4.59971,3611.534,12
46373,7.669327,2534.699,6
46374,5.47211,1090.393,12
46375,8.453914,19421.496,13
46376,5.322842,387.936,6
46381,4.872083,368.889,4
46382,5.020591,1820.444,6
46383,8.028634,7764.629,11
46385,5.981922,27487.936,21
46390,4.625964,2549.811,5
46391,5.234009,735.97,5
46392,4.433025,8258.611,9
46393,4.005656,5.608,2
46394,9.579179,12358,16
46401,6.205304,716.948,2
46402,9.332182,6459.193,16
46403,5.666683,8071.73,17
46404,7.31376,17148.221,38
46405,8.216749,11343.811,26
46406,7.666955,9565.823,21
46407,8.257709,10618.422,27
46408,6.970315,15675.308,22
46409,7.247032,7371.272,15
46410,7.160919,19567.425,26
46411,9.333333,1519.826,1
46501,4.701055,3878.661,19
46502,5.968755,4.262,4
46504,5.154235,3447.595,18
46506,6.070839,9953.592,20
46507,5.797371,451.563,7
46508,4.471814,27.374,2
46510,4.093929,3571.128,10
46511,6.362725,4429.255,21
46514,7.352607,41674.611,29
46515,9.404006,1728.698,5
46516,8.182781,22352.852,28
46517,8.581981,8757.786,17
46524,4.779855,2020.896,13
46526,7.341603,27914.811,24
46528,8.411901,3674.938,20
46530,6.498231,31025.46,23
46531,3.368052,1369.492,13
46532,3.675284,1784.974,18
46534,5.330196,10677.553,16
46536,4.662518,3342.229,7
46537,4.248086,2.681,3
46538,5.364425,4104.223,22
46539,4.281481,2220.122,11
46540,4.735667,3820.069,4
46542,4.890752,4378.639,14
46543,4.388825,1128.354,7
46544,7.411274,21617.905,32
46545,9.069789,22008.823,26
46550,6.999017,11947.521,20
46552,5.933198,6816.887,16
46553,4.187695,3342.861,6
46554,5.060756,4639.157,24
46555,6.12511,2318.078,6
46561,6.933931,7272.743,15
46562,5.314834,4716.068,25
46563,5.633101,23639.396,51
46565,5.10111,1258.977,7
46567,6.139998,4879.58,16
46570,4.706032,1039.328,7
46571,4.466811,5372.515,9
46572,3.144687,196.7,3
46573,3.719333,1023.118,9
46574,4.504994,9624.01,21
46580,6.55426,19922.682,34
46581,12.418273,1422.085,3
46582,5.078673,11541.27,26
46590,5.802125,384.424,7
46601,10.888437,3975.344,20
46613,9.837721,10486.531,24
46614,6.443425,21183.526,35
46615,9.186683,12920.736,23
46616,8.659786,6001.499,16
46617,9.012149,9156.072,25
46619,8.023307,18523.527,36
46624,10.417886,333.502,2
46628,8.249949,16902.083,26
46634,10.417886,421.51,2
46635,5.277748,3210.013,7
46637,7.418966,6070.575,12
46680,9.06601,845.496,4
46701,4.42254,7692.968,17
46702,4.957083,2300.536,10
46703,6.157075,18967.314,24
46704,5.020902,152.841,2
46705,4.479117,1631.368,8
46706,6.458077,19548.491,42
46710,5.128202,4744.933,21
46711,6.055871,7922.31,13
46714,7.200254,14278.664,30
46721,5.032665,5030.976,15
46723,4.62342,6789.919,13
46725,4.41116,16229.705,34
46730,4.781638,1350.582,12
46731,4.731612,814.817,9
46732,4.26562,2876.868,15
46733,5.54374,18947.967,35
46737,5.279856,7314.627,15
46738,6.791671,7603.85,10
46740,4.150314,4070.899,17
46741,5.246866,3871.309,11
46742,4.666589,3871.551,11
46743,3.609739,2828.683,6
46745,3.317431,1778.256,10
46746,4.599587,4345.21,5
46747,4.024903,2395.897,15
46748,5.388947,4199.569,17
46750,7.362831,26136.823,48
46755,6.962049,15211.416,30
46759,2.974342,598.995,5
46760,3.535358,1346.858,6
46761,5.754081,11721.132,20
46763,5.008618,1644.841,10
46764,4.160599,1332.714,13
46765,5.56919,5582.585,11
46766,2.990676,548.454,9
46767,5.75769,7925.72,19
46770,4.022845,3002.49,16
46772,4.312255,3793.153,7
46773,4.493836,3500.893,11
46774,6.705941,17895.083,29
46776,4.444134,1662.988,8
46777,5.067176,6746.492,27
46778,2.974342,134.375,5
46779,5.05313,1626.788,15
46781,3.462935,1005.369,8
46783,4.342376,6688.943,20
46784,5.102135,2854.513,14
46785,3.164224,1568.623,3
46787,4.378377,4330.642,22
46788,4.175013,3472.28,9
46791,3.690226,719.39,11
46792,4.771958,3589.884,16
46793,5.00008,4123.767,16
46794,4.799384,1493.381,10
46795,4.415769,6213.867,21
46796,3.659335,23.096,3
46797,3.812651,4314.871,11
46798,3.781846,1614.352,13
46799,3.450507,339.99,6
46802,15.021704,9087.922,26
46803,13.882464,10172.505,23
46804,9.278643,28168.269,23
46805,14.056243,20661.01,32
46806,12.462844,25533.079,38
46807,13.271226,16951.09,30
46808,12.400928,18070.948,24
46809,12.196638,8129.943,21
46814,6.319721,12319.711,21
46815,10.472682,26546.08,32
46816,9.143738,19436.526,36
46818,6.509023,22245.485,37
46819,6.884936,9036.534,15
46825,11.394907,29189.055,33
46835,7.857077,34436.567,34
46845,6.602715,23624.315,21
46850,14.990991,38.888,2
46851,14.990991,44.073,2
46852,14.990991,43.425,2
46853,14.990991,64.165,2
46854,14.990991,53.795,2
46855,14.990991,42.129,2
46856,14.990991,52.499,2
46857,14.990991,40.832,2
46858,14.990991,46.666,2
46859,14.990991,53.147,2
46860,14.990991,27.87,2
46861,14.990991,33.055,2
46862,14.990991,69.998,2
46863,14.990991,76.48,2
46864,14.990991,60.276,2
46865,14.990991,88.146,2
46866,14.990991,109.535,2
46867,14.990991,82.313,2
46868,14.990991,86.202,2
46869,14.990991,83.609,2
46885,10.887263,952.644,3
46895,13.376203,1020.529,5
46898,8.159362,1020.201,2
46899,14.520078,547.413,3
46901,7.37306,35602.18,55
46902,6.78861,29907.66,39
46903,10.215646,873.534,3
46904,7.15737,1476.179,3
46910,6.228861,3116.777,16
46911,4.599503,1398.288,13
46913,5.017721,1197.944,8
46914,3.324391,2752.333,10
46915,4.007232,761.973,2
46916,3.155716,31.472,3
46917,3.159665,1777.837,6
46919,4.356196,2866.72,23
46920,3.734479,953.537,10
46921,3.862034,44.165,5
46923,5.8369,7843.442,23
46926,3.866051,1598.175,13
46928,5.874945,4780.943,24
46929,6.211051,3068.001,14
46930,5.945714,241.541,6
46931,4.19703,1.832,3
46932,4.739692,3272.416,22
46933,7.584253,6132.821,13
46936,5.031242,5766.471,12
46938,4.370153,2521.79,16
46939,3.467451,1979.389,13
46940,3.98377,2573.519,15
46941,3.484747,1269.734,3
46943,4.204709,225.598,4
46946,4.204709,163.507,9
46947,6.877139,28478.848,44
46950,3.212315,715.642,13
46951,4.008787,2345.054,15
46952,6.890684,20542.686,37
46953,8.247279,22919.036,43
46957,7.692548,627.266,4
46958,4.675417,477.555,9
46959,3.318462,311.593,5
46960,4.158855,1045.115,12
46961,3.857467,110.575,3
46962,6.881037,9179.765,21
46967,3.857467,91.061,3
46968,4.392848,144.069,6
46970,6.271022,24402.45,55
46971,6.333333,2.23,1
46974,4.491366,1512.467,13
46975,6.391816,14265.817,36
46977,3.194565,80.405,6
46978,4.404586,2039.58,17
46979,4.275892,5031.772,25
46980,4.204709,57.952,4
46982,4.063555,2949.08,20
46984,3.949067,2.157,4
46985,4.312829,1459.741,14
46986,4.598442,1762.797,10
46987,3.848322,3.149,4
46988,3.451555,717.681,7
46989,7.489298,4459.179,18
46990,3.91856,602.832,11
46991,4.509653,1618.875,13
46992,6.93433,16422.241,29
46994,4.593596,2397.978,10
46995,4.509933,28.671,4
46996,6.381402,7027.335,18
46998,4.849869,186.522,3
47001,5.817136,6631.489,15
47003,4.477799,919.766,7
47006,6.976101,9153.848,22
47010,3.864857,279.531,7
47011,2.669289,1292.131,9
47012,5.782557,9911.408,16
47016,3.625111,913.788,4
47017,5.21464,679.581,10
47018,4.421337,1535.009,17
47020,3.16504,888.814,3
47021,5.519247,2.356,4
47022,4.482937,2358.848,9
47023,3.197142,1680.953,7
47024,3.589444,3195.014,12
47025,5.689833,15525.023,17
47030,4.205025,1424.822,9
47031,5.430437,3626.701,15
47032,3.293284,3031.512,8
47034,5.074204,103.178,4
47035,3.625111,263.5,4
47036,6.784444,774.079,3
47037,5.075196,4391.527,13
47038,3.167196,1559.132,6
47040,3.97751,5098.172,9
47041,3.539228,2785.945,14
47042,5.539844,4356.895,10
47043,4.818744,5610.396,11
47060,4.110095,2927.917,8
47102,4.93134,6811.794,14
47104,2.758966,102.218,4
47106,4.987333,4558.358,15
47108,3.815225,2323.586,14
47111,5.92641,15427.648,16
47112,5.730717,6929.624,9
47114,3.94829,25.202,3
47115,3.482881,1627.556,4
47116,5.137458,937.089,3
47117,3.652537,657.234,5
47118,4.87143,3204.243,18
47119,5.891134,11343.105,18
47120,4.481886,100.953,8
47122,5.767669,9302.106,18
47123,5.140997,139.035,6
47124,4.947868,4702.403,10
47125,3.720274,1559.579,11
47126,4.869996,4716.165,14
47129,12.682675,16654.654,17
47130,10.313841,40563.9,37
47131,15.457091,1982.367,5
47135,3.94829,98.709,3
47136,4.155141,4193.408,12
47137,5.133846,1298.196,7
47138,3.240479,4918.887,15
47140,5.26059,2505.346,9
47141,2.866655,1610.958,11
47143,5.11002,3230.921,13
47145,5.763323,1823.64,10
47147,2.94833,1097.861,12
47150,9.51244,46896.223,54
47151,13.714646,1217.164,3
47160,3.94829,201.618,3
47161,3.482881,1032.726,4
47162,2.758966,962.181,4
47163,4.781495,1417.013,12
47164,3.498818,3357.457,6
47165,3.437513,1487.293,14
47166,3.482881,253.119,4
47167,5.758511,14510.823,18
47170,5.63684,14198.748,25
47172,7.079084,17769.268,28
47174,5.150194,137.531,3
47175,4.980786,900.917,5
47177,4.436904,1374.575,15
47201,7.051941,37199.844,52
47202,10.245159,1232.172,4
47203,6.490559,26842.515,28
47220,6.906525,5451.639,11
47223,4.07048,1691.715,6
47224,3.500469,714.892,10
47226,5.135881,183.114,5
47227,2.983089,1481.348,12
47229,4.677049,3323.895,12
47230,3.064237,2248.953,15
47231,3.602357,905.26,11
47232,3.609354,2765.381,11
47234,3.446898,1344.075,8
47235,2.719257,1350.185,4
47236,4.121246,173.87,5
47240,6.321217,21847.067,42
47243,5.589261,5881.159,19
47244,4.408776,453.621,16
47246,5.013975,4783.847,13
47247,4.979343,208.143,8
47250,6.730355,21695.053,33
47260,3.533217,1367.58,11
47264,3.02395,1422.968,15
47265,5.052217,19971.734,17
47270,2.84417,777.532,8
47272,4.933389,1979.268,14
47273,4.042873,1835.268,13
47274,7.318743,22179.184,45
47281,3.64864,1724.489,8
47282,4.075472,13.015,3
47283,3.795948,3838.939,17
47302,7.471261,24688.3,45
47303,9.057867,19289.032,42
47304,8.920314,25513.719,29
47305,10.161509,2581.092,13
47307,10.625813,1201.351,5
47308,10.912859,785.049,3
47320,5.243205,3737.187,13
47324,3.613614,196.913,3
47325,5.463881,752.548,10
47326,3.175267,2168.473,17
47327,6.588774,5255.389,22
47330,5.574389,5314.452,10
47331,5.99758,22535.974,38
47334,5.826668,3127.529,16
47336,6.230394,3444.938,19
47337,4.964905,4.779,4
47338,5.679844,2550.38,12
47339,3.22234,541.899,7
47340,4.9109,3024.978,13
47341,3.645509,1936.097,10
47342,6.491719,128.588,11
47345,3.787389,1468.506,9
47346,5.752362,4104.137,14
47348,7.38432,9206.258,21
47351,3.134887,329.197,4
47352,4.671176,765.281,10
47353,5.701963,5584.37,14
47354,3.768975,1232.503,11
47355,4.288742,2653.831,11
47356,5.707665,5727.121,17
47357,4.841256,902.703,17
47358,4.208086,938.539,7
47359,5.101732,3038.518,12
47360,3.289532,1458.285,10
47362,6.819039,29595.232,40
47366,4.964905,2.39,4
47368,5.076561,2067.199,19
47369,2.980245,1029.635,7
47370,6.97395,19.115,6
47371,5.480602,12549.942,20
47373,4.429627,2215.745,10
47374,7.38829,37756.241,42
47375,10.752709,1491.394,3
47380,3.393419,1952.498,13
47381,2.412855,145.874,3
47382,3.206949,2.147,3
47383,5.291751,4.864,5
47384,3.727531,2125.933,16
47385,4.949337,1444.716,12
47386,3.257072,1433.38,10
47387,4.925829,781.597,7
47388,3.134887,4.51,4
47390,5.960767,5180.977,14
47392,3.681773,22.011,3
47393,3.274157,1360.897,13
47394,5.754892,8457.937,26
47396,6.375838,4648.874,8
47401,12.193252,43215.44,43
47402,15.030508,1622.84,4
47403,8.829962,31376.879,41
47404,10.953506,23203.056,41
47405,16.333333,23.716,15
47406,16.232515,826.622,16
47407,12.474526,1900.607,4
47408,13.345418,21780.682,22
47421,6.987098,19703.312,23
47424,5.041942,9026.65,26
47426,7.99198,537.122,3
47427,4.101016,119.72,4
47429,5.573517,7668.152,11
47431,3.810381,705.494,3
47432,4.736469,4582.519,16
47433,3.997747,4130.165,18
47436,4.076018,1352.389,9
47438,7.009589,4043.063,13
47441,7.138853,9528.887,19
47443,4.236791,1159.246,9
47445,8.341111,1.145,3
47446,8.565215,3300.578,13
47448,4.714064,4544.449,12
47449,4.267489,818.743,17
47452,6.493011,4512.709,13
47453,3.581349,593.901,4
47454,5.025822,7774.067,19
47456,4.097848,862.583,12
47457,4.20555,58.381,13
47459,3.005517,3334.03,13
47460,5.263032,8754.405,22
47462,3.730521,1780.94,16
47464,3.341282,37.152,4
47465,5.190916,684.343,8
47468,3.731625,435.558,3
47469,5.15454,1798.52,7
47470,3.921214,239.816,3
47471,5.416205,2217.578,11
47501,7.763724,17992.134,19
47512,7.492006,3910.576,13
47513,4.471877,2242.443,13
47514,4.014677,390.422,4
47515,4.014677,942.828,4
47516,4.009772,142.789,8
47520,4.514432,3600.93,17
47521,4.269945,878.528,4
47522,3.921214,245.811,3
47523,2.926604,946.503,4
47524,5.750658,575.649,4
47525,3.765539,603.642,7
47527,4.31058,1951.832,11
47528,4.019672,743.19,4
47529,7.245094,983.806,13
47531,4.068244,808.124,3
47532,4.333758,136.683,13
47535,4.019672,453.012,4
47537,3.602928,974.841,7
47541,3.21969,46.263,7
47542,6.712029,8040.443,17
47545,5.410921,2.161,4
47546,6.451093,12883.6,17
47547,8.902123,839.736,4
47550,4.068244,411.604,3
47551,4.007707,770.585,7
47553,7.460067,5060.323,10
47557,3.975696,1324.392,4
47558,5.247368,294.738,7
47561,3.997272,226.175,7
47562,7.313375,3074.597,13
47564,3.778355,1409.445,10
47567,6.75785,6032.233,13
47568,3.56256,776.688,8
47573,3.992746,70,8
47574,3.169388,287.524,3
47575,4.316474,925.666,9
47576,4.361367,511.193,7
47577,4.014677,650.012,4
47578,4.068953,745.583,9
47580,4.269945,251.31,4
47581,3.864021,4435.837,9
47584,5.220218,116.626,4
47585,3.590297,413.515,7
47586,7.492284,10613.444,17
47588,3.60269,698.867,14
47590,3.848135,679.337,7
47591,8.476393,22329.721,29
47596,4.019672,212.936,4
47597,3.975696,1000.794,4
47598,4.787118,3256.086,10
47601,3.569855,1520.292,19
47610,6.566629,4246.176,5
47611,3.921151,1149.461,6
47612,4.941269,629.803,11
47613,5.01265,2661.408,11
47615,4.067448,1452.532,6
47616,4.984352,378.478,9
47619,4.577094,1878.815,17
47620,6.223659,13353.84,18
47630,6.766377,13885.48,13
47631,4.998305,2046.561,11
47633,4.89515,2541.343,16
47634,5.140795,2294.73,6
47635,6.829774,5753.238,11
47637,3.027765,1556.704,7
47638,4.674105,3654.14,13
47639,3.997463,269.779,11
47640,3.617752,1124.624,6
47647,6.36752,45.012,5
47648,6.06415,178.876,8
47649,4.168426,1378.854,12
47660,6.249801,4945.321,23
47665,5.222997,3429.417,7
47666,3.497506,1367.042,10
47670,7.306866,12692.285,22
47701,12.333333,11.862,1
47702,12.333333,24.802,1
47703,12.333333,30.913,1
47704,12.333333,30.194,1
47705,12.333333,29.475,1
47706,12.333333,47.448,1
47708,12.333333,248.384,3
47710,9.363052,15087.992,18
47711,8.259436,17149.812,29
47712,6.180679,17660.481,27
47713,8.937117,7709.111,16
47714,8.304906,32085.177,47
47715,8.527687,9248.7,21
47716,9.449726,1032.719,4
47720,6.006423,5700.52,13
47724,9.238303,1126.193,4
47725,3.948775,154.528,4
47728,9.189138,1431.777,3
47730,12.333333,16.176,1
47731,12.333333,28.397,1
47732,12.333333,12.94,1
47733,12.333333,8.627,1
47734,12.333333,15.457,1
47735,12.333333,7.189,1
47736,12.333333,31.632,1
47737,12.333333,11.143,1
47802,9.655961,18433.495,30
47803,11.692243,15008.137,40
47804,13.769223,11009.869,19
47805,5.923711,12616.941,14
47807,14.899861,9244.752,22
47832,3.38831,969.811,8
47833,3.971902,586.72,11
47834,6.677019,19363.486,32
47837,3.894543,594.531,6
47838,3.602546,210.095,12
47840,3.938299,1558.982,8
47841,4.099472,2195.906,8
47842,6.467941,9845.775,19
47845,4.101016,170.749,4
47846,4.022816,664.251,7
47847,4.333577,1348.3,3
47848,4.05854,1217.223,6
47849,3.565322,405.885,3
47850,3.626618,628.635,7
47854,4.333577,983.738,3
47857,7.967172,166.479,7
47858,4.11998,536.014,11
47859,3.369066,755.719,4
47860,4.166766,353.87,4
47861,3.565322,662.35,3
47862,4.125684,1051.418,8
47863,4.040952,15.379,4
47866,4.043104,361.178,7
47868,3.042655,2423.538,11
47871,4.146741,182.408,3
47872,6.476985,6362.892,19
47874,4.208145,2584.673,13
47876,4.040952,149.393,4
47879,3.620168,346.348,9
47882,3.718029,1948.37,5
47884,5.394376,2.436,3
47885,6.286064,9443.311,14
47901,14.972119,4326.84,15
47902,15.242298,892.228,3
47903,14.668886,1933.323,3
47904,14.740063,16923.021,31
47905,9.476084,34213.028,52
47906,11.020258,35265.349,36
47909,9.582359,28143.287,24
47916,3.994318,138.564,4
47917,4.43188,486.675,7
47918,7.432,4901.261,18
47920,3.927998,2553.735,14
47921,4.681077,1085.807,11
47922,5.15642,1554.258,12
47923,4.536145,3329.108,12
47924,3.779109,176.299,6
47926,3.780487,1005.882,10
47928,4.963231,1806.737,7
47929,4.290379,564.069,9
47930,2.413222,1071.163,10
47932,5.918297,5309.858,19
47933,6.575237,28689.169,46
47940,3.572618,1478.281,3
47941,3.08617,1192.83,2
47942,4.785347,714.119,10
47943,4.314929,786.201,11
47944,8.404355,3552.522,18
47946,5.00773,1569.087,18
47948,5.20045,1534.234,10
47949,5.15093,1208.593,17
47950,3.689291,783.466,7
47951,7.242078,2260.727,6
47952,3.176592,2830.733,8
47954,4.550961,2275.235,14
47955,4.055706,886.089,10
47957,3.98068,1626.799,11
47958,5.742026,216.714,8
47959,4.781964,2791.749,21
47960,5.952936,12206.154,25
47963,4.936144,2085.384,6
47964,4.933168,2.045,3
47965,5.17956,373.515,3
47967,4.061968,562.868,7
47968,4.411865,1066.919,13
47969,4.175451,32.476,3
47970,4.441315,1142.757,10
47971,4.618888,1876.352,11
47974,5.053109,1245.137,4
47975,4.575018,20.985,4
47977,5.439641,2695.438,14
47978,6.44122,11026.572,25
47980,4.287605,1063.43,6
47981,2.413717,1091.462,10
47983,2.342892,16.457,3
47986,4.575018,68.203,4
47987,5.408632,3818.826,16
47989,3.819551,1188.632,15
47990,4.864861,1449.311,21
47991,3.950834,928.205,4
47992,3.376022,1360.755,11
47993,3.950834,1894.49,4
47994,4.290833,684.832,12
47995,4.241556,1641.943,13
47996,13.830368,1418.66,4
47997,4.094138,119.139,2
48001,6.274408,11820.962,15
48002,3.469733,3216.996,4
48003,6.257498,6433.171,10
48004,6,49.663,1
48005,5.178333,5497.414,3
48006,2.437158,3949.883,5
48009,9.405054,19673.971,23
48012,11.240906,1360.733,3
48014,4.605029,4179.503,11
48015,7.830453,8298.942,8
48017,9.590032,12042.976,19
48021,8.855279,32533.583,39
48022,3.672462,2607.418,4
48023,5.385096,5085.446,10
48025,7.553493,14986.194,29
48026,7.212165,14638,13
48027,3.114856,3187.244,5
48028,4.335759,1097.539,6
48030,9.820355,16592,21
48032,3.310582,2169.79,14
48033,7.856643,16425.76,26
48034,7.635722,12357.237,20
48035,7.727605,34517.516,29
48036,7.752917,14890.591,25
48037,7.469805,1603.219,3
48038,8.404916,25523,17
48039,6.987035,7594.523,9
48040,7.588082,9780.745,11
48041,4.470978,4758.27,4
48042,5.498755,1628.921,4
48043,7.785078,15491.202,26
48044,7.751255,20852,15
48045,6.279203,12170.48,22
48046,7.643112,865.483,2
48047,6.84798,23364.855,16
48048,3.054996,1118.742,2
48049,3.237526,5511.297,12
48050,3.061647,1756.885,5
48051,6.696163,12032.976,7
48054,4.491831,7189.535,6
48059,5.746751,15132,15
48060,7.738959,34182.417,40
48061,6.842445,1603.646,3
48062,8.165843,9328.496,7
48063,3.403868,4019.511,3
48064,4.627986,4050.244,7
48065,7.69365,11234.116,11
48066,7.388774,47616.863,58
48067,8.957822,23833.103,32
48068,12.229706,961.583,2
48069,7.663432,2424.282,4
48070,9.146676,2386.631,4
48071,8.826011,26200.768,30
48072,9.497083,15221.224,16
48073,7.60954,34563.279,57
48074,4.705424,9152.798,11
48075,10.579132,21871.595,33
48076,8.665176,25283.013,33
48079,6.78201,12094.097,10
48080,7.98006,22666.055,46
48081,7.304048,20726.405,31
48082,6.58749,16365.418,26
48083,8.915719,21413.326,19
48084,9.156988,15847.466,14
48085,7.753499,25544.702,22
48088,7.350368,20871.153,30
48089,8.927885,31346.083,52
48090,7.781116,1744.774,4
48091,8.547827,30406.176,43
48092,8.362401,24921.495,31
48093,8.201995,24482.597,29
48094,7.169342,12001.968,14
48095,6.771137,5740.884,6
48096,5.065024,3991.749,7
48097,5.758982,5073.188,12
48098,7.554408,19208.108,20
48099,8.86441,1823.178,3
48101,7.887597,25377.516,29
48103,10.559523,52321.329,60
48104,14.218969,41612.373,51
48105,10.341875,28471.271,39
48106,12.853283,1278.112,2
48107,19.166667,938.393,1
48108,10.582917,25726.998,40
48111,6.495249,25698.9,39
48112,7.100805,1860.972,2
48113,12.908459,1361.465,3
48114,6.176696,20416.25,21
48116,7.215843,27942.623,35
48117,4.898106,9779.976,16
48118,6.415743,12860.976,19
48122,8.936069,10421.285,16
48123,11.318982,614.65,2
48124,8.152398,24988.53,45
48125,7.842509,20399,26
48126,14.541179,45489.426,40
48127,10.014422,35337.031,46
48128,9.246236,10576.929,25
48130,4.715893,10551.274,14
48131,4.237031,495.167,12
48133,5.59237,5504.791,14
48134,6.769208,14075.887,22
48135,8.672777,24401.282,32
48136,7.747141,2283.433,4
48137,4.011624,5308.722,11
48138,6.029489,10179,9
48139,5.591893,251.835,2
48140,3.606403,3046.509,8
48141,6.853409,24615,27
48143,4.142734,41.843,4
48144,5.929211,10682.092,18
48145,4.348827,3484.914,11
48146,8.742894,36906.236,64
48150,8.353803,23906.946,38
48152,7.856892,30215.525,43
48153,10.333333,1033.478,1
48154,7.866314,32709.051,31
48157,5.485969,1390.178,4
48158,4.597142,7420.383,9
48159,3.571449,2538.456,9
48160,6.383752,9755.172,16
48161,7.179268,25979.052,31
48162,6.325963,27328.401,30
48164,5.334853,5207.354,20
48165,6.396252,8545.376,5
48166,3.840412,5813.963,16
48167,7.736902,17626.185,29
48168,7.947746,14768.262,17
48169,5.287239,14796.958,27
48170,8.426718,39984.992,46
48173,6.29373,12865.216,17
48174,6.392707,23656.651,36
48176,7.385273,15199.548,20
48177,4.535231,36.266,3
48178,6.853746,26390.382,21
48179,4.696843,2968.627,10
48180,7.595157,46729.789,43
48182,5.341433,21168.881,29
48183,7.703288,30943.712,31
48184,8.184062,17294.759,21
48185,7.763832,42913.285,37
48186,7.333961,34255,33
48187,8.334426,49793.015,36
48188,7.620787,36460.99,18
48189,5.220617,7957.264,17
48190,2.974017,30.983,2
48191,3.913537,4125.735,7
48192,8.475228,25186.963,32
48193,8.245401,12133.436,14
48195,8.737329,25636,28
48197,9.437248,62623.712,47
48198,9.993575,39434.111,45
48201,14.576552,15951.312,27
48202,13.748075,13965.327,32
48203,12.310112,15225.972,42
48204,12.279169,18984.484,44
48205,12.6811,33498.775,66
48206,12.2697,14487.678,42
48207,15.657283,18166.785,26
48208,14.727676,7271.445,26
48209,13.415676,22869.522,21
48210,12.354489,25803.597,26
48211,13.269291,1913.043,16
48212,13.261046,29185.415,40
48213,12.102834,13900.999,43
48214,12.158088,18280.497,34
48215,11.980754,6963.229,19
48216,14.916122,5152.952,10
48217,11.854823,6887,15
48218,12.392239,7276.208,9
48219,12.218401,48045.094,57
48220,10.471408,22775.718,30
48221,13.250952,40722.298,55
48223,11.61136,19495.551,46
48224,12.412025,41745.243,66
48225,10.587056,14385.737,33
48226,18.308501,6042.952,6
48227,12.243988,41506.551,90
48228,12.255276,38943.806,61
48229,7.948947,7792.792,15
48230,11.279472,16537.639,21
48231,16.5,13.942,1
48232,16.5,77.233,1
48234,11.704151,28789.56,53
48235,13.117609,45199.261,73
48236,9.867108,29445.314,45
48237,9.386289,29849,27
48238,12.567285,26601.863,63
48239,9.68041,26587.607,29
48240,8.569442,18486.231,35
48242,5.833333,3.687,1
48243,19,868.867,2
48244,16.5,122.086,1
48301,7.571031,14860.386,21
48302,8.080867,16045.222,30
48303,6.413704,1019.399,8
48304,6.930365,14767.587,24
48306,6.696622,27049.342,25
48307,8.115431,42738.855,42
48308,8.691543,1239.138,4
48309,6.995217,27273.412,22
48310,8.434064,38964.865,26
48312,7.042863,34847.93,25
48313,7.366966,25817.07,22
48314,7.792217,9906.356,11
48315,8.32111,19641.875,11
48316,7.513244,20085.662,21
48317,7.48173,26645.987,26
48318,7.746969,2023.064,6
48320,9.734809,4716.625,11
48321,7.593487,1998.357,5
48322,7.693309,31755.151,28
48323,7.438768,17503.62,35
48324,6.979995,16565.951,20
48325,9.321585,1011.887,3
48326,7.402407,15301.317,28
48327,6.668685,21628.315,35
48328,7.229711,26015.815,30
48329,6.841445,20464.232,35
48330,9.437202,1129.878,4
48331,7.654632,21186.284,18
48332,10.587026,879.685,3
48333,7.449074,1024.116,3
48334,8.322004,18640.363,24
48335,7.239115,11162.656,21
48336,8.097986,25409.518,26
48340,7.151631,20219.494,23
48341,7.875966,15458.194,38
48342,7.542583,17254.585,33
48343,7.67738,1808.037,5
48346,7.583132,22402.917,32
48347,10.112257,967.508,2
48348,5.676719,24963.028,26
48350,5.458357,7527.851,20
48353,6.626153,6594.581,7
48356,6.296867,7620.294,15
48357,6.082276,9424.227,9
48359,7.353699,8897.935,14
48360,6.85428,12744.542,15
48361,6.129579,933.1,3
48362,7.28961,15457.916,24
48363,5.788803,6839.64,10
48367,5.134125,4890.117,6
48370,5.097778,1707.097,7
48371,6.122722,24620.512,30
48374,6.59455,5014.045,2
48375,7.742936,13962.299,13
48377,8.537621,16542.49,13
48380,5.402997,7955.353,10
48381,8.00167,13378.874,16
48382,7.403791,23597.083,25
48383,6.057555,13348.968,12
48386,6.398655,17841.765,22
48387,6.976012,1042.725,2
48390,8.468261,24007.619,26
48393,6.26006,12104.077,15
48401,4.66779,1299.68,23
48410,2.907753,37.726,4
48411,4.701449,207.786,3
48412,3.195802,5860.459,8
48413,7.027438,6948.688,19
48414,3.870711,2457.028,13
48415,4.196325,9245.423,18
48416,4.294508,5419.233,15
48417,3.367965,2918.753,10
48418,2.974624,4313.392,11
48419,4.667155,2322.281,13
48420,5.751721,15200.953,39
48421,3.645885,7117.132,22
48422,4.460865,6348.971,16
48423,5.903502,24803.388,34
48426,2.929352,917.617,8
48427,4.573248,2892.664,17
48428,5.064346,4747.466,14
48429,5.635081,8767.52,20
48430,5.555434,24687.6,38
48432,4.326199,536.721,8
48433,5.737146,25598.033,37
48434,3.260753,65,2
48435,3.41021,2094.38,14
48436,3.80027,3415.194,17
48437,5.978207,595.152,3
48438,5.603419,6618.026,7
48439,6.359147,39159.283,40
48440,3.542324,393.335,3
48441,5.631219,4081.688,12
48442,6.295036,20236.846,35
48444,5.5277,9234.147,23
48445,4.308807,1083.574,9
48446,5.643977,29136.954,32
48449,3.988131,3292.578,14
48450,4.951221,4902.837,10
48451,5.831868,14962.248,17
48453,4.955334,4941.026,19
48454,3.665683,1232.496,7
48455,5.100977,8001.58,21
48456,3.78547,779.834,13
48457,5.007479,7776.83,19
48458,8.101415,19060.743,31
48460,3.987413,2225.011,14
48461,4.143343,7711.774,14
48462,5.673289,12999.908,28
48463,3.774746,4527.933,12
48464,2.952003,2170.18,15
48465,3.673806,569.31,9
48466,3.626105,1375.944,11
48467,5.548974,2546.709,8
48468,3.773173,1387.219,2
48469,4.057532,1380.886,5
48470,4.750301,708.196,12
48471,7.305633,5484.96,26
48472,3.018966,1668.055,11
48473,5.741404,20563.432,26
48475,4.047015,2641.912,11
48476,5.621072,659.481,3
48480,12.301987,720.923,2
48501,16.45906,1577.343,3
48502,16.45906,498.255,3
48503,13.410353,26326.597,61
48504,11.489697,26306.872,65
48505,11.766548,20108.467,60
48506,9.375732,28885.378,41
48507,10.576381,32956.467,76
48509,6.989166,8791.325,11
48519,7.377535,7847.318,14
48529,12.229464,9783.044,11
48531,12.332426,887.966,2
48532,9.668798,19558.633,33
48601,6.454145,29006.01,48
48602,7.72256,29836.86,54
48603,7.746053,13622.917,22
48604,7.664873,11422.747,24
48605,10.495538,760.23,2
48606,10.495538,180.077,2
48607,9.340203,1346.513,9
48609,5.854787,12079.043,11
48610,3.482002,3202.191,9
48611,6.545648,5047.833,12
48612,4.314804,9641.127,29
48613,3.08064,1078.526,9
48614,3.125613,1293.855,9
48615,4.112529,2992.078,14
48616,5.606643,7124.012,21
48617,6.008978,7964.841,19
48618,4.329242,5144.782,20
48619,5.34106,598.223,4
48620,2.552244,27.794,2
48621,5.639777,1101.932,4
48622,5.282388,6094.17,14
48623,4.849462,4443.109,25
48624,4.916949,12648.186,30
48625,4.178213,9963.522,20
48626,4.569086,5672.367,16
48627,6.333333,277.406,1
48628,3.249817,1976.78,11
48629,6.301619,4729.631,9
48630,7.940252,153.928,4
48631,7.407858,424.418,3
48632,4.791009,5612.687,14
48633,5.056562,1.18,2
48634,4.275416,2768.36,7
48635,4.191418,1691.98,8
48636,4.928203,908.801,5
48637,4.575862,3333.832,21
48638,6.873471,11563.053,19
48640,6.141011,28550.548,37
48641,9.986501,1028.383,4
48642,6.316643,18711.4,40
48647,5.074466,3791.659,11
48649,4.006807,1709.963,16
48650,5.261281,7125.478,14
48651,5.633181,3605.131,13
48652,3.230297,1205.832,13
48653,4.766105,7596.686,16
48654,5.268885,2187.735,12
48655,4.556447,5981.469,16
48656,5.313586,4170.191,10
48657,4.060687,6903.523,13
48658,5.378077,5024.299,16
48659,3.923318,2428.942,13
48661,5.673617,10308.725,15
48662,4.2364,1377.273,11
48701,3.955819,1420.346,11
48703,5.261102,3141.096,6
48705,3.964331,547.473,5
48706,7.969019,39036.832,43
48707,12.666667,776.688,1
48708,8.854664,25681.079,40
48720,6.064656,967.476,4
48721,5.809888,470.926,4
48722,4.673639,2993.232,11
48723,5.827581,11634.081,29
48724,7.193736,1265.693,9
48725,6.046347,1950.548,11
48726,4.977763,5766.484,26
48727,2.319933,1179.856,5
48728,4.109617,433.372,7
48729,3.717796,1469.27,11
48730,8.86861,2865.998,4
48731,4.507996,1733.501,10
48732,6.634039,11198.356,19
48733,3.767977,1901.838,10
48734,4.461743,545.715,11
48735,5.48853,892.214,17
48737,3.603666,1036.316,5
48738,3.751597,1534.382,7
48739,4.561338,3916.679,14
48740,5.492246,2311.229,4
48741,3.480655,1945.325,15
48742,4.654894,1540.294,9
48743,4.515983,62.63,2
48744,3.622509,4472.919,17
48745,4.543327,1130.718,4
48746,3.634652,8327.55,23
48747,4.869693,1281.717,14
48748,5.068519,1665.906,7
48749,4.359051,1081.114,12
48750,6.793021,5910.859,13
48754,5.476378,882.244,12
48755,6.301649,3074.665,10
48756,4.45815,766.293,9
48757,4.616555,3731.623,18
48759,6.532213,3263.107,13
48760,2.537083,1390.962,5
48761,4.670577,507.229,8
48762,3.735927,794.955,9
48763,5.709453,3791.398,12
48765,3.97987,732.684,11
48766,3.536783,949.986,17
48767,4.117294,2114.091,13
48768,4.895848,9419.184,23
48770,4.390253,1749.963,8
48801,7.425108,12359.576,19
48804,8.628661,1577.976,3
48806,3.08972,1566.576,12
48807,3.192662,833.898,10
48808,5.563572,4112.38,7
48809,6.576613,7686.74,27
48811,4.378017,4180.918,11
48813,5.506061,21052.185,44
48815,4.287461,47.535,7
48816,4.101749,14.469,2
48817,6.822884,6121.744,17
48818,3.014596,2634.014,14
48819,3.802442,2827.951,14
48820,6.328805,18214.941,26
48821,4.988004,5499.387,13
48822,5.401669,3407.961,9
48823,12.773289,46570.734,57
48824,10.5,29.798,8
48825,13.411028,7330,6
48826,14.600514,1608.762,3
48827,4.7173,16172.835,27
48829,5.128304,3299.383,13
48830,3.084582,18.611,4
48831,5.257035,3663.912,15
48832,3.114527,1328.334,8
48834,4.251727,1967.91,8
48835,4.159068,2804.553,10
48836,4.899842,13810.47,17
48837,6.223419,18894.111,32
48838,6.50052,18740.996,22
48840,8.431615,11799.363,19
48841,3.729248,823.777,12
48842,8.754166,19526.033,23
48843,5.924004,35908.158,36
48845,3.604563,347.004,10
48846,5.186349,19268.251,15
48847,5.856589,6173.13,24
48848,4.004374,7902.146,14
48849,5.361389,5495.976,19
48850,5.507406,3258.799,11
48851,5.155745,1017.757,6
48852,5.397821,4.705,3
48853,3.089548,296.032,2
48854,7.900634,19705.023,35
48855,5.142594,15590.825,14
48856,4.389123,881.07,8
48857,3.999807,1103.006,10
48858,7.195157,35003.707,38
48861,4.342708,1581.083,10
48862,3.001472,80.756,4
48864,8.591386,7404.759,20
48866,5.120476,4808.684,18
48867,6.616691,27328.998,43
48871,4.242984,2063.98,6
48872,4.074537,2514.444,21
48873,3.830344,399.143,6
48874,4.171352,170.986,8
48875,5.195837,10379.89,17
48876,5.790536,3990.61,11
48877,3.436363,2473.035,11
48878,4.303801,1555.892,9
48879,6.56413,17869.46,36
48880,6.084302,6334.682,15
48881,4.934022,947.553,4
48883,4.103078,6881.804,18
48884,4.417111,4578.763,15
48885,4.736234,885.541,12
48886,4.677079,2213.752,7
48888,4.848876,6167.085,24
48889,3.596007,1374.32,12
48890,4.652929,1960.256,14
48891,4.030576,2914.787,14
48892,4.803428,4733.607,17
48893,4.73008,5548.079,11
48894,5.277701,1986.661,7
48895,6.060175,11446.637,18
48896,3.572992,2.419,4
48897,5.539108,1478.063,11
48901,12.631259,1394.862,4
48906,11.303898,25277.817,48
48908,13.726161,809.448,2
48909,11.398093,1065.629,3
48910,12.847419,34226.234,59
48911,10.51593,36019.702,40
48912,13.928294,19253.557,35
48915,13.528402,8284.1,17
48917,11.370659,27333.634,34
48933,13.697378,3146.794,17
49001,7.936229,12724.485,30
49002,6.764713,14465.552,35
49004,6.187781,15291.959,39
49005,12.166667,722.215,1
49006,7.113025,16080.508,22
49007,8.719836,8787.136,21
49008,7.366895,13540.493,30
49009,4.899656,7126.137,17
49010,6.461946,10203.153,18
49011,4.727412,2190.912,19
49012,5.355543,3225.257,13
49014,5.698982,21556.567,35
49015,7.419994,21214.885,30
49016,9.359868,1301.171,2
49017,5.875512,21267.418,40
49019,7.077547,1470.395,4
49021,3.474964,6402.948,20
49022,6.793702,29782.035,40
49023,9.564612,1189.788,2
49024,7.069932,25718.05,25
49028,5.863792,6173.352,15
49029,4.498874,1565.402,11
49030,3.6146,1844.086,11
49031,4.930079,7119.744,20
49032,2.815006,1321.057,6
49033,4.191153,1765.529,14
49034,3.748975,2487.564,21
49036,6.419635,18629.482,34
49037,6.486327,20356.982,34
49038,4.418595,3007.256,16
49040,3.969094,503.69,12
49041,7.077547,592.994,4
49042,4.303336,4948.464,13
49043,4.510897,2226.442,7
49045,4.004492,1503.785,15
49046,4.412934,2186.592,10
49047,4.94561,6637.38,17
49048,6.41912,16774.749,29
49050,2.936587,1459.01,7
49051,4.127483,2232.502,11
49052,3.937849,1005.764,11
49053,5.253549,7200.926,16
49056,5.23458,110.897,3
49057,5.318043,6105.881,16
49058,3.506768,4294.688,15
49060,5.043623,1119.649,8
49061,4.039015,653.835,10
49064,4.090353,3035.28,9
49065,2.666667,70.274,1
49066,4.191134,597.471,4
49067,3.168319,781.473,8
49068,6.115689,14591.323,21
49070,4.322724,2522.016,11
49071,6.45751,3288.479,2
49072,4.076947,2181.095,17
49073,4.708738,5147.007,18
49076,4.374894,4541.338,10
49078,6.085447,8944.551,18
49079,6.426095,2208.178,7
49080,5.519607,15504.407,28
49081,7.324137,1552.223,3
49082,3.793448,6087.689,21
49083,5.51865,1282.958,12
49084,4.392854,1.701,4
49085,6.828435,18507.817,22
49087,4.503278,5131.761,8
49088,3.599064,3775.736,10
49089,4.446041,1706.553,8
49090,7.105056,11323.435,16
49091,6.192721,19302.226,24
49092,3.78873,2145.284,13
49093,5.37104,18415.017,28
49094,4.659658,3980.232,16
49095,3.64743,1935.082,8
49096,4.141371,3107.111,8
49097,4.838988,11017.039,24
49098,5.683491,5744.956,24
49099,4.607293,5147.12,15
49101,4.876765,2758.934,13
49102,4.549574,1332.509,3
49103,6.02608,12047.481,24
49104,6.794254,2.654,9
49106,2.353659,13.272,2
49107,5.884575,9988.389,24
49111,3.509394,3370.238,10
49112,3.583714,5604.308,9
49113,3.658476,1863.167,6
49117,5.940974,19.607,3
49119,2.353659,98.59,2
49120,6.354336,30491.083,37
49125,2.353659,654.104,2
49126,4.648406,942.535,4
49127,6.51689,10633.522,15
49128,5.549073,2692.763,7
49129,5.940974,14.26,3
49130,3.867467,1748.437,6
49201,5.068181,22309.783,77
49202,7.381294,14019.914,32
49203,7.258825,31742.208,39
49204,12.333333,597.544,1
49220,5.13538,1880.968,9
49221,7.869759,27769.449,33
49224,5.656422,14098.956,30
49227,4.438259,1103.328,11
49228,5.595024,5326.27,16
49229,3.318442,2595.912,13
49230,4.20726,6278.302,18
49232,3.341111,3030.29,7
49233,5.167997,1090.511,8
49234,4.739455,2496.142,5
49235,3.333187,1990.257,15
49236,5.874344,4917.7,16
49237,4.062718,1419.804,4
49238,3.732753,1497.179,12
49240,5.121987,7944.234,17
49241,3.333333,4.288,2
49242,6.137007,15055.838,34
49245,4.020252,4592.806,15
49246,4.325889,854.995,7
49247,5.380238,5523.122,23
49248,3.129574,919.243,3
49249,3.88759,804.025,4
49250,5.372661,5943.9,16
49251,4.426071,6448.23,20
49252,3.160098,2428.725,11
49253,4.914969,3681.171,12
49255,3.272912,1837.988,15
49256,4.659624,3905.313,8
49258,3.333333,94.338,2
49259,3.12849,2690.85,7
49262,4.087164,1137.735,5
49263,2.629482,64.743,3
49264,3.211542,2036.907,9
49265,4.639384,4638.284,11
49266,4.024767,3116.928,16
49267,4.979306,3963.478,13
49268,3.54943,1046.831,10
49269,4.357922,5815.077,14
49270,4.562319,5490.591,16
49271,3.923299,1899.253,11
49272,2.917271,2669.29,8
49274,4.277313,3503.631,20
49276,4.189115,931.731,15
49277,3.42313,3048.448,7
49279,3.513607,642.241,11
49283,6.131424,4073.988,6
49284,3.597563,3158.602,14
49285,3.88196,5948.386,20
49286,6.506062,11742.154,20
49287,4.148812,2058.408,8
49288,3.531584,1221.195,9
49289,9.605526,2.088,4
49301,6.27693,20434.951,27
49302,4.986085,8195.022,8
49303,3.537545,1025.878,9
49304,4.85389,4536.133,15
49305,4.781568,2257.408,7
49306,6.024641,11090.893,12
49307,8.095801,14092.342,20
49309,4.332074,2286.721,7
49310,3.741405,2008.342,10
49312,4.314094,139.292,3
49315,5.201474,3068.899,7
49316,4.910915,8865.346,10
49318,3.47888,1510.829,10
49319,5.430464,13705.862,15
49320,4.108483,408.655,5
49321,7.740489,16524.342,16
49322,4.295909,1027.447,8
49323,4.650838,96.435,3
49325,3.565445,1677.356,11
49326,4.041703,3945.254,12
49327,4.939009,7512.094,18
49328,4.569622,3708.103,6
49329,4.421659,1400.799,15
49330,3.631758,5865.426,18
49331,5.889412,15706.954,15
49332,4.330957,2842.457,6
49333,3.659694,1863.168,13
49336,5.52699,3241.854,5
49337,5.101618,12376.367,23
49338,4.688957,1628.587,10
49339,4.490429,2515.603,7
49340,4.777675,1733.422,15
49341,5.864595,23623.013,22
49342,4.13769,1562.067,8
49343,4.350207,5967.212,17
49344,4.86809,2399.698,8
49345,5.715626,10338.518,17
49346,5.097328,2889.788,9
49347,4.048909,1481.319,13
49348,4.139896,3230.855,13
49349,5.209464,8481.937,17
49401,5.370161,5969.154,8
49402,4.194246,1590.929,12
49403,3.586673,2350.521,13
49404,5.249539,8127.951,15
49405,4.890675,1527.161,8
49408,4.237826,8055.75,8
49409,8.489403,43.533,4
49410,3.810548,1819.222,4
49411,3.864688,1489.141,9
49412,5.674395,11369.445,25
49415,6.296287,6170.474,12
49417,6.778437,24069.229,19
49418,12.30743,16571.928,15
49419,5.242882,4799.699,10
49420,6.775238,5819.708,20
49421,4.148067,5509.726,16
49423,7.405088,36498.824,36
49424,5.647748,21716.376,30
49425,3.471694,3509.084,13
49426,5.999215,31847.491,20
49428,6.433416,24849.388,17
49431,7.019458,17355.824,22
49434,4.951559,143.292,3
49435,3.602592,1584.45,8
49436,5.854431,1573.217,6
49437,5.315988,6889.489,17
49440,9.85353,1428.215,18
49441,8.174659,27881.015,39
49442,6.579316,42161.503,46
49443,10.281946,1167.599,4
49444,7.417418,20724.679,35
49445,5.824789,21437.237,29
49446,4.957896,2226.707,7
49448,3.816053,3689.657,12
49449,5.886842,3271.115,9
49450,4.638343,358.853,9
49451,3.672524,6100.106,16
49452,4.953038,1938.109,9
49453,5.024825,324.489,3
49454,6.124538,4138.854,14
49455,4.660596,5380.588,15
49456,6.088956,19678.763,20
49457,4.183188,10600.096,27
49458,4.246327,9.828,2
49459,3.596782,1608.244,6
49460,4.723634,8957.477,11
49461,4.084321,3291.565,7
49464,6.667974,13609.815,15
49468,15.764092,501.107,3
49501,18.710497,794.08,2
49503,14.484218,34595.464,60
49504,13.548928,31992.845,33
49505,11.907931,26532.597,26
49506,12.873774,32440.59,45
49507,13.400081,37807.697,39
49508,9.618878,22640.942,36
49509,13.13863,24869.5,27
49510,15.059292,969.4,2
49512,7.821956,10258.625,17
49514,10.375779,1170.762,2
49515,7.776036,1709.39,3
49516,14.951879,1390.779,2
49519,11.246311,13192.002,13
49525,7.959488,29405.881,26
49534,11.00704,10054.332,15
49544,5.171771,2004.698,12
49546,9.048412,28620.808,27
49548,11.414053,33171.714,32
49588,7.312245,401.921,2
49601,6.758451,21742.395,33
49610,6.524615,479.802,2
49611,4.219161,1.911,2
49613,5.560741,836.584,5
49614,5.371439,2375.289,11
49615,4.629196,1122.664,5
49616,6.546689,1838.073,13
49617,6.96222,2120.449,7
49618,5.356953,650.452,8
49619,3.962912,1434.01,3
49620,4.994319,2545.641,7
49621,6.809478,503.082,2
49622,4.815075,2396.56,8
49623,4.752042,1018.851,7
49625,4.671347,1162.867,10
49626,10.798104,22.46,3
49627,5.194012,3.287,3
49628,6.339418,5.943,3
49629,6.672924,2063.223,4
49630,6.76891,817.626,4
49631,4.3548,4566.117,19
49632,4.165626,1256.959,3
49633,4.03088,4254.506,16
49634,10.798104,66.132,3
49635,7.376693,3752.004,7
49636,6.768449,446.52,2
49637,5.258182,3298.764,8
49638,5.859683,909.265,7
49639,5.254425,1201.754,17
49640,6.801147,1742.444,6
49642,4.826205,931.985,7
49643,5.30324,1040.059,10
49644,3.662251,2248.834,10
49645,4.615599,1714.33,12
49646,5.713156,7181.876,12
49648,5.917438,1592.61,7
49649,5.115704,4316.812,18
49650,6.778724,238.388,2
49651,6.4835,5004.069,9
49653,6.809478,1339.619,2
49654,6.789639,597.013,4
49655,4.062285,3271.54,15
49656,4.379606,1776.433,3
49657,5.548281,3423.036,10
49659,3.385164,1381.31,5
49660,6.933191,13967.724,26
49663,4.65103,4919.235,9
49664,6.768449,229.691,2
49665,3.853967,3853.017,22
49667,4.165626,485.554,3
49668,5.171461,3511.387,15
49670,5.132585,2214.924,4
49674,5.103553,1.389,2
49675,6.084706,1261.709,5
49676,6.672924,49.55,4
49677,6.247177,6392.471,22
49679,5.19272,201.109,9
49680,5.269038,1973.378,7
49682,5.103553,19.44,2
49683,5.121233,1187.77,14
49684,13.168393,8070.305,12
49685,7.554979,3572.951,7
49686,9.365769,18747.445,20
49688,3.941383,2751.278,22
49689,4.788071,1591.323,7
49690,5.469345,5877.234,16
49696,6.199186,3870.946,9
49701,4.805625,1032.35,5
49705,5.15114,666.238,6
49706,4.584014,1928.334,9
49707,6.947027,22018.025,31
49709,4.545798,3923.027,9
49710,4.716158,664.263,5
49712,6.177277,8153.342,12
49713,4.109804,2141.013,10
49715,4.071027,99.414,4
49716,5.137702,402.887,3
49718,4.873958,802.099,5
49719,6.320611,1213.096,6
49720,7.098662,8992.005,18
49721,6.47893,10520.1,20
49722,4.368065,6.74,3
49724,4.277393,1079.851,9
49725,5.802668,675.381,4
49726,6.156838,1048.142,2
49727,5.162513,7255.572,16
49728,3.553643,457.573,6
49729,5.025266,1490.337,6
49730,4.265171,1512.827,11
49733,5.318549,1919.353,11
49734,9.35875,1802.165,4
49735,5.908946,17655.735,18
49736,4.694042,698.541,2
49738,6.457001,9869.2,23
49740,7.968074,3005.587,8
49743,5.0501,879.417,6
49744,3.806639,556.635,5
49745,4.884662,908.144,4
49746,4.584132,2779.294,7
49747,3.628462,706.932,10
49748,3.541401,100.389,2
49749,5.184478,4235.486,11
49751,3.264123,2140.106,11
49752,4.927762,770.552,6
49753,3.806639,78.22,5
49755,4.769877,1328.692,5
49756,4.092136,3792.616,16
49757,7.034166,154.098,3
49759,4.425762,1737.848,8
49760,6.03462,959.586,9
49761,5.338317,1.275,2
49762,4.528892,707.093,4
49764,4.368065,1.685,3
49765,5.68792,3756.919,11
49766,5.131994,1880.257,8
49768,3.541401,390.99,2
49769,4.639578,240.738,6
49770,7.078839,16909.589,22
49774,4.513534,1649.011,8
49775,8.785725,737.947,4
49776,4.65525,1478.416,11
49777,4.569755,1793.598,5
49779,7.0397,3925.111,11
49780,4.087302,2042.849,6
49781,7.774918,3687.625,9
49782,7,562,1
49783,7.777173,17431.983,23
49788,5.925539,4331.025,4
49791,5.338317,54.843,2
49792,5.106255,1.524,3
49793,3.598528,176.49,6
49795,4.251234,2162.233,10
49796,6.166667,112.452,1
49797,4.774371,1.586,4
49799,5.169959,2417.701,6
49801,8.011365,10872.875,19
49802,7.374456,6321.688,11
49805,5.440498,308.707,8
49806,6.507689,775.158,2
49807,4.043481,3164.021,11
49812,4.885595,952.533,8
49814,4.033952,1209.266,5
49815,4.049014,415.587,2
49816,5.353662,423.813,4
49817,4.46118,423.458,4
49818,4.665882,1074.06,7
49820,5.201172,237.458,2
49821,4.75116,1332.359,8
49822,6.409516,233.713,6
49825,6.205752,223.795,4
49826,6.507689,2.078,2
49827,4.688419,886.422,4
49829,7.963633,16820.475,21
49831,3.785362,689.75,5
49833,4.9699,11.659,2
49834,3.558041,507.28,5
49835,5.038717,645.446,2
49836,4.350629,927.16,4
49837,7.093403,9750.135,12
49838,5.201172,501.465,2
49839,6.718694,217.175,3
49840,3.490909,801.772,2
49841,5.381462,7534.202,10
49847,4.676437,1025.257,3
49848,4.378115,115.401,5
49849,6.579534,12689.19,18
49852,3.084556,135.268,3
49853,5.098061,1216.821,8
49854,6.542984,6298.253,8
49855,8.146102,24528.041,28
49858,7.93997,11745.069,12
49861,5.359598,712.621,9
49862,6.466587,4716.387,7
49863,4.676437,117.229,3
49864,5.038717,76.419,2
49866,6.24334,7993.9,20
49868,7.078767,5157.723,8
49870,7.544177,3425.459,6
49871,6.154214,361.068,3
49872,3.628151,150.286,2
49873,4.652558,204.489,5
49874,4.799455,982.729,6
49876,7.411023,855.046,9
49878,4.417642,3600.011,12
49879,4.009077,1053.149,4
49880,3.940092,1065.367,8
49881,4.049014,314.414,2
49883,4.28933,97.553,5
49884,6.675447,525.213,7
49885,4.708415,2294.311,10
49886,4.770942,312.854,6
49887,4.507865,2527.38,8
49891,5.241943,706.717,2
49892,4.114785,2317.095,9
49893,3.278529,1669.884,5
49894,7.309046,510.815,7
49895,5.060297,1266.233,11
49896,4.956666,1526.343,6
49901,5.68177,253.483,6
49902,7.078123,155.99,2
49903,4.38837,162.651,4
49905,5.806587,2002.371,7
49908,6.144154,2554.517,3
49910,5.439298,110.908,3
49911,6.868087,2560.394,11
49912,4.443761,780.152,2
49913,7.384117,6934.918,18
49915,6.363505,632.022,2
49916,3.73202,2370.235,14
49917,4.522104,181.1,5
49918,5.582354,138.277,2
49919,6.144154,382.859,3
49920,5.889246,4194.863,10
49921,7.822733,598.696,4
49922,6.412111,712.323,3
49925,5.319774,610.927,5
49927,6.363505,126.073,2
49929,6.535342,104.208,3
49930,8.28822,7120.472,13
49931,7.615,9962.157,14
49934,7.448628,764.788,3
49935,6.200683,5874.011,8
49938,8.137993,7131.157,15
49945,5.98565,2994.937,8
49946,6.259211,3533.588,7
49947,5.896252,386.829,7
49948,5.196742,562.615,5
49950,5.582354,1248.994,2
49952,3.142683,87.582,8
49953,6.277301,2689.959,8
49955,4.228791,437.241,3
49958,4.657616,1336.714,9
49959,6.529076,405.786,8
49960,6.535342,143.836,3
49961,3.023652,90.314,3
49962,6.261905,594.875,4
49963,7.545326,625.929,7
49965,4.185549,752.825,8
49967,4.016566,754.786,7
49968,6.358393,1656.383,7
49970,6.144154,350.954,3
49971,5.439298,285.752,3
50001,3.91448,621.356,8
50002,5.8805,1371.614,5
50003,7.085081,6554.564,14
50005,3.637239,827.015,7
50006,5.023469,1700.125,15
50007,3.794463,309.606,3
50008,4.567295,977.873,6
50009,9.739445,6874.491,8
50010,8.228759,24796.152,20
50013,9.896935,6259.599,3
50014,7.113204,11870.003,23
50020,6.107346,1312.566,13
50021,9.074421,19034.008,20
50022,7.247263,7932.609,22
50023,10.868198,18093.113,19
50025,5.717521,2879.01,15
50026,5.73986,437.953,9
50027,4.13132,336.249,6
50028,4.736481,1622.509,12
50029,5.147106,687.685,7
50031,5.950211,51.941,4
50033,4.157577,11.289,3
50034,4.544059,413.39,7
50035,6.75509,7534.275,11
50036,8.05097,16318.151,22
50038,5.860719,187.057,4
50039,5.553317,376.76,4
50040,5.950211,225.079,4
50041,4.709692,118.198,4
50042,4.407251,297.639,6
50044,3.858872,928.768,11
50046,4.307791,220.434,6
50047,6.31497,5408.61,9
50048,5.517936,860.887,10
50049,5.753053,6124.039,16
50050,4.692158,741.393,10
50051,5.28679,319.148,3
50052,5.716668,128.212,3
50054,6.51689,3275.176,14
50055,5.825897,984.073,11
50056,6.018183,1229.205,5
50057,4.34606,193.051,10
50058,5.852819,1841.282,14
50059,9.862535,28.281,2
50060,6.101701,2396.671,9
50061,4.839566,1343.947,7
50062,4.44842,830.895,6
50063,5.704647,2526.686,12
50064,5.447108,116.518,9
50065,2.950612,548.135,6
50066,3.739394,255.28,2
50067,5.589117,382.018,6
50068,2.446861,345.904,4
50069,5.949715,503.282,6
50070,5.566995,1338.53,17
50071,4.586498,1035.74,4
50072,4.74386,661.937,10
50073,3.826929,1521.13,5
50074,4.663226,668.006,8
50075,4.90294,839.226,4
50076,4.319494,1471.286,12
50078,3.896905,128.881,4
50101,4.535044,69.626,4
50102,5.016332,75.231,3
50103,2.875955,497.328,4
50104,3.99773,155.316,10
50105,6.66353,1.99,4
50106,3.900809,1018.227,19
50107,5.075454,976.126,10
50108,5.846258,586.543,5
50109,6.565221,2266.322,6
50110,4.052236,72.271,3
50111,6.214373,95.498,4
50112,6.580252,11355.736,18
50115,6.068868,2413.251,10
50116,3.831418,313.717,3
50117,4.052236,195.892,3
50118,3.153933,818.907,2
50119,3.945692,514.1,6
50120,4.11015,326.92,4
50122,5.32073,1205.225,9
50123,5.663822,859.48,9
50124,3.794463,36.858,3
50125,6.581046,16184.272,20
50126,6.307525,6645.941,20
50127,4.767064,60.82,4
50128,6.463451,306.039,7
50129,7.23697,4968.562,12
50130,4.909966,1552.326,7
50131,13.763967,3902,5
50132,4.620692,385.438,9
50133,6.864157,539.813,9
50134,7.241547,113.758,6
50135,4.274518,1601.118,7
50136,3.960828,451.086,7
50137,6.387253,89.357,3
50138,7.293868,11522.036,14
50139,3.508646,1239.371,10
50140,5.886201,2498.318,10
50141,4.11843,601.576,8
50142,3.896905,818.889,4
50143,4.458754,604.979,6
50144,6.558414,2814.665,8
50145,3.48436,116.919,4
50146,3.891582,435.473,10
50147,5.150085,417.432,6
50148,3.547039,435.921,13
50149,4.700046,1047.1,9
50150,3.821232,772.603,8
50151,2.482935,793.956,9
50152,6.759282,113.377,4
50153,6.278609,763.998,9
50154,4.578859,445.815,5
50155,3.62509,252.287,9
50156,6.758699,4322.953,10
50157,4.846751,739.723,9
50158,11.423375,24616.598,42
50160,4.157577,465.093,3
50161,5.706622,1758.315,12
50162,4.110756,1121.027,12
50163,4.417609,672.085,3
50164,6.29847,561.673,8
50165,6.345147,45.49,3
50166,3.467359,1488.5,8
50167,5.333239,725.527,5
50168,4.743571,838.411,9
50169,5.928883,2859.876,13
50170,6.452177,3484.856,11
50171,4.751185,3013.53,6
50173,4.13535,614.684,14
50174,5.598434,1399.671,11
50201,7.07645,7841.979,11
50206,5.332274,592.564,9
50207,4.688089,2556.92,9
50208,7.754605,19278.976,35
50210,3.881134,1791.011,13
50211,4.474414,2860.648,6
50212,5.595208,3084.246,5
50213,6.759587,6778.773,15
50214,6.448045,5.236,4
50216,5.949957,2909.272,10
50217,5.975414,544.281,15
50219,7.65649,3846.898,9
50220,7.362234,9052.149,16
50222,3.613733,500.567,6
50223,5.950211,380.904,4
50225,3.889546,630.089,12
50226,6.927469,5267.325,5
50227,5.005441,73.392,3
50228,6.86505,2434.534,11
50229,4.159378,850.942,5
50230,5.00442,1138.828,13
50231,4.90294,216.254,4
50232,6.423066,559.975,7
50233,4.961951,1360.547,10
50234,4.149559,709.667,8
50235,4.884964,472.556,6
50236,6.549085,1401.001,10
50237,5.953065,2885.983,9
50238,4.297418,1124.895,5
50239,5.232374,238.38,5
50240,4.118868,869.918,7
50241,4.157577,119.66,3
50242,3.523527,405.956,10
50243,4.562663,125.712,9
50244,4.280705,111.103,7
50246,5.096325,632.742,3
50247,5.181105,2442.939,17
50248,6.503459,4224.797,10
50249,5.02871,1215.42,11
50250,6.227129,2625.374,11
50251,6.382421,1317.68,6
50252,3.153933,133.565,2
50254,4.535946,402.49,7
50256,3.849939,520.503,6
50257,3.766963,903.484,9
50258,5.351253,752.145,9
50259,5.355279,38.258,4
50261,5.941652,809.546,4
50262,3.327267,417.579,6
50263,8.60925,18456.157,19
50264,3.173372,463.421,10
50265,11.554046,33090.606,29
50266,12.796547,15171.546,21
50268,3.929074,1015.673,7
50269,5.388257,117.482,6
50271,4.545968,655.249,10
50272,4.084065,191.939,2
50273,8.18814,7180.053,10
50274,6.154381,358.438,5
50275,3.227225,592.976,5
50276,5.25943,1755.211,8
50277,5.626144,368.794,5
50278,4.562745,784.309,2
50301,13.438746,412.624,2
50302,13.438746,199.165,2
50303,13.438746,56.224,2
50304,13.438746,84.812,2
50305,13.438746,571.765,2
50309,14.968799,1572.884,15
50310,12.725593,32912.204,44
50311,13.415042,15508.64,22
50312,13.13831,15643.658,24
50313,11.447902,18601.564,23
50314,14.886517,10103.558,23
50315,12.522565,36839.709,37
50316,13.464028,16426.697,28
50317,11.758822,31439.029,35
50320,11.929722,10228.902,26
50321,8.95523,8412.675,21
50322,11.243993,22662.047,29
50323,8.068371,9786.99,12
50324,13.261126,5186.383,16
50325,11.597617,17399.57,21
50327,8.264278,9278.207,10
50401,12.224055,21347.893,38
50402,14.739661,1174.645,4
50420,4.957201,389.092,4
50421,6.645714,3011.754,10
50423,6.792144,2606.134,13
50424,5.064829,1428.325,8
50426,5.359604,122.08,8
50427,4.709692,61.137,4
50428,7.346998,9672.134,12
50430,4.616293,538.481,12
50431,5.005441,193.136,3
50432,7.375518,295.325,3
50433,4.899477,223.25,13
50434,3.972372,408.499,12
50435,4.059162,716.099,6
50436,7.625971,5571.447,24
50438,5.643761,4049.432,10
50439,3.543906,274.023,6
50440,4.990189,484.581,4
50441,7.01077,5545.78,11
50444,3.899059,302.618,12
50446,3.73679,550.534,8
50447,4.637494,1073.906,9
50448,4.614102,670.37,7
50449,3.541664,711.878,5
50450,5.348064,2953.355,8
50451,3.838953,440.067,4
50452,5.005441,629.625,3
50453,5.432941,603.058,9
50454,4.285505,141.855,8
50455,4.27032,465.571,4
50456,4.908403,1716.87,10
50457,4.905413,409.485,12
50458,4.837941,2021.349,16
50459,5.988243,3134.17,15
50460,4.216547,372.876,7
50461,7.465772,5582.881,22
50464,3.482902,635.574,11
50465,5.234279,208.284,4
50466,4.551873,1824.07,7
50467,3.092068,107.796,3
50468,4.936731,1468.876,15
50469,4.716231,1238.152,8
50470,4.338267,263.13,4
50471,5.013223,705.509,13
50472,5.394702,2198.981,11
50473,5.429752,247.515,9
50475,4.741196,1566.701,10
50476,4.298411,843.47,8
50477,4.836974,245.7,5
50478,5.237851,773.803,9
50479,4.912494,627.638,8
50480,5.54465,881.92,7
50481,5.366391,51.095,4
50482,6.969863,781.633,10
50483,5.691255,649.273,6
50484,4.526607,426.146,10
50501,12.383785,21221.149,31
50510,4.843146,1060.192,13
50511,8.375825,7155.477,11
50514,5.231878,1381.141,11
50515,5.563562,291.601,5
50516,3.650528,650.809,6
50517,5.821515,1027.708,7
50518,4.513696,340.802,5
50519,3.978397,575.069,8
50520,4.090346,136.441,6
50521,4.845118,109.465,4
50522,5.979758,798.843,12
50523,4.979915,606.883,4
50524,4.504676,609.189,7
50525,7.69979,3559.156,9
50527,5.831913,180.571,4
50528,5.977657,338.444,3
50529,8.209137,889.275,3
50530,4.864746,1191.441,8
50531,4.23346,211.311,4
50532,3.693009,794.296,11
50533,6.806472,3991.447,15
50535,5.235092,970.393,8
50536,8.261405,4346.399,11
50538,5.495745,721.05,6
50539,6.034855,559.275,10
50540,5.194506,959.556,12
50541,4.840115,857.354,9
50542,4.301308,840.685,8
50543,4.98635,1431.604,11
50544,4.961682,505.232,11
50545,3.711756,204.576,3
50546,5.850902,363.823,8
50548,7.530791,5640.496,12
50551,7.311152,132.92,6
50552,5.507123,73.39,2
50554,5.687118,1504.589,18
50556,3.838953,279.458,4
50557,4.788579,789.526,7
50558,3.771277,665.64,8
50559,5.732649,374.048,5
50560,5.507258,529.85,8
50561,6.768067,449.648,18
50562,5.874481,465.065,8
50563,6.745885,2387.581,9
50565,4.540274,512.109,5
50566,5.101004,406.619,10
50567,5.225971,216.435,6
50568,5.782035,1373.991,9
50569,4.853575,775.078,8
50570,4.03987,191.774,8
50571,4.979483,351.552,3
50573,5.592572,39.701,3
50574,7.078783,2141.732,6
50575,6.984529,917.087,9
50576,5.343371,324.613,4
50577,4.174106,449.684,8
50578,5.369193,642.285,11
50579,7.037951,2322.763,11
50581,7.138678,894.347,9
50582,4.046007,225.485,3
50583,6.636018,2581.65,16
50585,5.116726,1163.293,11
50586,5.483551,391.557,6
50588,7.948689,12893.444,17
50590,3.869806,882.492,7
50591,3.707215,315.493,6
50592,5.430136,72.053,2
50593,4.979483,77.711,3
50594,3.645251,281.962,3
50595,7.03272,8894.38,26
50597,5.570817,1261.813,11
50598,4.001905,895.888,8
50599,4.329977,369.693,5
50601,6.14513,2459.966,16
50602,6.488735,1444.034,8
50603,3.303148,587.536,11
50604,6.425949,1612.019,11
50605,4.752055,167.385,7
50606,5.079417,909.165,7
50607,4.979582,537.088,7
50608,4.773965,45.312,3
50609,5.695502,421.905,12
50611,5.247515,332.221,6
50612,5.619459,349.658,10
50613,8.638878,32721.8,47
50616,6.444561,10053.081,21
50619,4.825466,2509.409,8
50620,4.005131,64.408,3
50621,6.107741,1587.323,9
50622,6.169608,3171.343,14
50623,4.682203,148.465,4
50624,5.761385,1606.508,7
50625,4.770121,1056.091,7
50626,4.414249,1751.516,9
50627,7.503785,3345.408,15
50628,4.870107,1292.352,10
50629,5.022022,2249.224,13
50630,5.221854,1661.369,13
50631,4.25349,219.713,3
50632,4.185609,1144.344,10
50633,4.709692,374.971,4
50634,4.691567,950.247,12
50635,4.648037,1573.943,10
50636,6.461193,1986.753,11
50638,7.467849,3291.694,15
50641,5.239732,1709.462,6
50642,4.486505,508.852,6
50643,4.837615,2638.911,9
50644,7.276355,8931.391,19
50645,3.673541,1185.096,13
50647,5.959094,1789.523,8
50648,5.8861,4214.206,17
50649,4.773965,31.521,3
50650,4.972777,728.558,10
50651,5.90504,3802.252,24
50652,7.497259,143.057,3
50653,5.081005,648.196,9
50654,4.69125,481.51,15
50655,4.155424,774.901,10
50657,5.919732,99.808,4
50658,5.676645,2460.949,15
50659,6.716004,5328.221,20
50660,5.924658,1249.689,13
50662,7.271259,6808.483,15
50664,4.141507,114.887,4
50665,6.691334,2847.32,15
50666,4.314706,1088.371,8
50667,4.682203,785.721,4
50668,6.349304,1139.387,9
50669,6.048483,2332.087,13
50670,5.883725,2090.168,11
50671,4.973311,258.18,12
50672,6.692706,646.332,8
50673,4.47375,159.171,3
50674,5.980756,3599.079,19
50675,7.133428,2281.171,13
50676,4.42171,2057.736,8
50677,7.85307,12404.027,23
50680,4.62505,1313.421,5
50681,4.141326,449.23,6
50682,4.466313,1556.753,7
50701,8.365443,31206.519,37
50702,8.323422,19631.348,28
50703,7.16892,18327.237,34
50704,11.034605,833.054,2
50707,7.419666,8147.121,15
50801,7.085162,9347.073,19
50830,4.784655,1632.623,5
50831,3.303291,37.376,2
50833,5.755321,2199.036,12
50835,4.688834,83.762,2
50836,6.207995,438.948,9
50837,4.415431,341.969,9
50839,2.787282,56.351,4
50840,5.380987,543.679,8
50841,5.939705,2595.904,13
50842,3.303291,92.456,2
50843,5.157683,563.35,10
50845,4.590187,663.11,4
50846,6.561663,955.236,9
50847,4.326865,87.559,3
50848,2.821247,352.048,3
50849,6.728661,2422.903,9
50851,4.999614,2091.474,9
50853,5.183398,680.208,4
50854,7.057455,2306.72,6
50857,5.915177,230.103,10
50858,4.40484,671.591,6
50859,2.375079,508.266,4
50860,6.698796,268.795,6
50861,3.568115,254.502,7
50862,5.46986,178.929,3
50863,4.688834,249.644,2
50864,5.742942,1916.386,20
51001,4.178796,2442.467,8
51002,5.521944,2696.916,15
51003,5.838271,1808.871,10
51004,5.581941,1072.612,13
51005,5.407236,1344.514,10
51006,4.875082,1035.804,10
51007,6.398221,632.343,8
51008,4.180224,118.086,4
51009,6.286327,159.53,3
51010,4.465281,472.872,8
51011,5.682769,120.738,3
51012,5.431447,968.899,8
51014,4.295081,441.202,8
51015,4.709745,85.463,4
51016,5.659455,1301.949,13
51018,5.565339,392.475,9
51019,5.557716,754.546,13
51020,5.345911,604.404,13
51022,6.035112,768.785,21
51023,5.676335,3531.21,12
51024,4.146628,2023.084,7
51025,5.379421,2019.903,7
51026,4.68261,760.429,9
51027,5.904888,1194.396,12
51028,5.657352,2103.879,12
51029,5.812368,275.256,6
51030,6.520592,1347.975,4
51031,7.380428,11992.786,30
51033,5.448382,517.307,6
51034,4.649253,1726.338,14
51035,5.496522,1627.351,11
51036,5.963438,624.205,14
51037,4.609595,331.942,5
51038,4.071948,1594.183,11
51039,6.495031,2560.159,13
51040,7.373122,3551.747,12
51041,5.242579,805.695,13
51044,4.835762,265.96,9
51045,5.505597,100.715,3
51046,6.297732,1649.926,15
51047,5.477282,779.705,12
51048,5.430333,568.765,10
51049,5.148262,505.158,5
51050,5.513826,2723.708,14
51051,4.616844,95.055,3
51052,4.709745,862.062,4
51053,5.212928,1108.177,8
51054,5.509381,282.558,13
51055,4.670222,1365.369,6
51056,4.707898,451.146,7
51058,6.223982,934.669,14
51060,4.090393,557.977,9
51061,4.26467,469.865,12
51062,4.009545,581.149,8
51063,4.4166,1023.733,6
51101,14.018592,866.653,15
51102,13.98304,1176.533,5
51103,13.475739,17426.993,37
51104,12.430186,19429.569,36
51105,12.157313,8847.725,25
51106,13.221546,17735.112,33
51108,5.036834,1342.598,27
51109,12.561484,3051,15
51111,13.98304,42.648,5
51201,7.606292,6405.467,20
51230,5.273868,464.776,6
51231,6.635017,280.646,5
51232,3.986582,772.34,24
51234,4.004896,1178.152,7
51235,5.519755,1064.853,18
51237,5.790306,1671.944,7
51238,4.236115,1207.782,9
51239,5.838386,3231.412,25
51240,5.296471,1755.957,9
51241,5.273868,2161.805,6
51242,5.273868,347.986,6
51243,5.833327,743.131,7
51244,3.995781,78.727,4
51245,6.515784,1303.727,12
51246,6.839871,3494.153,13
51247,6.063496,5033.753,14
51248,6.538591,1816.035,13
51249,7.085266,3167.571,11
51250,5.929793,1582.642,11
51301,6.979046,5936.088,16
51331,7.214677,1038.817,6
51333,2.654622,495.688,6
51334,7.477238,7006.867,11
51338,5.459033,1034.745,6
51340,5.443103,54.267,4
51341,2.596955,16.615,3
51342,5.753763,1213.912,11
51343,2.83721,247.257,7
51345,3.7173,488.827,6
51346,5.8911,2292.49,12
51347,5.839988,1565.62,6
51350,3.724559,487.55,8
51351,7.78544,4315.724,15
51354,3.743999,1125.353,8
51355,8.697207,923.222,4
51357,5.402054,576.024,7
51358,5.289046,1347.884,5
51360,5.780808,3457.859,8
51363,4.274926,88.147,2
51364,7.122694,642.168,12
51365,4.01625,388.695,4
51366,2.65498,347.721,7
51401,8.757869,11688.029,23
51430,4.212208,744.015,7
51431,4.889889,406.19,10
51432,4.010903,62.569,2
51433,6.210991,555.796,11
51436,4.589878,930.802,17
51439,4.817933,883.605,6
51440,6.078141,402.06,13
51441,5.281155,374.533,5
51442,4.647959,862.143,10
51443,6.243975,1835.917,6
51444,4.206146,280.048,3
51445,7.537577,2728.547,7
51446,5.639383,566.703,4
51447,5.671732,201.697,7
51448,5.264315,625.841,11
51449,6.343459,2058.76,11
51450,6.151881,1562.663,8
51451,6.248904,150.126,4
51452,6.248904,203.112,4
51453,5.546548,781.36,11
51454,4.228542,1399.592,6
51455,6.557719,2188.871,15
51458,5.937091,1473.716,10
51459,6.248904,97.141,4
51460,5.146995,33.651,3
51461,5.142889,1247.135,5
51462,4.697512,1048.365,8
51463,7.053794,544.375,17
51465,5.273402,735.082,4
51466,5.951396,1041.617,13
51467,5.150659,627.307,7
51501,8.33577,35400.036,51
51503,6.411966,36968.034,53
51510,9.296238,3792,4
51520,4.729871,212.966,5
51521,6.631585,1947.349,16
51523,4.456583,336.141,8
51525,4.214105,1188.38,5
51526,3.652243,1810.191,6
51527,5.285128,464.042,10
51528,4.657122,939.034,9
51529,5.212906,1631.82,16
51530,3.935946,700.4,8
51531,5.546077,806.521,10
51532,4.3216,630.033,9
51533,5.304803,810.954,10
51534,5.923416,9120.158,13
51535,5.359984,1889.816,11
51536,5.948755,439.744,7
51537,6.919854,6601.051,15
51540,5.548855,436.372,4
51541,5.347429,362.459,10
51542,3.405546,991.523,3
51543,4.186329,468.623,10
51544,5.555503,701.753,14
51545,5.297306,423.437,5
51546,5.399931,2666.136,8
51548,4.72076,418.07,4
51549,4.264761,487.277,12
51550,5.547181,179.684,3
51551,5.275694,1803.113,13
51552,6.080961,267.877,10
51553,4.761613,969.755,4
51554,4.270186,175.305,2
51555,6.010212,4891.697,14
51556,5.555258,482.961,8
51557,5.529586,910.199,9
51558,4.144169,502.766,6
51559,4.701067,1903.291,9
51560,5.70085,2011.042,10
51561,4.271502,1501.968,4
51562,3.939886,404.664,7
51563,4.539589,707.183,9
51564,5.377838,482.782,6
51565,4.137966,453.476,11
51566,8.208928,6517.092,19
51570,4.141415,1044.133,11
51571,4.550667,643.631,8
51572,3.99483,375.289,3
51573,5.976446,1020.523,6
51575,5.100892,1859.565,4
51576,4.341696,1902.077,14
51577,6.626144,1041.528,13
51578,3.917737,112.727,4
51579,5.537754,2130.967,9
51601,8.186433,5680.614,15
51630,3.925708,152.864,3
51631,3.925708,281.27,3
51632,6.309332,6919.086,16
51636,3.945567,425.97,6
51637,3.925708,187.513,3
51638,4.891411,1369.074,7
51639,4.584746,780.562,2
51640,5.211187,1632.203,5
51645,4.878048,226.18,13
51646,2.826779,776.214,7
51647,4.031333,186.894,5
51648,5.251494,237.564,3
51649,4.637996,305.608,9
51650,4.584746,362.97,2
51651,3.925708,148.788,3
51652,6.169183,1746.168,8
51653,5.886889,1262.321,8
51654,5.494667,480.837,6
51656,3.925708,65.222,3
52001,8.674438,37653.219,41
52002,7.161958,14291.544,20
52003,6.5802,13332.807,29
52004,11.628523,1199.805,3
52030,5.522963,336.153,3
52031,6.886069,5158.198,10
52032,3.671116,1462.771,10
52033,4.56106,3594.245,10
52035,4.6894,1044.427,6
52036,5.378382,204.773,10
52037,4.435299,1017.281,18
52038,4.782727,469.515,3
52039,4.637406,1241.627,10
52040,7.369372,5652.724,20
52041,5.304519,1540.762,9
52042,4.976824,1725.398,12
52043,6.386258,2315.361,13
52044,3.903834,176.112,5
52045,6.199847,2426.831,12
52046,6.172929,2293.676,10
52047,5.442284,472.856,7
52048,3.839871,402.575,6
52049,6.107499,1416.438,10
52050,5.185947,592.309,9
52052,6.240533,2976.235,13
52053,4.935825,1196.588,12
52054,5.296694,785.303,13
52056,5.054367,246.767,4
52057,6.863839,7749.189,18
52060,7.180819,8450.308,25
52064,5.662505,757.791,9
52065,5.094938,910.387,8
52066,3.755521,178.7,2
52068,4.444893,4659.482,10
52069,5.681808,1494.477,12
52070,5.617507,1088.787,9
52071,5.522963,93.978,3
52072,6.199694,381.042,11
52073,4.762432,1234.987,5
52074,6.123241,255.516,11
52075,7.528435,141.946,4
52076,5.95981,1988.121,10
52077,6.089078,398.289,7
52078,5.103442,716.294,9
52079,3.809224,725.304,10
52101,6.717545,13434.912,19
52132,4.88431,1885.03,19
52133,4.540519,497.654,7
52134,4.833077,349.507,3
52135,5.443589,782.623,7
52136,7.32489,5499.747,15
52140,3.899292,593.775,7
52141,5.609011,1295.29,18
52142,5.022779,1555.551,10
52144,4.857858,1230.045,19
52146,4.571111,1249.859,5
52147,4.122663,1087.099,4
52151,5.75435,1847.59,8
52154,4.458815,1052.791,10
52155,5.200762,1228.977,6
52156,5.887845,686.504,6
52157,5.225678,1686.94,3
52158,5.225678,403.117,3
52159,5.93502,2344.098,9
52160,4.026824,859.322,6
52161,4.487816,1383.565,7
52162,5.321578,3419.387,16
52163,5.253297,390.12,7
52164,4.196455,229.061,10
52165,4.297052,922.847,8
52166,4.122663,157.145,4
52168,4.937757,403.381,4
52169,5.082004,422.18,7
52170,4.763925,475.428,5
52171,4.203836,1084.592,18
52172,6.737788,5767.216,19
52175,7.070786,3477.113,14
52201,4.461684,1195.92,7
52202,5.800254,1121.396,5
52203,5.149077,2000.906,6
52205,4.422009,950.31,14
52206,5.359499,2547.81,3
52207,3.191228,403.982,7
52208,6.614292,2965.38,17
52209,5.540068,834.434,10
52210,3.690346,832.696,6
52211,4.893648,2643.969,6
52212,4.73358,318.892,6
52213,6.486491,4195.377,11
52214,5.256061,3427.024,8
52215,3.810929,747.767,7
52216,5.764335,1514.131,14
52217,5.023364,639.977,8
52218,4.109541,1598.608,15
52219,4.060885,178.87,3
52220,5.202119,238.478,3
52221,5.683262,195.355,6
52222,5.644679,667.168,10
52223,5.284782,1555.723,5
52224,4.940458,2019.745,7
52225,3.876996,430.491,14
52227,5.340993,2593.422,7
52228,5.307884,1831.791,9
52229,4.43114,671.589,3
52231,5.170514,377.428,3
52232,5.238331,171.565,7
52233,12.34014,7544,5
52236,5.202119,476.957,3
52237,5.278103,1394.075,12
52240,9.708302,21161.39,24
52241,15.68603,3374,6
52242,11.600937,11.829,10
52244,8.176939,2196.492,2
52245,9.062969,18501.14,15
52246,11.502049,8200.171,4
52247,5.803887,84.634,5
52248,5.321291,1751.62,8
52249,5.340096,982.183,6
52251,6.390103,476.349,7
52252,4.217338,43.612,3
52253,5.051866,669.018,10
52254,4.455558,924.344,7
52255,5.779145,1200.031,7
52257,5.436686,297.532,6
52301,6.381008,3788.753,13
52302,12.424605,21356.426,22
52305,4.489362,73.953,2
52306,4.746085,1572.643,4
52307,5.202119,265.204,3
52308,5.357416,148.062,3
52309,3.456314,468.501,13
52310,6.710421,6151.964,18
52313,4.442032,450.616,5
52314,4.488238,815.848,11
52315,5.357042,1135.534,5
52316,5.417227,1574.247,14
52318,5.34881,1002.612,9
52320,4.826507,205.383,10
52321,4.670018,451.305,10
52322,5.915873,23.056,7
52323,4.811639,789.962,9
52324,5.279448,2383.29,9
52325,6.311591,747.98,4
52326,3.535229,652.638,4
52327,4.592651,125.038,7
52329,3.535229,822.008,4
52330,5.263311,736.042,9
52332,5.146971,2134.624,7
52333,5.864072,6589.767,14
52334,5.20909,337.222,7
52335,4.49364,651.875,7
52336,4.501861,2235.106,7
52337,4.830706,813.32,7
52338,4.588281,3680.344,6
52339,6.618634,4039.254,16
52341,5.005332,1039.94,8
52342,7.545949,3336.331,17
52345,5.181988,1361.74,2
52346,4.536896,1168.974,8
52347,5.427683,1370.97,13
52348,3.660371,60.699,4
52349,7.112884,7452.434,12
52351,5.352946,1222.553,6
52352,5.720373,1901.984,12
52353,7.955927,9389.56,15
52354,5.47114,390.578,6
52355,4.11793,289.291,10
52356,5.84748,2278.355,12
52358,5.662042,3710.098,14
52359,5.803887,262.16,5
52361,6.201778,4621.758,10
52362,4.796064,1030.012,3
52401,15.909687,1674.059,10
52402,12.606477,26986.488,42
52403,11.791476,22225.549,33
52404,13.011777,20987.738,32
52405,11.484771,21855.94,24
52406,17.598153,1027.97,2
52411,7.458789,6353.694,10
52501,7.218196,29642.022,43
52530,5.519532,1066.851,3
52531,6.308142,5862.36,16
52533,6.109257,1405.386,10
52534,3.97502,359.473,3
52535,4.795289,816.027,11
52536,3.52142,1012.483,10
52537,5.161459,7090.921,12
52540,4.966006,1610.409,11
52542,4.603495,448.464,4
52543,4.008205,224.251,6
52544,7.800678,7514.579,14
52548,5.162945,82.203,4
52549,2.318409,684.96,3
52550,6.778275,537.832,13
52551,4.709455,784.9,14
52552,4.826474,911.564,7
52553,5.014751,1929.497,10
52554,5.396637,1432.947,20
52555,2.318409,361.829,3
52556,6.329029,8370.715,9
52560,5.672856,419.301,5
52561,4.070343,932.845,10
52562,4.96752,64.595,3
52563,5.027921,1453.901,10
52565,4.693834,1965.573,9
52566,5.162945,186.623,4
52567,6.150297,707.396,8
52568,4.96752,64.595,3
52569,4.192138,942.102,9
52570,4.743151,810.301,9
52571,4.894503,1661.151,10
52572,4.346031,1173.253,9
52573,4.603495,164.202,4
52574,4.990081,633.765,2
52576,4.992917,533.405,9
52577,11.639285,14965.96,21
52580,6.189112,513.471,6
52581,4.779378,283.151,8
52583,6.345147,371.503,3
52584,5.672856,367.388,5
52585,5.084131,917.185,14
52586,4.115693,516.554,10
52588,5.114508,180.777,17
52590,4.307415,1181.436,8
52591,6.794697,2790.73,13
52593,4.803574,111.94,3
52594,4.840262,433.839,6
52595,13.328018,400.175,3
52601,13.185763,29016.064,43
52619,4.031876,548.369,6
52620,4.695922,855.208,12
52621,4.620332,699.365,10
52623,5.203147,1712.646,10
52624,3.353346,75.324,2
52625,4.480085,2556.657,6
52626,4.562014,1158.011,15
52627,7.58116,12438.867,19
52630,4.646036,458.907,11
52631,5.289232,12.696,3
52632,8.015073,12659.496,15
52635,3.664627,784.058,6
52637,4.650498,2468.255,13
52638,4.910135,553.954,7
52639,4.333959,2228.543,10
52640,6.701147,1351.932,13
52641,7.562377,12087.933,22
52644,5.224344,389.865,14
52645,5.051915,3130.324,10
52646,6.514224,594.724,9
52647,6.539211,208.599,3
52648,5.289232,19.044,3
52649,4.529999,962.633,9
52650,4.599197,764.154,8
52651,4.607831,588.308,8
52652,6.539211,53.259,3
52653,6.390038,3493.88,12
52654,6.212284,1716.26,9
52655,10.810165,4487.034,9
52656,5.159574,2423.99,11
52657,5.289232,150.234,3
52658,3.879499,1025.536,9
52659,6.478605,1575.626,7
52660,4.471174,265.059,4
52701,3.309574,91.67,5
52720,6.402818,843.748,15
52721,7.123169,727.131,12
52722,8.347719,34166.731,32
52726,6.199263,4440.01,11
52727,3.309574,375.208,5
52728,6.208781,1134.149,7
52729,5.11665,868.613,4
52730,6.314368,4848.197,11
52731,3.350422,855.899,9
52732,11.874646,26945.067,35
52737,5.695746,363.226,4
52738,5.346107,3357.385,15
52739,5.092928,807.505,11
52742,6.635563,7373.782,20
52745,6.955387,644.546,10
52746,6.699456,957.379,6
52747,6.89748,2126.025,9
52748,7.179359,9556.022,13
52749,4.746745,824.481,3
52750,3.309574,564.943,5
52751,5.092274,1011.769,7
52752,3.410672,452.333,3
52753,4.938622,1496.088,4
52754,3.991474,1241.902,6
52755,5.717926,139.247,8
52756,6.199389,2420.324,12
52757,6.311175,293.299,11
52758,4.938622,337.75,4
52759,3.888872,143.213,4
52760,6.371396,450.928,11
52761,11.431256,30466.829,37
52765,7.032513,420.029,9
52766,6.1757,870.463,9
52767,6.419018,41.622,4
52768,4.938622,1676.855,4
52769,5.210598,501.313,6
52771,3.309574,63.956,5
52772,6.938989,5140.541,20
52773,7.099747,2566.033,11
52774,4.430069,131.708,3
52776,6.110026,4787.383,15
52777,5.14087,1448.283,10
52778,6.632357,4418.859,18
52801,9.932327,1149.113,6
52802,7.995448,9134.039,16
52803,8.677525,22125.98,37
52804,7.758023,27239.942,42
52805,10.118138,254.702,2
52806,7.875046,27091.345,36
52807,8.496903,16920.233,22
52808,10.118138,789.404,2
52809,9.318679,718.804,2
53001,4.851421,1891.518,7
53002,4.272469,2614.369,3
53003,5.03338,162.33,3
53004,4.809421,3410.973,5
53005,9.558115,19979.599,25
53006,5.712596,1263.352,6
53007,12.026794,1835,8
53010,6.00229,6020.816,10
53011,4.649112,2236.002,7
53012,8.639274,12803.677,11
53013,4.813012,461.2,5
53014,6.60176,7840.017,26
53015,4.497545,2475.786,7
53016,5.275326,373.685,3
53017,6.281403,4956.845,22
53018,7.895662,8123.811,18
53019,5.038096,70.86,7
53020,4.631015,3552.113,20
53021,5.79994,4598.253,13
53022,7.227995,19392.176,26
53023,3.454797,2052.928,6
53024,6.444503,1148.516,14
53026,3.440737,41.839,2
53027,6.579955,22590.682,30
53029,7.305463,13616.847,25
53032,6.22982,4926.047,13
53033,6.400701,5454.162,13
53034,4.84784,1668.552,3
53035,4.615356,2349.138,9
53036,4.644152,3178.114,10
53037,5.285625,4553.983,8
53038,6.410477,4036.154,7
53039,6.325156,4598.366,20
53040,5.646607,7978.391,19
53042,6.315936,7180.757,20
53044,6.592149,2285.75,5
53045,8.814529,14184.493,21
53046,6.166122,1142.415,4
53047,4.84784,71.542,3
53048,6.121087,3246.462,10
53049,4.920863,1456.274,7
53050,6.060362,6664.038,17
53051,8.569302,36333.36,42
53052,15.171753,518.408,4
53056,5.932881,206.601,2
53057,4.966006,1388.587,4
53058,7.22448,1289.754,6
53059,4.99925,1831.727,6
53060,6.667697,4.948,3
53061,6.235248,4463.843,21
53063,4.884803,1457.873,12
53065,3.855293,243.163,8
53066,6.792719,23785.681,43
53070,5.473712,650.514,4
53072,7.428127,19009.03,40
53073,6.220309,7046.247,18
53074,7.381856,12678.844,18
53075,5.894947,3071.722,13
53076,6.347492,3255.716,16
53078,5.011497,1717.761,6
53079,4.924068,1555.928,10
53080,6.102305,5881.516,17
53081,9.043201,41396.797,32
53082,10.570244,735.995,2
53083,7.435791,21450.591,18
53085,6.643354,11633.905,16
53086,6.8315,8688.714,7
53088,4.113888,152.371,3
53089,6.055418,20814.19,21
53090,6.339842,20885.068,31
53091,6.057519,2020.205,9
53092,7.955663,21637.899,19
53093,5.197433,1800.252,7
53094,7.582127,12983.768,23
53095,7.99021,21943.882,39
53097,5.994008,5451.643,6
53098,6.761352,11743.905,20
53099,4.555638,43.97,3
53103,6.137736,3697.682,7
53104,6.641089,5022.66,8
53105,6.693017,24125.767,47
53108,5.283985,3501.342,10
53110,13.164223,18349,17
53114,4.845671,2678.012,10
53115,6.727046,10273.559,26
53118,5.697607,7035.565,23
53119,5.200734,5458.464,23
53120,3.593565,2973.354,11
53121,8.123384,10337.432,15
53125,8.185856,111.327,6
53126,5.276514,6905.949,20
53128,6.051313,7983.227,13
53129,10.642468,14074.397,15
53130,10.60276,7520.456,14
53132,7.489371,35193.768,28
53137,4.485925,1727.141,9
53139,4.439375,2382.847,3
53140,10.420405,18232.315,29
53141,15.546341,982.728,2
53142,8.439001,17609.515,28
53143,9.110356,23226.821,37
53144,7.50215,17395.866,42
53146,6.345618,7418.595,14
53147,6.444813,6084.105,18
53149,6.428904,19003.884,29
53150,7.175963,25963.819,33
53151,7.131803,24950.112,26
53153,5.885537,2643.894,10
53154,9.561882,13880.506,12
53156,4.923707,3910.138,12
53157,6.383591,1043.048,5
53158,6.226534,7846.161,16
53167,6.325518,274.657,4
53168,6.73994,7938.675,14
53170,7.050172,2104.471,2
53171,4.610913,1149.154,5
53172,13.18697,21089,18
53176,5.708745,93.6,4
53177,8.110962,8015.058,18
53178,4.96812,2979.157,9
53179,5.970166,6419.242,6
53181,5.891481,7514.517,11
53182,7.023622,7928.909,12
53183,4.696514,932.54,11
53184,5.81184,954.188,10
53185,6.230861,18956.246,25
53186,12.902992,29722.626,41
53187,14.733102,1459.491,3
53188,11.913657,13179.281,20
53189,7.771656,21882.028,41
53190,6.652576,18582.825,24
53191,8.713756,2416.6,5
53192,6.16764,152.022,4
53195,5.823923,82.51,4
53201,18.166667,868.089,1
53202,16.298457,23201.441,23
53203,17.911903,3617.999,7
53204,15.026118,37490.166,44
53205,16.021819,9546.32,18
53206,13.714426,23274.944,54
53207,13.993746,36731.995,52
53208,14.402616,30158.523,61
53209,13.330895,42770.027,62
53210,13.852335,27281.189,65
53211,14.905677,35580.664,42
53212,14.788994,30546.147,57
53213,14.704495,27584.258,50
53214,15.360702,34508.275,45
53215,14.467282,60812.23,78
53216,14.486042,33267.252,55
53217,12.265765,29711.342,43
53218,13.150428,42632.744,76
53219,13.914099,34604.318,60
53220,13.412421,26028.159,55
53221,13.309561,39449.535,49
53222,14.384533,25706.819,43
53223,11.937907,24735.094,29
53224,10.204205,22338.308,32
53225,12.401508,28314.373,51
53226,13.823914,18613.501,33
53227,13.611926,23484.209,43
53228,12.041675,15951.895,30
53233,15.296041,14070.093,20
53234,16.620776,1742.104,3
53235,13.220629,9487.353,26
53237,12.312617,1523.344,5
53402,10.798251,22378.219,27
53403,13.417975,21685.776,52
53404,13.893299,13184.894,24
53405,13.460037,20461.652,40
53406,8.788436,22915.989,37
53408,13.778168,969.022,3
53501,7.861285,148.737,3
53502,4.68213,2552.991,12
53503,4.331086,1774.988,3
53504,5.41579,1977.086,14
53505,3.717722,390.86,3
53506,5.139103,1208.295,3
53507,5.430948,2156.728,11
53508,5.447935,5689.735,17
53510,4.448051,1669.876,7
53511,11.490903,48064.71,52
53512,15.755156,1057.37,2
53515,5.765771,2559.634,14
53516,5.804149,2257.87,13
53517,4.61949,1691.33,15
53518,5.327142,1530.648,22
53520,6.214038,6707.171,18
53521,4.279077,3420.137,6
53522,3.780447,1194.178,7
53523,5.130537,5435.403,12
53525,6.18946,4103.901,12
53526,4.212869,574.563,3
53527,5.198511,2378.966,7
53528,6.795614,5915.475,7
53529,3.5,94.025,3
53530,5.920417,4476.108,13
53531,5.569686,4201.375,14
53532,8.038565,11277.107,13
53533,5.638174,7186.226,20
53534,5.895452,12437.557,17
53535,4.212869,6.922,3
53536,4.837029,617.622,12
53537,4.931128,604.228,4
53538,6.99899,18272.736,26
53540,4.441358,126.642,4
53541,4.617481,913.822,3
53543,5.127601,1565.131,10
53544,5.604124,810.426,10
53545,12.066135,21437.561,29
53546,10.332632,21899.934,27
53547,12.958051,1808.83,3
53548,11.372991,18412.707,31
53549,6.648822,10716.377,33
53550,3.88216,1211.552,12
53551,7.472669,8503.423,13
53553,4.212869,595.33,3
53554,4.238411,1125.354,6
53555,6.007473,8213.08,10
53556,4.721359,2721.848,13
53557,3.666529,380.081,11
53558,7.975566,3572.605,12
53559,5.681903,6173.436,13
53560,5.85449,3540.011,10
53561,4.148171,2205.724,6
53562,14.679044,9394.969,12
53563,5.790705,3786.047,14
53565,6.095803,4639.5,20
53566,7.57478,14988.818,24
53569,5.128717,1203.74,10
53570,4.872185,2747.217,12
53571,4.507669,2.064,3
53572,7.513524,10241.334,19
53573,5.135638,3338.387,15
53574,6.102727,3818.604,11
53575,6.725702,16062.585,25
53576,4.889185,2375.762,6
53577,3.710236,1493.484,3
53578,5.912196,1161.784,10
53579,3.537712,1705.34,4
53580,4.212869,528.413,3
53581,6.476407,9908.672,16
53582,5.442043,1148.382,6
53583,7.020485,5171.394,17
53584,4.441358,25.724,4
53585,4.818981,2357.697,7
53586,6.175028,2206.099,9
53587,4.617481,1172.809,3
53588,6.090486,4255.52,15
53589,7.595419,20265.059,33
53590,9.359492,24595.785,16
53593,9.019403,12313.137,15
53594,5.649663,5408.005,11
53597,8.447805,10052,5
53599,4.617481,56.851,3
53703,15.34219,32879.988,20
53704,13.721511,41070.093,31
53705,14.542791,19107.785,29
53706,15.75996,163.345,10
53707,16.099415,271.79,3
53708,16.099415,786.083,3
53711,13.061124,43678.048,57
53713,14.01583,18849.071,19
53714,13.704729,15718.011,20
53715,16.754236,12379.753,18
53716,13.044364,18136.216,26
53717,13.164641,9691.534,10
53718,12.553156,1725.044,15
53719,11.309853,13874.781,22
53725,17.421545,512.647,2
53726,16.25959,5100.502,9
53744,14.805214,757.941,2
53801,4.634188,1017.43,4
53803,6.47945,1295.378,6
53804,4.609248,1223.673,8
53805,6.597238,5174.782,23
53806,4.526034,1820.762,4
53807,6.081696,4512.108,14
53808,6.515807,1203.182,4
53809,6.867258,4012.294,19
53810,4.555706,415.127,8
53811,6.61025,3075.471,7
53812,6.60896,456.892,8
53813,7.081326,5735.652,18
53816,4.647827,684.518,12
53817,4.634188,132.873,4
53818,6.513188,16324.686,24
53820,4.749358,2478.625,14
53821,8.711568,8406.213,15
53824,6.609405,2.176,4
53825,4.51703,485.68,11
53826,5.435338,1144.27,6
53827,5.368267,363.731,8
53901,7.417582,7893.076,20
53910,6.389555,3210.437,8
53911,4.507788,1181.243,7
53913,7.712218,9442.242,16
53916,7.63017,22961.07,33
53919,5.157955,2509.737,16
53920,4.071629,593.241,6
53922,3.097567,848.911,6
53923,4.962016,1991.299,15
53924,3.522545,1314.01,10
53925,5.73413,7903.577,22
53926,5.051456,1055.281,14
53928,4.508123,106.872,4
53929,5.230448,2916.49,15
53930,4.172654,1181.867,6
53931,4.980552,279.824,4
53932,4.183684,2747.88,13
53933,5.712974,4315.446,8
53934,5.760993,3425.629,7
53935,4.954366,361.437,4
53936,4.50606,1890.745,9
53937,3.779283,1040.675,7
53939,4.642943,93.138,3
53941,4.147512,176.406,14
53943,3.710236,1088.312,3
53944,4.336522,2229.467,8
53946,5.050921,4699.761,20
53947,4.642943,115.619,3
53948,6.78162,8558.805,19
53949,5.077943,6243.388,14
53950,5.741519,3219.999,10
53951,4.066329,1513.52,8
53952,5.156866,3480.209,14
53953,4.03864,57.675,6
53954,5.235565,6570.796,18
53955,5.429841,5772.458,18
53956,5.930016,3171.493,15
53959,5.391256,5107.731,10
53960,4.614516,3281.052,20
53961,4.138732,634.892,8
53962,5.66913,47.575,4
53963,7.103696,13709.04,26
53964,5.160928,3300.81,15
53965,4.979967,8597.121,18
53968,5.476507,1684.216,13
53969,5.267544,288.333,4
54001,6.59976,5672.341,11
54002,4.888499,887.429,10
54003,4.417554,1053.816,10
54004,5.057119,2205.032,8
54005,5.758703,3041.156,20
54006,5.427828,665.476,3
54007,6.750718,293.132,8
54009,6.461154,335.889,3
54011,6.108138,6625.592,13
54013,4.973428,2750.874,12
54014,4.690011,2344.137,6
54015,5.483339,3499.851,7
54016,7.60015,20565.974,17
54017,7.704643,11135.711,12
54020,6.461154,5606.006,3
54021,6.189726,7096.06,7
54022,7.131412,21474.44,21
54023,5.431059,4391.449,9
54024,5.661712,520.229,7
54025,6.461154,9.821,3
54026,6.461154,88.392,3
54027,4.979598,1053.827,7
54028,4.983526,168.065,4
54101,5.414233,2370.027,3
54102,4.549709,916.454,9
54103,5.934792,526.897,13
54104,4.844678,1243.168,16
54106,4.112113,4529.395,13
54107,5.262179,3773.409,13
54110,5.305101,5331.037,13
54111,3.715182,2208.473,12
54112,4.410367,2053.226,14
54113,6.606466,3739.2,7
54114,6.26063,5547.224,18
54115,6.907675,34502.297,36
54119,4.550413,539.674,6
54120,4.570184,264.224,8
54121,4.585418,618.253,2
54123,5.420267,313.369,4
54124,5.312491,3384.945,14
54125,4.550413,406.389,6
54126,4.457673,3963.853,12
54127,3.553439,76.711,3
54128,6.20554,1891.504,4
54129,4.88448,3382.406,17
54130,7.006471,13230.285,35
54135,5.333333,1147.241,1
54136,9.127284,6662.897,12
54137,5.610063,715.73,5
54138,6.403184,849.419,2
54139,4.916076,2720.158,23
54140,10.324294,2111.383,6
54141,5.448687,426.457,6
54143,7.630407,14506.095,25
54149,5.176129,1235.375,7
54151,4.975539,3106.836,11
54152,3.521849,248.364,7
54153,6.10934,7210.851,13
54154,6.005017,4608.894,15
54155,4.670923,1566.813,5
54156,4.761813,1677.1,9
54157,6.23536,6103.387,16
54159,4.333129,1331.357,8
54160,4.640688,234.052,4
54161,4.137924,2537.143,12
54162,5.726575,7323.71,12
54165,6.218728,7657.083,22
54166,7.510927,16846.121,24
54169,6.228458,3037.654,3
54170,4.356122,4073.409,19
54173,7.579448,4042.235,6
54174,5.205343,3132.151,11
54175,6.403184,914.683,2
54177,4.387106,3115.386,11
54180,5.310752,3371.437,5
54201,6.352889,5034.864,9
54202,6.723309,1250.172,10
54204,4.903437,1557.441,5
54205,3.02855,546.558,8
54207,5.001198,144.831,3
54208,5.14604,6244.595,21
54209,6.62897,1500.348,6
54210,6.939101,818.875,2
54211,8.310386,371.777,2
54212,8.186807,944.26,4
54213,4.856857,1111.437,6
54214,3.731577,392.908,4
54215,3.731577,4.225,4
54216,5.025578,5115.243,12
54217,4.814808,1604.459,17
54220,7.28138,38913.962,53
54227,3.731209,1409.917,6
54228,4.648393,2613.884,8
54229,5.276422,4327.452,9
54230,4.960729,4449.791,17
54232,4.927184,849.451,5
54234,7.847042,1813.709,4
54235,6.489685,16786.828,22
54240,3.731577,6.337,4
54241,6.867934,14532.153,31
54245,4.923808,2297.892,9
54246,6.939101,748.082,2
54247,4.469179,2207.75,15
54301,7.706742,21290.102,28
54302,7.485432,30855.299,36
54303,7.716916,28169.497,43
54304,7.961038,26188.773,33
54305,12.333333,706.204,1
54307,7.387703,1223.024,2
54308,6.166667,1003.221,2
54311,7.106067,35400.981,32
54313,6.440297,27260.441,26
54324,8.456534,346.667,4
54401,8.354306,25084.547,24
54402,9.493093,1329.48,4
54403,8.759877,18101.489,25
54405,6.205117,3178.538,11
54406,4.807397,3652.274,8
54407,4.496352,1590.269,8
54408,4.34135,1466.468,11
54409,6.164397,12387.45,22
54410,4.026988,2083.877,20
54411,4.538872,174.363,6
54412,3.680551,1999.563,14
54413,4.523245,215.282,10
54414,5.50184,3161.615,14
54416,6.028004,1697.438,5
54417,5.260908,83.564,7
54418,4.285048,1010.92,8
54420,3.494354,1294.507,12
54421,5.652275,3704.972,15
54422,4.306783,1128.951,15
54423,4.128893,2033.554,16
54424,4.52555,1144.484,5
54425,6.227276,1907.473,14
54426,4.739355,3621.116,19
54427,4.794742,1047.556,7
54430,4.15171,210.639,5
54433,4.203903,1865.983,9
54435,4.136523,1884.544,13
54436,3.357034,2163.808,8
54437,4.378904,3026.587,17
54440,3.920732,3579.856,7
54441,6.556982,656.718,3
54442,3.618998,1078.515,7
54443,3.371406,2399.874,14
54446,3.98245,3035.679,12
54447,4.09688,634.373,3
54448,4.903506,2983.528,12
54449,7.822269,22620.608,43
54450,4.582646,295.946,3
54451,5.782259,11337.351,14
54452,6.202294,18410.709,27
54454,3.669674,1178.158,14
54455,5.815081,10796.875,20
54456,6.188233,6004.187,9
54457,5.65068,8170.136,19
54458,5.006954,82.272,4
54459,3.973321,1199.111,10
54460,4.262798,2651.901,18
54464,4.096885,93.228,3
54465,5.657365,732.981,8
54466,4.402396,2919.594,18
54467,6.681831,11604.228,17
54469,6.74567,1619.151,10
54470,4.337422,2037.862,6
54471,3.72444,2504.51,4
54473,3.839524,2498.939,11
54474,8.109182,3741.388,7
54475,5.644325,1460.544,18
54476,7.391909,13824.757,22
54479,3.951434,931.462,12
54480,3.229413,1386.486,6
54481,9.052019,24370.673,32
54482,6.129214,9242.255,21
54484,4.502738,3996.262,16
54486,4.7427,2336.36,14
54487,5.503352,9533.934,18
54488,4.110953,1041.362,7
54489,4.158222,1659.408,13
54490,3.765429,1014.253,11
54491,4.621388,1648.79,10
54493,4.401815,866.401,6
54494,7.265315,25142.377,35
54495,6.823363,8765.348,31
54498,4.561051,2315.17,23
54499,5.678652,2763.621,16
54501,7.538387,15197.015,20
54511,4.896577,1155.946,10
54512,6.359253,51.026,5
54513,3.495975,456.149,6
54514,4.725812,1572.608,8
54515,4.679539,508.837,5
54517,5.28471,114.69,7
54520,6.178874,3614.819,5
54521,5.39641,357.488,5
54524,4.529945,472.349,5
54525,7.710797,187.544,4
54526,4.576986,767.996,7
54527,4.898736,1036.982,5
54529,4.559101,1238.957,7
54530,4.589622,776.396,9
54531,5.661814,1224.256,8
54534,6.725054,2610.642,7
54536,4.5,87.155,1
54537,4.648171,427.369,5
54538,5.701498,2970.212,10
54539,6.072294,1007.604,10
54541,6.386705,1295.64,5
54542,4.496247,398.518,4
54543,4.600065,9.132,2
54546,5.468103,1192.952,6
54547,5.476075,1439.51,3
54548,6.755714,4816.713,13
54550,7.359727,521.558,5
54552,6.45491,4196.645,12
54555,5.291483,4728.303,14
54556,4.338654,1163.31,6
54558,6.869483,1212.617,6
54559,4.37627,823.062,2
54560,6.870186,293.09,3
54562,5.595561,1476.828,5
54563,4.520313,628.63,7
54564,4.018642,556.139,12
54565,4.5,86.079,1
54566,6.215709,1429.618,8
54568,6.867557,4747.942,8
54601,12.623709,43527.946,52
54602,16.683107,1104.397,2
54603,14.827216,13891.084,18
54610,4.931023,1750.599,11
54611,4.341949,1061.279,7
54612,6.260481,5167.368,17
54613,4,773.868,1
54614,5.044163,2987.324,15
54615,5.840713,10305.853,20
54616,5.97134,2673.717,18
54618,4.721653,2360.803,14
54619,4.338195,3824.935,23
54621,4.743442,1071.764,7
54622,5.449867,1868.159,11
54623,4.640465,2085.803,9
54624,4.535648,1544.816,10
54625,5.186028,251.998,3
54626,4.313388,1330.664,5
54627,6.127601,1930.988,9
54628,5.122773,1215.607,13
54629,5.469284,2597.627,5
54630,5.92633,3907.549,12
54631,4.38433,1794.86,8
54632,4.516629,1161.549,7
54634,4.887938,4233.405,14
54635,3.722239,1793.273,10
54636,7.709762,6191.301,9
54637,4.355372,76.847,4
54638,4.826257,1657.077,15
54639,3.929675,2744.391,10
54642,4.229478,2220.476,10
54644,5.233285,1372.71,7
54645,5.221263,1.758,2
54646,5.739404,2173.39,7
54648,3.952871,1723.155,12
54650,10.436215,12954.217,17
54651,3.86933,1621.224,15
54652,4.117769,981.391,7
54653,4.778291,1033.203,11
54654,5.221263,45.708,2
54655,4.365447,1643.754,13
54656,6.953906,17329.943,26
54657,3.847379,353.725,5
54658,4.849019,2463.539,10
54659,3.841397,1142.92,10
54660,7.082428,15941.587,23
54661,5.186028,3682.429,3
54664,3.719808,1825.377,15
54665,6.779374,8251.289,22
54666,5.105215,3104.22,16
54667,5.376993,4990.914,14
54669,8.025599,7407.033,14
54670,4.12449,1706.995,8
54701,8.068008,38545.009,31
54702,12.210941,1173.802,7
54703,7.477387,36060.671,37
54720,6.645068,640.64,3
54721,5.628918,1150.374,10
54722,5.01868,3914.404,8
54723,4.499723,1394.531,10
54724,5.805248,6860.411,14
54725,4.869095,2889.38,12
54726,5.961717,2099.271,13
54727,5.961194,4669.139,22
54728,3.560445,1666.206,16
54729,7.501202,30711.088,37
54730,5.070554,5093.493,17
54731,4.38089,726.498,5
54732,5.748759,487.28,8
54733,4.211542,1332.704,5
54734,5.003623,806.825,12
54736,5.831427,3913.159,16
54737,4.565861,497.979,6
54738,5.039004,3362.521,11
54739,4.243309,4803.342,12
54740,6.222213,2129.329,10
54741,4.617445,1879.232,10
54742,5.38274,4761.077,12
54745,5.376206,2519.82,13
54746,4.319826,649.97,9
54747,6.286351,2718.259,15
54749,5.05769,1271.735,11
54750,3.615011,1210.56,7
54751,6.395996,19389.232,26
54754,4.572526,2187.671,7
54755,5.267271,6987.234,19
54756,4.328132,1092.331,8
54757,4.693778,2829.608,19
54758,5.663665,4441.447,20
54759,5.765613,1495.707,7
54761,3.605085,1141.448,13
54762,4.193163,1401.122,9
54763,4.029033,1157.957,9
54766,4.004657,1521.103,16
54767,5.491017,3154.125,17
54768,6.034851,4503.447,24
54769,5.469959,610.588,7
54770,5.656903,2220.686,12
54771,5.520399,4265.581,11
54772,4.482156,1192.431,8
54773,4.641334,3574.455,11
54801,4.930522,2919.983,14
54805,5.837752,1241.475,9
54806,8.506358,9971.231,15
54810,6.644793,2115.79,4
54812,6.02922,5358.613,19
54813,5.542538,617.415,13
54814,7.281461,2692.583,2
54817,4.686837,2398.076,12
54819,4.839723,2190.385,11
54820,4.965883,156.96,2
54821,5.923403,1126.955,2
54822,5.966417,4130.597,15
54824,7.356221,485.614,2
54826,6.88364,432.142,7
54827,6.6504,234.642,4
54828,3.41886,131.752,2
54829,6.7599,5218.378,19
54830,5.77786,3102.655,9
54832,5.923403,159.377,2
54835,3.669498,920.505,13
54836,4.476324,346.722,4
54837,5.871062,3694.647,14
54838,5.923403,74.502,2
54839,5.923403,0.943,2
54840,6.204784,4368.052,9
54841,4.888297,98.26,4
54843,7.978751,5738.573,12
54844,4.965883,316.827,2
54845,3.829487,81.911,2
54846,4.021216,700.944,5
54847,4.965883,658.36,2
54848,6.733229,5825.547,11
54850,10.117619,581.375,4
54853,5.455122,2767.529,8
54855,4.034447,931.331,3
54856,4.312433,107.793,6
54857,4.888297,182.728,4
54858,6.241365,9.866,5
54859,5.705641,1525.749,8
54862,3.61076,288.555,4
54865,4.965883,521.747,2
54867,3.41886,393.76,2
54868,6.718906,8885.556,18
54870,5.073256,431.087,11
54871,5.091175,3103.589,6
54872,6.809472,2547.698,7
54873,5.918592,635.85,6
54874,4.993994,2026.837,6
54875,4.940226,891.881,6
54876,4.633567,1527.347,6
54880,13.461776,29818.327,30
54888,4.328949,1183.582,8
54889,5.480288,2989.464,14
54891,7.588387,3281.369,5
54893,5.266502,3370.366,9
54895,3.050943,1091.664,4
54896,4.861835,1508.678,4
54901,11.567455,31406.318,29
54902,12.694889,20881.588,21
54903,12.463766,931.779,4
54904,8.491134,21398.192,29
54909,4.480915,2204.147,7
54911,9.069852,20564.901,35
54912,9.483951,1448.546,5
54913,6.890456,19244.817,20
54914,9.193318,16500.019,24
54915,7.572323,41507.059,41
54921,4.601084,1305.006,14
54922,3.126094,1372.482,8
54923,6.62114,8640.557,16
54926,3.393169,41.875,2
54927,7.128727,445.521,3
54928,5.016578,359.211,3
54929,5.962915,8821.608,20
54930,5.461529,1408.547,9
54931,4.207504,94.291,3
54932,3.9267,1035.805,5
54933,4.653412,190.504,4
54935,8.944562,29916.354,36
54936,10.846306,1099.539,4
54937,7.418094,12930.599,23
54940,4.346126,4351.605,11
54941,6.27663,2701.689,10
54942,4.218924,935.233,10
54943,5.38739,1491.302,9
54944,4.908777,8847.128,16
54945,5.250676,3697.553,12
54947,4.875588,2407.958,11
54948,5.939473,309.366,5
54949,4.962523,3299.486,8
54950,4.513871,2983.85,11
54952,7.657616,26614.92,37
54956,8.828803,24911.188,27
54957,12.081816,682.517,2
54960,4.087143,2822.642,16
54961,6.208707,13804.217,26
54962,5.156605,1237.25,8
54963,3.988535,2204.024,10
54964,3.836085,385.258,10
54965,3.799009,692.399,9
54966,5.812643,1987.338,17
54967,3.742707,286.051,3
54968,4.863654,3097.681,9
54970,5.011573,2723.866,4
54971,6.045431,10685.201,30
54974,4.316325,1581.308,9
54977,5.554535,1258.923,11
54978,6.210763,24.128,2
54979,4.007463,1568.902,8
54981,6.313359,15799.845,30
54982,6.095214,6304.75,16
54983,4.991442,4263.788,19
54984,5.587474,1631.767,14
54985,12.463766,32.03,4
54986,6.357083,5178.72,10
55001,5.817655,2940.496,7
55003,6.666667,2670.148,5
55005,4.505487,4732.188,21
55006,5.299081,3860.652,15
55007,3.74776,2379.271,12
55008,6.354616,6552.579,22
55009,8.104367,7871.627,14
55011,5.142209,10140.368,20
55012,6.253385,1856.971,6
55013,4.829526,1522.846,9
55014,7.368383,25731.98,22
55016,7.152499,24886.889,19
55017,3.753065,717.457,4
55018,5.450557,956.831,11
55019,7.440505,3492.736,6
55021,7.164293,15733.01,22
55024,6.867856,27438.733,15
55025,7.25673,16189.834,19
55026,5.117402,573.329,3
55027,4.499235,2748.455,17
55029,6.358267,83.875,2
55030,4.835231,1298.949,9
55031,6.285635,1966.987,8
55032,3.875956,1330.386,10
55033,7.362487,17047.983,28
55036,5.041463,92.195,2
55037,5.021466,3559.315,9
55038,6.422298,13568.968,26
55040,6.073143,12588.703,17
55041,8.259849,7976.417,17
55042,6.998969,8992.013,8
55043,8.230717,3683.922,7
55044,7.770934,29669.338,23
55045,6.797847,4727.719,6
55046,4.809481,820.496,9
55047,4.912116,2880.882,7
55049,6.510285,2545.013,7
55051,5.353505,9863.775,21
55052,4.905784,1695.912,16
55053,4.462219,941.446,11
55055,7.999253,3492.991,5
55056,6.032485,12635.173,16
55057,8.164284,22843.024,25
55060,6.737552,29010.007,26
55063,6.005641,9282.82,11
55065,6.13766,1154.249,8
55066,6.13686,11567.522,15
55068,8.613213,17870.846,17
55069,3.746718,1578.248,8
55070,6.636057,7660.254,15
55071,8.486255,5666.015,7
55072,4.88645,1108.633,10
55073,4.967102,3215.622,8
55074,5.322189,2254.67,4
55075,13.489033,20288.301,28
55076,10.94659,21911.152,21
55077,7.511719,13431.125,20
55079,5.278647,8739.163,12
55080,4.528751,2998.529,9
55082,9.11584,23495.924,26
55084,6.157873,1876.674,2
55085,5.298146,405.064,2
55087,4.42132,329.936,9
55089,3.883467,1473.612,8
55090,8.179451,502.448,8
55092,4.380794,4952.179,12
55101,16.935625,2237.479,5
55102,16.258124,17698.832,23
55103,15.435925,14316.281,34
55104,15.281935,43438.242,56
55105,14.809666,24150.061,48
55106,13.651536,57003.454,63
55107,14.515818,15140.852,16
55108,15.347351,15427.096,19
55109,13.844922,33584.106,50
55110,8.938469,31553.809,34
55111,7.833333,243.409,1
55112,12.306551,38962.527,32
55113,12.440562,42250,52
55114,15.16317,3565.236,4
55115,8.240395,8741.661,14
55116,13.823147,17097.262,29
55117,13.417093,44834.996,46
55118,12.76833,28555.782,38
55119,11.601589,42818.835,52
55120,9.38074,4325.416,3
55121,11.167723,8681.26,11
55122,9.863205,32646.685,32
55123,10.061936,19442.237,18
55124,13.019466,37015.963,20
55125,9.948826,36416.368,23
55126,9.184869,19826.11,34
55127,7.449023,12480.772,14
55128,10.324704,29107.743,27
55129,8.141556,26.642,15
55130,13.859632,19042.613,25
55150,10.128658,22.035,2
55302,4.037837,2959.945,10
55303,8.568754,42808.137,33
55304,6.068534,41448.227,31
55305,10.115848,13510.268,18
55306,9.051532,13789.008,20
55307,5.639073,3275.458,11
55310,6.023522,1310.184,9
55311,8.690124,3130.87,12
55312,4.402507,1317.549,6
55313,8.238821,8856.639,13
55314,5.633357,1060.974,8
55315,6.242659,5913.764,4
55316,11.329065,24448.131,16
55317,6.953538,14696.832,12
55318,7.589792,2307.637,9
55320,5.637303,3935.54,6
55321,6.857924,5323.795,18
55322,5.444703,3175.122,9
55324,5.663718,1260.519,5
55325,4.983821,4595.094,13
55327,5.5835,4094.846,2
55328,5.638965,680.485,8
55329,4.575786,1054.317,4
55330,6.096193,13380.179,11
55331,9.460224,17981.12,26
55332,5.539372,1792.244,12
55333,5.697819,708.762,16
55334,6.395919,2634.742,18
55335,5.291872,1494.137,11
55336,6.708277,8294.233,22
55337,11.001579,40349.074,28
55338,4.361803,1334.555,14
55339,6.291098,889.05,12
55340,6.114937,7930.22,9
55341,5.15317,18.541,9
55342,5.688877,1949.794,12
55343,13.158047,14236.563,26
55344,10.02697,17467.267,18
55345,10.444183,21906.201,25
55346,7.665449,16195.367,23
55347,7.936012,8544.555,5
55349,5.83769,3873.873,10
55350,4.881154,4441.581,30
55352,7.536267,862.432,6
55353,4.960301,743.232,11
55354,5.508485,2779.97,8
55355,7.005507,9535.018,25
55356,7.477268,2571.946,5
55357,6.206787,3162.626,12
55358,5.07212,1123.91,7
55359,5.714252,5458.73,6
55360,5.382137,2506.572,2
55362,7.048776,8451.432,9
55363,5.382137,18.768,2
55364,9.522957,9600.248,14
55366,4.33066,125.349,4
55367,5.38934,899.657,6
55368,6.301283,2412.436,10
55369,7.879951,26294.231,35
55370,5.413525,567.845,8
55371,6.445191,10896.013,20
55372,7.118474,16799.212,11
55373,5.820154,6307.514,10
55374,4.836958,1917.065,6
55375,6.001363,11.748,2
55376,3.166667,64.765,1
55378,9.051109,13777.991,16
55379,9.986357,16606.907,15
55381,5.859711,1725.609,15
55382,4.21751,2136.944,13
55384,13.709472,2162.147,3
55385,4.677917,1329.76,14
55386,7.27623,8142.804,4
55387,7.342761,6873.213,3
55388,5.382137,154.315,2
55389,5.626703,2065.714,13
55390,5.805285,93.634,3
55391,10.899323,13242.24,27
55395,5.858394,3054.31,13
55396,5.505003,2389.724,11
55397,6.324468,2716.87,11
55398,3.648784,719.947,4
55401,15.666379,567.48,5
55402,16.38421,608.918,2
55403,15.266657,15974.49,24
55404,15.197841,27222.978,45
55405,15.316305,15065.089,34
55406,15.048366,33496.035,42
55407,14.767255,41913.857,55
55408,15.480361,31373.851,54
55409,14.857993,12094.894,28
55410,14.245714,20185.874,47
55411,13.786604,29198.59,46
55412,13.921962,22306.201,37
55413,16.547725,12174.059,20
55414,15.916281,12291.424,11
55415,15.316856,1032.175,6
55416,14.490895,33691.486,50
55417,13.386946,25407.086,48
55418,14.646541,31514.826,36
55419,14.476965,27734.918,47
55420,13.68378,22734.074,23
55421,13.788554,28120.28,43
55422,12.874164,28681.95,49
55423,14.637298,32455.282,39
55424,12.624913,9874.687,12
55425,12.596978,9670.926,15
55426,13.398,25403.213,28
55427,13.448616,23612.435,35
55428,13.382967,30841.163,35
55429,12.626227,27564.224,41
55430,13.919082,15620.552,30
55431,12.556286,18506.982,26
55432,12.261087,30809.246,30
55433,11.621886,28277.612,39
55434,12.093732,12950,23
55435,14.423272,13673.316,18
55436,8.269652,13362.983,15
55437,8.899037,6974.018,10
55438,7.116599,14600.227,12
55439,8.185253,8997.773,15
55441,9.854908,13027.467,19
55442,10.881985,12337.062,10
55443,10.837626,17380.064,24
55444,11.109918,13687.992,16
55445,11.528797,11678.785,18
55446,12.389082,4597.667,6
55447,10.682123,21263.848,20
55448,8.106256,27600.73,34
55449,7.072572,21933.003,18
55603,6.274203,14.509,3
55604,8.261731,1918,2
55609,9.359335,1.833,4
55614,6.274203,2158.201,3
55616,9.128175,3968.795,9
55702,4.390169,557.998,7
55703,4.035592,743.89,8
55704,5.990838,1015.625,6
55705,4.997753,3168.32,8
55706,7.045776,1411.333,2
55707,4.038526,461.685,4
55708,5.742592,912.355,5
55709,2.562253,737.335,4
55710,4.544869,1372.891,10
55711,4.421678,508.756,4
55712,5.526141,377.041,4
55713,4.945589,1039.414,2
55718,4.513876,241.352,6
55719,6.951024,5775.16,12
55720,6.736592,12449.633,19
55721,5.319888,65.059,2
55723,4.349989,1409.82,8
55724,3.314536,139.396,3
55726,4.035468,1037.017,7
55731,10.173337,3398,5
55732,4.357294,1290.842,9
55733,5.250425,4721.853,4
55734,7.14969,5802.265,16
55735,6.033109,1587.159,6
55736,4.249604,1694.606,15
55738,3.324141,496.604,7
55741,6.002618,2414.08,9
55742,2.562253,340.309,4
55744,4.872002,3236.961,5
55746,7.654116,17032.604,33
55748,5.053206,999.393,3
55749,5.048569,100.342,2
55750,4.721688,2081,2
55751,3.995142,1488.289,18
55752,3.949839,410.32,10
55753,6.332199,948.459,3
55756,5.048569,301.026,2
55757,4.038526,876.42,4
55758,4.945589,166.222,2
55760,4.029004,977.274,5
55763,4.047869,1.755,3
55765,3.371094,816.322,7
55767,4.678962,451.186,8
55768,5.937672,2522.744,14
55769,6.330558,1550.279,8
55771,4.933858,182.096,10
55775,2.562253,58.609,4
55779,4.421678,85.488,4
55780,2.573244,158.033,7
55781,3.793702,403.552,4
55783,5.608787,2603.225,8
55784,2.562253,132.342,4
55785,5.053843,265.134,5
55787,4.03606,159.469,7
55790,4.729919,337.254,4
55792,9.254094,10177.287,24
55793,2.562253,542.603,4
55795,6.097381,1643.343,6
55798,4.113836,763.662,11
55802,14.722837,2313.902,10
55803,10.318059,15951.796,22
55804,10.736228,14401.646,23
55805,13.841277,9475.642,17
55806,12.490078,7961.297,21
55807,14.315865,9539.098,14
55808,11.050061,6044.939,8
55810,9.988791,6294.497,16
55811,10.296051,9569.083,19
55812,14.17081,8897.315,16
55816,14.386565,922.981,3
55901,8.048429,40480.091,39
55902,7.511664,25597.844,29
55903,8.18011,2820.157,10
55904,7.322634,25206.857,41
55906,7.147146,18590.668,29
55909,7.53919,1458.052,6
55910,4.778642,176.855,5
55912,7.832445,28892.86,38
55917,6.556063,3595.099,18
55918,5.10532,1136.073,5
55919,4.232784,982.62,6
55920,9.748016,6284.575,16
55921,7.458877,4445.568,10
55922,5.448509,743.234,12
55923,7.356285,4577.546,14
55924,5.546974,1404.198,12
55925,5.5,2.562,2
55926,3.873907,821.646,8
55927,8.298252,4233.881,9
55929,6.969276,1217.201,5
55931,5.377552,394.996,3
55932,6.180791,1701.013,14
55933,7.013316,265.701,8
55934,7.031468,3226.632,16
55935,7.619163,885.568,11
55936,5.727055,2025.705,2
55939,5.450561,2026.782,8
55940,6.841973,2766.856,15
55941,4.056669,1114.448,3
55943,6.047888,2666.889,8
55944,12.341007,7145.294,16
55945,4.806497,1251.711,6
55946,5.949545,3359.857,22
55947,10.725356,6678.531,6
55949,6.211675,1882.866,11
55951,7.335562,1711.411,10
55952,5.5,2634.165,2
55953,7.469123,815.976,7
55954,6.046701,1298.475,11
55955,5.905521,2680.73,6
55956,4.283052,1734.678,11
55957,5.725552,782.432,7
55959,8.378583,291.497,2
55960,3.873221,8.142,4
55961,8.105678,314.27,14
55962,6.448792,743.106,9
55963,7.305109,3672.675,6
55964,11.471937,4196.617,13
55965,6.315159,2530.14,12
55967,5.821427,838.506,10
55968,5.372316,178.015,6
55970,5.984942,894.427,7
55971,6.622682,2937.806,11
55972,8.41803,4989.363,7
55973,3.721109,322.089,9
55974,5.384029,2207.086,9
55975,9.234896,4323.599,18
55976,9.788161,7888.684,15
55977,7.284823,203.748,6
55979,6.348122,1004.002,7
55981,7.690153,4059.979,9
55982,3.471155,488.836,5
55983,9.236803,1760.348,10
55985,5.804368,1992.48,15
55987,8.576226,20996.744,23
55990,7.594869,982.162,8
55991,3.873221,1416.756,4
55992,9.296231,5016.468,13
56001,7.74298,47612.775,40
56002,10.652014,846.235,2
56003,7.187831,15133.975,15
56007,7.462323,20961.379,31
56009,4.684406,1556.41,12
56010,4.068809,1144.245,8
56011,4.661466,702.5,8
56013,7.449787,4194.19,19
56014,4.939789,642.584,6
56016,4.373058,1015.451,8
56017,5.73183,1843.854,7
56019,6.683869,900.318,14
56020,4.888037,2.181,3
56021,4.353819,1065.435,7
56022,6.923871,140.885,4
56023,5.665964,472.64,5
56024,6.390346,2905.771,8
56025,4.599902,495.179,9
56026,5.458405,1858.305,17
56027,5.492671,816.364,8
56028,6.502491,1507.431,9
56029,4.888288,669.626,5
56031,8.61436,6027.469,15
56032,4.006856,320.631,3
56033,4.946541,354.59,3
56034,6.108468,447.63,6
56035,4.846696,490.383,7
56036,4.210379,2032.595,8
56037,4.44089,1882.375,12
56039,4.897257,955.356,14
56041,4.098755,1092.22,11
56042,4.029292,690.755,9
56043,4.278717,318.191,6
56044,4.679658,2111.306,12
56045,4.836756,862.365,3
56046,3.472253,87.949,3
56048,6.402196,4364.491,18
56050,5.482012,1418.887,6
56051,4.946367,734.526,6
56052,5.744724,806.003,15
56054,4.429784,840.546,15
56055,6.205535,4048.847,9
56056,8.439216,99.902,4
56057,6.056519,3181.182,6
56058,5.488289,5206.656,19
56060,3.840855,243.56,7
56062,6.56918,3437.683,18
56063,6.177485,3221.794,18
56065,5.808309,2871.491,15
56068,4.924806,1007.433,9
56069,5.842004,4051.354,12
56071,8.460404,6000.624,3
56072,5.587635,2458.78,16
56073,7.702512,16754.154,25
56074,4.525781,1866.438,7
56078,5.722394,492.758,13
56080,4.796244,112.718,3
56081,7.569876,5792.019,16
56082,6.873435,14005.502,14
56083,6.35388,853.103,11
56085,7.49525,5042.257,15
56087,7.749337,2952.704,22
56088,5.944906,1833.089,14
56089,4.888037,231.197,3
56090,3.864536,638.538,3
56091,6.111243,180.807,7
56093,7.586008,12294.528,21
56096,6.492586,2978.057,17
56097,6.635991,3653.287,18
56098,6.112027,2098.888,12
56101,6.183468,5946.907,16
56110,5.678337,1789.889,6
56111,4.116647,416.154,9
56113,5.922166,190.436,6
56114,6.678686,341.568,8
56115,4.61761,1355.215,6
56116,4.837017,690.699,6
56117,3.540135,334.981,3
56118,6.614685,420.061,12
56119,3.82658,975.965,11
56120,4.237531,1052.931,8
56121,3.113108,739.811,4
56122,5.509563,528.829,6
56123,4.65469,480.758,5
56125,6.6973,67.582,3
56127,3.223339,411.459,7
56128,6.82032,2001.33,13
56129,3.807739,818.786,6
56131,5.202877,2405.971,17
56132,4.491539,578.404,6
56134,4.719137,468.052,3
56136,6.036998,1288.779,3
56137,5.267995,1166.529,14
56138,5.860154,843.694,3
56139,4.276557,448.588,2
56141,5.421511,320.59,7
56142,6.022693,939.787,6
56143,6.537538,4420.165,10
56144,4.37846,1319.101,7
56145,5.495197,596.326,10
56146,5.860154,44.074,3
56147,4.953441,201.795,6
56149,6.9818,1316.055,9
56150,5.238873,2744.116,9
56151,5.26638,820.021,8
56152,6.265965,1361.258,11
56153,5.870952,226.852,3
56155,5.870952,406.173,3
56156,6.702022,5960.354,9
56157,3.810691,751.016,7
56158,5.848271,400.959,9
56159,5.926749,2643.618,13
56160,4.35222,219.909,10
56161,5.252764,383.477,3
56162,4.968841,248.898,7
56164,7.857904,5397.089,13
56165,3.398722,342.528,4
56166,6.25746,183.762,8
56167,4.014326,742.995,6
56168,3.791059,960.67,10
56169,4.596237,731.402,7
56170,4.357313,626.172,10
56171,5.015764,1786.748,8
56172,6.171076,2938.211,8
56173,5.860154,337.897,3
56174,5.500279,358.806,7
56175,6.839134,3007.158,15
56176,6.207172,1080.429,7
56178,6.987564,1683.453,9
56180,4.988214,1444.869,10
56181,5.064726,1216.226,11
56183,5.597347,1294.45,10
56185,5.551409,595.001,10
56186,6.057768,380.581,9
56187,7.25121,14484.822,22
56201,8.49923,23706.317,26
56207,3.928285,267.842,4
56208,7.642924,2121.102,11
56209,4.366681,2462.302,11
56210,4.820633,16.353,2
56211,4.948563,363.796,4
56212,3.167744,366.459,5
56214,5.325383,785.135,9
56215,7.675938,4465.154,14
56216,4.369463,523,6
56218,6.563718,545.151,6
56219,5.238684,721.885,4
56220,6.471047,2759.29,15
56221,4.084968,540.51,7
56222,6.525649,1947.801,8
56223,5.150863,1431.09,11
56224,4.659188,372.181,6
56225,5.301176,595.83,7
56226,4.019147,162.782,5
56227,5.678775,280.51,4
56228,4.380746,913.488,10
56229,6.541204,1781.478,13
56230,6.677772,641.31,8
56231,4.325975,434.974,2
56232,7.012686,2193.838,8
56235,4.100314,538.855,10
56236,5.287122,313.994,3
56237,3.818436,624.917,6
56239,3.92083,601.964,7
56240,4.956559,865.379,5
56241,6.406956,4066.107,14
56243,4.332721,1663.831,9
56244,5.114975,1397.21,16
56245,3.974022,452.752,11
56248,5.911294,868.855,10
56249,7.087335,271.743,5
56251,7.00267,980.261,5
56252,5.515138,922.826,11
56253,4.724337,1128.874,6
56255,4.898329,337.621,3
56256,6.700752,2437.07,8
56257,3.047323,559.649,2
56258,8.300146,15551.959,24
56260,5.875348,827.802,8
56262,4.549743,478.063,7
56263,4.72373,295.555,6
56264,6.330053,2174.445,13
56265,5.738404,1854.973,11
56266,4.651725,1603.039,7
56267,6.892374,7254.943,11
56270,5.732063,1043.28,8
56271,5.609953,1390.224,7
56273,5.386693,4311.133,8
56274,6.053894,193.971,6
56276,5.218929,329.76,3
56277,7.758462,3362.878,13
56278,7.266218,2746.997,12
56279,4.545172,885.302,6
56280,5.219486,450.802,9
56281,4.345306,700.139,3
56282,4.664019,1705.808,11
56283,8.050216,6543.531,14
56284,5.689719,1973.63,11
56285,3.772072,1000.406,5
56287,5.679663,94.128,6
56288,6.297157,5468.038,14
56289,3.743261,585.304,12
56291,6.183643,470.821,13
56292,4.895443,516.809,12
56293,5.65995,1144.638,6
56294,5.699911,93.988,3
56295,4.432357,358.654,2
56296,7.20567,1996.953,5
56297,3.881594,820.863,15
56301,8.531668,23201.211,19
56302,10.916535,1220.904,3
56303,9.065551,14345.748,24
56304,6.142536,8619.462,8
56307,7.687233,4935.223,13
56308,5.906904,14289.462,25
56309,6.560561,1097.659,7
56310,5.432402,5196.586,9
56311,5.932673,656.608,5
56312,4.850719,2205.649,15
56313,5.718146,109.705,3
56314,4.907339,1111.045,9
56315,5.520485,1492.277,8
56316,4.780767,1763.546,19
56318,3.836171,1344.501,9
56319,5.04182,1131.645,17
56320,6.335631,6805.793,4
56321,4.364964,7.327,3
56323,3.646128,422.238,7
56324,4.726828,1040.637,7
56325,5.095183,185.437,4
56326,5.411787,1449.952,10
56327,4.837652,858.955,11
56328,5.413792,113.726,4
56329,4.997761,6897.64,13
56330,6.024847,1701.929,11
56331,5.375643,2037.318,13
56332,5.467503,1182.626,12
56334,6.587121,5770.79,17
56335,5.684686,8.418,3
56336,4.517236,1441.884,15
56338,3.865406,2010.443,11
56339,5.878106,1205.21,6
56340,4.265602,2278.001,12
56342,5.077031,2740.279,10
56343,5.0841,764.759,15
56345,7.326698,14619.864,27
56347,5.378233,6640.549,24
56349,5.771671,757.503,8
56350,3.941413,316.014,4
56352,6.403783,6125.351,16
56353,6.30482,8972.999,21
56354,4.624643,1443.132,10
56355,4.925241,476.388,3
56356,5.684686,277.802,3
56357,5.548834,1138.321,10
56358,3.955659,3139.81,16
56359,5.79429,3364.309,7
56360,5.097982,4161.283,19
56361,5.456466,2094.585,12
56362,6.659661,4865.944,19
56363,5.718146,195.561,3
56364,4.530849,5295.348,18
56367,4.716956,6977.887,22
56368,6.335631,304.207,4
56373,5.228454,3034.512,17
56374,4.448344,2105.923,5
56375,4.364964,879.254,3
56377,6.57455,9800.974,12
56378,6.620611,7955.581,28
56379,7.66981,8444.171,11
56381,5.230243,2533.941,6
56382,4.598864,1440.245,11
56384,4.948564,332.61,4
56385,4.088575,765.593,12
56386,5.748535,612.237,5
56389,4.224726,76.706,4
56401,7.007621,19065.279,24
56425,7.330862,4807.496,7
56431,6.661546,5251.551,15
56433,5.682266,1523.61,14
56434,3.988131,192.498,9
56435,5.302327,2467.415,17
56437,3.636314,1360.298,9
56438,4.623249,2692.605,16
56440,4.822252,1385.225,6
56441,4.976711,352.126,6
56442,6.651759,2450.059,9
56443,4.351868,1627.195,11
56444,4.748246,15.015,2
56446,4.996514,1619.37,12
56447,4.737014,860.184,2
56448,4.835004,356.089,7
56449,4.730411,1813.976,12
56450,5.431907,1503.325,4
56452,5.592866,2318.395,11
56453,4.0114,862.123,10
56458,4.232103,299.596,7
56461,3.817926,3122.013,14
56464,4.959792,4291.858,18
56465,3.666667,1691.16,2
56466,4.691857,1692.41,14
56467,5.39622,2771.331,11
56468,6.866542,2976.651,10
56469,4.837043,1111.546,6
56470,6.13032,10900.106,27
56472,5.529728,2336.115,11
56473,5.659356,1526.401,9
56474,5.421004,4360.476,15
56475,5.168783,1621.706,11
56477,4.990685,2566.97,22
56479,6.090198,5138.284,20
56481,4.712503,2082.051,21
56482,6.335689,6355.901,32
56484,6.024948,3101.808,12
56501,7.077371,16469.108,27
56502,9.346769,1315.086,3
56510,7.377515,2386.198,9
56511,5.587527,1996.437,9
56514,5.356712,3730.244,11
56515,5.687778,3416.193,13
56516,6.167072,251.525,7
56517,5.295397,269.433,10
56518,4.605762,282.966,8
56519,5.987017,296.096,13
56520,6.67643,3674.004,8
56521,3.370449,582.052,7
56522,3.952492,600.915,9
56523,5.174192,570.052,3
56524,5.515077,920.719,11
56527,4.964451,761.898,9
56528,4.46596,1882.572,11
56531,6.73787,1943.171,12
56533,4.515042,299.686,8
56534,4.851677,1025.539,5
56535,5.221289,1371.477,7
56536,3.930452,456.434,6
56537,7.197003,18220.26,27
56538,8.000265,570.421,5
56540,6.382387,1913.883,14
56541,4.797854,57.502,4
56542,4.882509,2711.876,11
56543,3.831777,273.927,7
56544,4.378955,4893.584,15
56545,4.797854,655.522,4
56546,3.257783,211.211,5
56547,5.238893,1097.035,10
56548,6.092062,667.346,2
56549,5.961468,4899.767,8
56550,6.092062,414.787,2
56551,5.02968,2264.916,9
56552,6.006422,423.843,8
56553,3.827695,292.743,4
56554,4.944884,2520.519,17
56556,5.224439,994.637,9
56557,5.761451,2863.824,12
56560,12.602075,19197.698,23
56561,15.774078,912.057,4
56563,14.589513,5.258,7
56565,4.139917,110.462,7
56566,3.01251,275.333,2
56567,4.909969,3084.499,16
56568,5.222024,212.256,5
56569,3.13497,1310.585,4
56570,3.298247,1327.191,9
56571,4.81752,1902.374,6
56572,5.684488,5526.356,22
56573,5.880657,6475.883,14
56574,6.132049,253.254,7
56575,3.248653,853.367,9
56576,4.828096,1098.331,11
56578,4.680476,1121.917,10
56579,4.265494,1104.86,12
56580,5.47621,47.921,4
56581,6.092062,269.15,2
56583,6.237569,184.59,10
56584,4.800345,1417.239,8
56585,6.004235,1022.975,16
56586,5.709869,1898.684,10
56587,4.359691,1188.242,7
56588,5.451366,560.459,9
56589,3.776243,2230.117,14
56590,6.742489,328.231,5
56591,3.13497,192.128,4
56592,5.286413,391.068,8
56594,3.827695,413.957,4
56601,6.773096,11213.968,16
56621,5.114413,4753.648,16
56623,6.830011,1949.2,4
56626,6.405144,369.518,5
56627,4.725474,246.6,3
56630,4.069677,2067.815,12
56633,5.232581,4420.066,11
56634,4.353528,1457.477,7
56636,5.294582,2323.555,7
56639,4.725474,39.6,3
56641,4.530786,271.254,8
56644,4.349335,844.942,8
56646,4.974524,379.306,8
56647,3.875954,657.167,9
56649,6.393978,4523.077,8
56650,4.830913,3723.108,5
56651,3.564654,842.72,6
56652,4.284981,620.255,11
56653,5.180546,1070.149,6
56654,4.725474,169.2,3
56655,4.7808,1375.995,11
56658,4.725474,18,3
56659,5.319888,108.432,2
56660,4.725474,266.4,3
56661,4.685791,509.958,5
56662,4.737338,609.108,7
56663,2.851992,206.637,5
56667,3.97736,634.709,7
56669,5.409505,265.506,3
56672,4.691502,1978.868,5
56673,3.580834,378.088,3
56676,3.157077,1804.256,14
56678,3.506798,421.947,6
56680,5.319888,171.52,2
56681,5.319888,248.408,2
56683,3.740421,630.131,7
56684,4.985909,412.995,6
56685,4.49748,92.309,2
56701,6.741067,12967.882,20
56710,6.391093,470.911,9
56713,6.099134,900.086,9
56714,5.117652,1288.713,4
56715,4.360461,342,2
56716,7.337518,9273.157,19
56721,10.79164,9955.283,13
56722,3.293862,375.188,3
56723,5.049947,969.433,6
56724,4.557241,197.606,3
56725,4.64775,1118.975,6
56726,5.823105,1497.803,4
56727,4.815361,3579.241,8
56728,6.184032,1310.018,7
56729,6.422011,149.582,4
56731,6.155143,100.749,3
56732,6.262451,1043.928,9
56733,6.174196,408.147,7
56734,6.422011,477.885,4
56735,6.298302,786.49,9
56736,5.632825,1244.232,9
56737,4.554619,842.354,6
56738,3.669495,1318.363,6
56740,6.155143,14.393,3
56742,4.371593,815.746,11
56744,5.873723,683.227,6
56748,4.472288,578.839,8
56750,6.417009,2434.597,12
56751,5.981402,5592.069,13
56754,3.29423,479.536,5
56755,6.155143,165.516,3
56756,4.414038,866.535,5
56757,6.270754,855.278,6
56758,3.488312,415.236,3
56759,5.68598,388.084,8
56760,3.484679,409.887,5
56761,4.567314,508.664,5
56762,5.90885,2746.136,9
56763,5.250981,4961.66,5
57001,5.950311,1767.251,6
57002,4.184052,1385.784,7
57003,5.610472,2097.16,5
57004,5.459504,3921.375,10
57005,6.65931,10830.995,12
57006,7.474575,20219.244,19
57010,5.106582,595.7,13
57012,4.970162,981.798,3
57013,6.962088,4257.797,10
57014,5.180861,1676.75,11
57015,5.575232,762.273,7
57016,4.210079,644.954,5
57017,3.748854,1328.633,5
57018,4.228444,1416.193,5
57020,5.4518,1511.902,6
57021,5.405309,255.517,11
57022,7.018841,5116.326,12
57024,7.097008,415.03,6
57025,7.437694,2771.321,6
57026,4.125378,1326.785,7
57027,4.735687,157.809,3
57028,6.949821,3462.26,6
57029,6.901068,2036.828,11
57030,5.80728,2653.148,7
57031,3.578045,567.881,9
57032,6.463676,6408.638,3
57033,6.433662,5535.23,10
57034,4.750284,830.806,6
57035,6.247086,1205.342,9
57036,5.396494,808.276,8
57037,4.20274,961.414,13
57038,7.480911,2.186,3
57039,6.215797,3913.484,15
57040,3.580971,456.894,8
57041,4.228781,123.061,3
57042,4.533345,1875.124,11
57043,5.533112,1397.678,14
57045,6.766672,1198.881,14
57046,3.543429,706.042,9
57047,5.368888,243.988,7
57048,6.052814,1048.855,15
57050,4.707013,199.326,3
57051,5.877916,253.203,10
57052,5.776051,284.108,5
57053,5.51305,1737.62,14
57054,4.717073,588.6,10
57055,5.68347,1128.313,8
57057,4.681162,170.273,6
57058,6.240703,2205.976,12
57059,6.520685,1273.469,12
57061,5.542553,97.549,4
57062,6.391029,1928.351,5
57063,5.956632,833.478,8
57064,6.064701,194.441,11
57065,3.823777,415.324,6
57066,6.558409,1559.399,5
57067,3.53024,500.321,5
57068,3.54752,1561.987,8
57069,7.370546,12043.381,12
57070,5.333013,1319.118,9
57071,5.512339,2947.604,10
57072,3.667381,633.45,9
57073,4.218825,627.204,8
57075,4.242327,1308.577,8
57076,5.198617,316.914,6
57077,6.201409,1227.786,7
57078,7.723498,19208.19,19
57103,12.942789,30080.022,30
57104,13.9947,19606.976,33
57105,13.5039,17754.302,24
57106,11.006772,30254.888,17
57107,8.737712,9571.375,14
57108,8.08463,259.776,12
57110,10.647801,13751.134,16
57118,13.516978,1494.869,4
57201,7.31171,20651.776,18
57212,5.784766,2037.033,16
57213,4.866271,267.507,7
57214,5.916121,98.984,4
57216,6.206203,1380.13,11
57217,5.792624,312.721,8
57218,5.01463,303.148,3
57219,4.449823,504.393,2
57220,5.547343,782.604,6
57221,5.613093,878.022,15
57223,6.410366,1204.872,8
57224,5.172594,153.806,4
57225,5.802341,1855.608,6
57226,7.402369,2041.408,6
57227,5.371518,412.801,9
57231,6.683079,1711.023,6
57232,5.929467,456.684,5
57233,5.898269,137.215,7
57234,6.262079,1214.906,9
57235,4.704802,932.693,4
57236,5.802341,148.618,6
57237,5.01463,769.838,3
57238,5.014417,466.927,9
57239,5.545487,441.812,2
57241,5.59997,958.861,7
57242,5.418702,455.089,5
57243,4.737498,720.16,11
57245,4.948312,27.867,2
57246,2.827509,187.232,2
57247,5.932346,616.372,3
57248,5.850355,1304.943,9
57249,5.917809,965.818,6
57251,6.766179,111.655,9
57252,6.602492,4512.718,11
57255,5.172594,428.848,4
57256,3.582941,225.892,9
57257,3.890791,801.016,5
57258,5.74501,223.014,8
57259,3.400373,533.005,5
57260,5.172594,915.599,4
57261,4.632338,306.03,4
57262,6.7532,5310.276,13
57263,4.608016,436.761,13
57264,2.851112,227.632,4
57265,3.142355,182.303,7
57266,3.560428,799.778,5
57268,4.938913,398.856,11
57269,4.137906,375.188,11
57270,5.894354,759.898,7
57271,5.753887,232.262,9
57272,4.75192,208.294,8
57273,5.482096,1029.962,7
57274,7.457734,2656.183,12
57276,4.189938,1008.589,4
57278,5.802341,653.921,6
57279,5.183491,1142.996,12
57301,8.394976,12507.596,15
57311,5.164259,1530.519,6
57312,5.260022,513.618,9
57313,6.166523,1081.729,9
57314,5.819957,775.045,5
57315,6.381568,1542.918,5
57317,6.272431,474.69,2
57319,5.267507,1057.546,13
57321,5.762343,362.915,9
57322,4.428703,247.185,10
57323,5.891834,275.031,8
57324,3.623365,389.467,2
57325,8.126263,3514.54,8
57328,6.149571,1170.879,10
57329,6.631564,348.212,3
57330,6.225854,485.644,8
57331,6.216052,487.665,8
57332,5.335687,861.669,12
57334,4.524077,899.194,8
57335,6.272431,299.909,2
57337,5.826221,167.318,6
57339,5.385939,394.463,2
57340,5.174604,363.851,6
57341,5.386797,746.212,4
57342,6.578321,765.323,8
57344,6.155631,179.068,3
57345,6.634663,1086.551,7
57346,6.647633,82.891,2
57348,4.496577,568.785,8
57349,5.82623,1388.44,3
57350,7.937104,15514.761,20
57353,5.670045,722.803,10
57354,5.71394,82.647,2
57355,4.900359,1216.813,5
57356,5.917464,2310.334,3
57358,5.826005,51.379,3
57359,5.659417,702.867,10
57362,7.047266,2109.544,6
57363,4.301744,1098.834,10
57364,6.155631,94.011,3
57365,5.915451,537.663,3
57366,6.634598,2552.779,13
57367,5.917464,362.69,3
57368,5.902138,1135.666,4
57369,6.622141,2139.781,12
57370,5.105869,1208.719,8
57371,3.388463,245.831,4
57373,5.80985,380.798,4
57374,5.970003,354.479,9
57375,5.890569,677.516,10
57376,5.771167,981.826,7
57379,4.744681,111.344,2
57380,6.546246,3369.584,6
57381,4.140952,636.665,4
57382,5.676543,1581.423,10
57383,5.876617,760.553,7
57384,4.746951,861.46,4
57385,5.810072,1152.955,9
57386,3.848773,215.558,4
57401,8.039379,31394.974,31
57402,6.797596,1263.926,3
57420,6.165089,178.187,2
57421,5.932346,88.738,3
57422,4.559131,262.012,5
57424,4.20159,366.448,7
57426,3.87761,46.734,5
57427,4.487047,549.65,8
57428,6.191725,637.74,7
57429,3.821757,105.44,2
57430,5.932346,2172.891,3
57432,4.355197,330.19,8
57433,3.87761,442.177,5
57434,4.515901,518.086,13
57435,5.594787,331.355,5
57436,3.821757,503.53,2
57437,6.343077,1512.45,5
57438,5.546727,1316.353,3
57439,6.710216,42.235,3
57440,3.839852,401.532,4
57441,3.87761,571.595,5
57442,8.160565,1721.621,4
57445,6.460935,2100.592,10
57446,3.87761,550.025,5
57448,6.224925,417.884,5
57449,3.87761,185.139,5
57450,7.7173,494.159,4
57451,5.874457,2140.106,9
57452,6.099314,312.805,4
57454,5.774627,667.504,10
57455,8.172829,121.21,2
57456,6.40738,692.036,5
57457,6.409264,159.952,3
57460,5.941344,386.954,15
57461,4.187342,383.513,7
57465,4.679329,312.657,5
57466,5.728123,197.799,5
57467,4.114126,297.976,5
57468,4.449823,268.375,2
57469,6.934575,3451.942,12
57470,4.558341,175.324,5
57471,6.17101,691.056,7
57472,6.16448,992.705,4
57473,6.090317,170.482,5
57474,6.629235,262.184,9
57475,7.144727,162.807,4
57476,4.117864,475.678,4
57477,3.821757,180.754,2
57479,6.710216,481.476,3
57481,4.690843,415.781,10
57501,7.715678,17184.402,17
57520,6.471575,178.397,2
57521,7.059851,265.852,2
57522,5.758784,300.6,4
57523,6.250273,973.024,7
57528,4.510173,650.496,2
57529,5.43003,433.275,6
57531,7.166667,195.884,1
57532,7.789438,2896.515,5
57533,6.141944,2020.66,9
57534,4.648572,217.288,5
57536,5.793152,528.707,6
57537,7.743996,92.596,4
57538,6.272431,276.075,2
57540,6.647633,132.626,2
57541,4.510173,107.184,2
57543,7.054963,481.417,4
57544,5.869392,406.145,4
57547,3.287015,730.495,2
57548,5.5,1560.972,1
57551,6.369282,2736.12,4
57552,6.445567,885.762,4
57553,6.4065,270.156,2
57555,3.60065,2758.019,4
57559,6.925757,509.265,3
57560,3.906875,294.46,4
57562,7.166667,67.606,1
57563,3.60065,1121.594,4
57564,6.473794,771.903,6
57566,3.60065,1838.679,6
57567,6.43044,882.423,4
57568,5.915451,387.866,3
57569,5.915451,601.862,3
57570,2.982515,3091.416,3
57571,6.272431,53.626,2
57572,2.982515,1207.584,3
57574,3.864016,201.884,2
57576,5.915451,219.345,3
57577,3.287015,1392.505,2
57579,3.917194,1165.039,2
57580,6.051598,4314.008,11
57584,4.567243,134.791,5
57585,3.917194,604.094,2
57601,7.781325,3632.976,8
57620,6.527061,434.808,3
57621,2.699729,203.55,2
57622,4.100213,534.164,2
57623,4.115423,1141.809,4
57625,5.7452,3837.725,7
57626,4.150463,622.585,6
57630,5.600173,78.287,3
57631,6.104605,360.177,4
57632,5.801161,530.435,2
57633,5.600173,804.62,3
57634,2.699729,156.577,2
57636,5.600173,182.67,3
57638,6.379331,1893.05,5
57639,2.699729,240.085,2
57640,6.527061,125.784,3
57641,2.699729,394.052,2
57642,4.843173,1934.104,4
57644,5.549142,296.189,5
57645,2.699729,297.496,2
57646,5.801161,202.862,2
57648,5.801161,404.061,2
57649,6.519715,228.074,4
57650,6.5,64.608,1
57651,6.503962,116.685,4
57652,5.600173,443.628,3
57656,5.600173,1356.98,3
57657,3.175205,159.186,5
57658,4.991606,514.157,2
57659,2.699729,33.925,2
57660,2.699729,112.214,2
57661,5.600173,187.02,3
57701,7.99895,38393.313,47
57702,7.072417,33657.947,33
57703,7.607015,8524.55,10
57706,4.716547,1390,5
57709,11.282109,2556.42,6
57714,3.864016,403.768,2
57716,3.864016,38.091,2
57717,4.556161,965.377,7
57718,4.578292,1207.504,9
57719,4.10758,3302.67,6
57720,6.5,619.158,1
57722,4.82571,315.775,6
57724,6.5,242.279,1
57730,6.292023,5619.258,9
57732,5.322175,17.791,3
57735,4.883401,993.128,6
57737,3.682129,36.682,3
57738,4.806654,172.706,3
57741,3.860044,57.95,3
57744,4.862327,1588.354,5
57745,5.365744,1753.129,5
57747,6.636627,6221.764,9
57748,3.682129,140.177,3
57750,7.059851,388,2
57751,6.177239,953.544,8
57754,5.322175,5.337,3
57755,6.5,169.595,1
57758,4.226554,120.708,9
57760,4.536434,1487.641,4
57761,3.682129,171.618,3
57762,4.500248,577.2,3
57763,4.925268,167.41,3
57766,4.925268,211.377,3
57767,3.682129,39.302,3
57769,3.849969,2336.488,6
57773,4.806654,186.386,3
57775,6.4065,93.654,2
57776,6.5,2.692,1
57782,4.925268,3.382,3
57783,7.897946,9028.535,6
57785,3.835108,1280.53,6
57787,3.682129,217.47,3
57788,4.24769,586.912,9
57791,3.682129,58.953,3
57792,3.682129,48.472,3
57793,3.872496,390.479,6
58001,4.893709,288.879,4
58002,6.365938,36.264,5
58004,7.364248,255.674,5
58005,5.722747,520.504,5
58006,5.589259,392.114,5
58007,5.666116,119.23,5
58008,5.272485,223.356,5
58009,3.534767,107.38,2
58011,5.71893,427.294,3
58012,7.665981,2604.512,3
58013,5.327462,133.982,4
58015,4.89994,238.77,5
58016,3.879874,147.185,4
58017,4.578876,380.504,6
58018,4.941179,391.468,4
58021,5.741116,393.141,3
58027,5.727927,1389.489,9
58029,5.631207,145.335,5
58030,4.221065,635.446,2
58031,4.497313,375.903,5
58032,5.258716,646.213,6
58033,4.003878,413.594,4
58035,3.882909,274.278,9
58036,5.564554,271.253,2
58038,5.070821,315.321,4
58040,4.081467,994.998,5
58041,6.270496,1566.26,5
58042,5.777927,113.499,5
58043,5.327462,184.443,4
58045,7.252703,2180.897,6
58046,5.434085,406.759,7
58047,5.717371,756.443,5
58048,5.482791,544.026,4
58049,3.635658,342.406,9
58051,5.586237,1697.437,5
58052,5.623494,633.492,10
58053,6.251701,1116.416,7
58054,7.355066,3065.164,8
58056,4.831756,221.612,9
58057,5.50868,150.468,6
58058,6.374039,120.626,3
58059,6.829638,293.456,6
58060,5.316311,1145.923,15
58061,5.216739,402.685,5
58062,3.370866,140.3,4
58063,3.164957,251.502,2
58064,5.472789,471.57,7
58065,3.164957,16.546,2
58067,5.327462,234.904,4
58068,6.204241,333.317,7
58069,4.066963,170.263,4
58071,5.32523,422.192,5
58072,7.643358,7890.436,13
58075,7.802058,9258.573,12
58077,4.897731,714.734,4
58078,13.765066,9205.856,7
58079,6.924092,547.547,9
58081,5.193563,941.212,7
58102,12.446214,21015.112,21
58103,14.348823,28726.706,35
58104,10.750662,12108.009,7
58105,17.387018,182.315,11
58106,14.319944,1455.124,3
58107,17.387018,469.041,2
58108,17.387018,168.79,2
58109,14.319944,89.046,3
58201,14.130067,23888.947,24
58203,15.691137,12251.311,14
58204,5.793855,2632.165,2
58205,5.793855,4.803,5
58207,5.793855,38.426,2
58210,4.666667,309.188,2
58212,6.113988,486.455,8
58214,6.072766,569.676,6
58216,4.901961,157.218,2
58218,5.614046,682.334,3
58219,3.534767,81.083,2
58220,6.015097,261.158,6
58223,5.199205,406.406,5
58224,5.983103,54.107,6
58225,5.346041,1102.365,4
58227,4.563191,360.562,8
58228,5.947236,558.761,8
58229,4.480843,123.633,9
58230,5.610995,805.59,2
58231,4.092074,400.968,7
58233,4.185436,353.332,7
58235,4.775461,381.41,2
58236,5.618785,37.368,2
58237,6.953755,5292.897,9
58238,5.177702,165.142,4
58239,3.619834,74.232,3
58240,5.682805,1148.179,7
58241,5.618785,11.21,2
58243,3.78528,406.859,3
58244,4.775461,148.988,2
58249,7.458304,2482.653,5
58250,4.666667,209.45,2
58251,6.029072,1549.57,6
58254,6.024829,656.408,4
58255,3.619834,6.905,3
58256,4.775461,764.807,2
58257,7.206288,2161.043,8
58258,4.948237,224.512,4
58259,6.019198,400.921,6
58260,3.628757,195.01,5
58261,4.233769,1176.758,7
58262,3.619834,1.726,3
58265,5.174579,498.891,4
58266,5.907443,286.564,8
58267,6.882587,1278.83,4
58269,3.619834,150.189,3
58270,7.114061,1956.028,7
58271,4.901961,621.203,2
58272,6.024829,233.465,4
58273,3.78528,235.34,3
58274,6.675055,859.07,10
58275,5.614046,276.736,3
58276,5.618785,439.071,2
58277,5.610995,277.85,2
58281,3.619834,136.379,3
58282,5.908969,1389.061,5
58301,7.971172,10259.345,12
58310,5.270005,20.925,5
58311,3.619834,81.137,3
58313,7.051884,64.949,5
58316,4.786558,6215,12
58317,5.422623,271.52,5
58318,7.388522,4018.31,5
58321,5.065453,142.705,10
58323,3.870911,54.091,6
58324,5.432841,1315.776,7
58325,4.785049,34.07,7
58327,4.778104,280.466,8
58329,4.402873,2661.79,13
58330,4.732561,291.798,9
58331,5.435367,134.648,3
58332,6.857287,32.407,3
58335,4.01807,591.786,2
58338,4.556065,81.43,7
58339,5.435367,59.843,3
58341,6.935342,2528.731,9
58344,5.995569,702.96,8
58345,4.717823,131.926,6
58346,5.716582,18.764,5
58348,4.681473,52.994,5
58351,4.01807,823.702,2
58352,3.712242,367.417,6
58353,5.253776,181.025,2
58355,3.619834,75.958,3
58356,6.750987,1743.164,9
58357,4.01807,999.639,2
58361,6.024829,194.554,4
58362,4.747279,66.01,4
58363,5.38037,115.349,5
58365,5.435367,244.984,3
58366,5.277482,1661.811,4
58367,7.48496,1661.644,12
58368,7.284186,3560.645,9
58369,4.430171,2118.406,10
58370,3.851392,1012.3,4
58372,4.257709,101.132,6
58374,4.993539,938.435,10
58377,4.775158,273.469,10
58379,3.843098,219.49,2
58380,5.993783,422.816,13
58381,4.315604,588.357,9
58382,4.747279,144.899,4
58384,4.884573,647.834,9
58385,7.814246,184.631,4
58386,8.164751,30.933,2
58401,6.968083,10737.892,17
58402,10.854676,1355.755,6
58413,7.049865,1154.611,5
58415,5.739454,145.267,4
58416,6.131877,426.618,2
58418,4.964235,338.048,6
58420,3.472563,271.11,2
58421,7.365833,2821.653,11
58422,4.968247,178.273,3
58423,4.95381,82.201,6
58424,4.344575,295.192,6
58425,6.130384,1219.357,4
58426,3.472563,198.19,2
58428,4.878659,287.631,3
58429,3.393599,406.707,5
58430,5.666667,107.791,1
58431,5.760417,157.652,2
58433,5.662483,1026.139,4
58436,7.666989,1677.541,4
58438,4.968247,543.227,3
58439,3.838446,269.356,2
58440,6.69139,232.503,5
58441,3.838446,221.823,2
58442,6.294277,484.233,6
58443,7.452584,205.053,3
58444,5.666667,254.61,1
58445,7.372377,131.27,6
58448,6.131877,333.091,2
58451,4.968247,164.818,3
58452,6.131877,22.972,2
58454,5.569106,390.079,8
58455,4.279086,307.182,5
58456,5.659592,632.567,7
58458,7.037662,1073.859,9
58460,6.861943,271.773,5
58461,4.232875,466.163,5
58463,5.666667,643.029,1
58464,7.13403,236.958,8
58466,5.260662,457.75,11
58467,4.418686,581.857,9
58472,5.073607,427.028,6
58474,6.97199,2702.882,13
58475,4.791762,181.526,5
58476,3.472563,317.853,2
58477,3.902464,165.011,2
58478,4.878659,162.738,3
58479,3.249885,223.957,5
58480,3.254285,270.51,3
58481,3.330752,298.882,5
58482,4.878659,885.6,3
58483,4.869612,362.295,9
58484,6.191742,80.781,5
58486,4.821435,266.676,5
58487,4.878659,456.046,3
58488,4.879722,283.425,6
58490,6.560854,239.228,4
58492,3.481958,397.374,7
58494,3.902464,374.52,2
58495,7.111877,1198.729,9
58496,3.481924,284.22,5
58497,4.381476,291.019,7
58501,9.049196,27985.587,32
58502,11.065091,1194.891,3
58503,7.321441,34498.564,18
58504,7.680432,26701.879,28
58506,11.065091,72.536,3
58507,11.065091,163.697,3
58520,6.170787,284.782,6
58521,4.344634,593.962,6
58523,7.795509,3925.001,7
58524,5.400421,155.624,9
58528,3.534801,692.22,4
58529,5.727253,584.609,4
58530,4.575647,970.264,4
58531,7.012325,270.274,5
58532,4.887897,285.934,7
58533,5.747059,970.987,2
58535,4.129221,629.998,5
58538,5.099888,2612.479,2
58541,3.811273,431.77,2
58542,5.67492,216.047,4
58544,5.67492,450.098,4
58545,6.345314,3727.723,9
58549,5.972716,195.605,9
58552,5.67492,1849.492,4
58554,7.690671,15290.949,12
58558,4.916021,773.823,2
58559,7.001374,228.356,6
58560,5.074566,156.688,6
58561,6.527636,991.037,5
58562,5.815339,421.073,6
58563,5.773977,2131.719,11
58564,5.747059,103.261,2
58565,7.012325,334.988,5
58566,3.830244,180.666,3
58568,3.475916,882.652,4
58569,5.710837,108.645,5
58570,3.628002,427.99,5
58571,3.951322,483.86,4
58572,4.896385,382.818,4
58573,5.67492,566.305,4
58575,7.012325,62.81,5
58576,7.012325,786.08,5
58577,7.012325,1713.007,5
58579,5.894879,1372.524,7
58580,3.811273,411.506,2
58581,7.136943,187.231,7
58601,7.499478,16972.697,22
58602,9.271342,1983.981,4
58620,4.802045,192.729,2
58621,5.650603,1112.236,3
58622,5.294212,2077.938,6
58623,7.367892,2255.709,5
58625,5.229211,220.578,5
58626,5.518806,531.415,3
58627,7,203.513,1
58630,4.556327,667.91,8
58631,6.140603,1171.64,8
58632,5.667375,283.39,2
58634,7,22.364,1
58636,5.518806,816.344,3
58638,6.053281,1094.423,13
58639,6.923579,1914.03,3
58640,5.520815,1648.492,4
58641,4.854575,153.617,5
58642,5.612555,388.676,4
58643,4.398338,124.628,3
58644,5.518806,15.829,3
58645,6.928529,203.231,3
58646,6.655616,1213.871,6
58647,5.722327,1229.354,8
58649,6.606129,457.747,6
58650,6.07668,438.861,5
58651,4.07029,349.795,3
58652,5.337659,1212.376,5
58653,3.873113,760.547,3
58654,5.667375,494.116,2
58655,4.717161,353.616,5
58656,5.271491,558.799,8
58701,8.581902,14670.56,28
58702,9.576414,1444.073,4
58703,7.638697,22356.638,31
58705,9.576414,3.796,4
58710,5.641208,524.556,6
58711,4.09561,202.065,2
58712,5.471043,189.125,2
58713,4.935527,34.736,2
58716,5.662473,18.663,3
58718,5.445848,845.745,16
58721,6.650019,518.111,5
58722,5.139936,1555.562,7
58723,5.596479,136.223,3
58725,5.652152,294.9,6
58727,6.666667,313.16,2
58730,4.964612,1224.556,2
58731,4.943097,296.594,5
58733,5.126944,265.668,4
58734,5.852186,329.363,9
58735,5.126944,316.112,4
58736,5.487071,567.087,3
58737,6.666667,246.732,2
58740,5.36361,710.625,10
58741,4.981649,518.138,4
58744,5.471043,250.75,2
58746,5.775963,1322.317,11
58748,3.567266,122.171,5
58750,4.355485,483.615,5
58752,6.666667,261.916,2
58755,5.697183,136.233,6
58756,5.575314,205.266,5
58757,5.93168,1083.04,4
58758,5.748483,235.831,9
58759,5.373591,233.78,7
58760,4.09561,253.468,2
58761,5.276786,980.418,5
58762,4.160975,211.429,4
58763,7.48825,3903.425,7
58765,4.964612,400.556,2
58768,5.206891,223.044,10
58769,6.650321,274.56,3
58770,6.831925,1567.618,6
58771,6.45368,391.376,8
58772,6.666667,155.631,2
58773,6.664764,672.298,5
58776,6.650321,192.05,3
58778,5.471043,12.75,2
58779,5.126944,174.87,4
58781,5.662473,638.848,3
58782,5.365328,445.42,5
58783,3.407167,303.154,3
58784,6.650446,3720.095,5
58785,5.232106,903.774,6
58787,5.415633,206.401,6
58788,4.988403,1206.109,7
58789,4.871923,421.319,4
58790,5.476666,1515.004,5
58792,5.471043,327.25,2
58793,4.09561,599.106,2
58794,6.614873,180.634,5
58795,5.468336,180.374,4
58801,9.010707,13256.589,15
58802,10.331428,2514.605,3
58830,5.423635,254.429,6
58831,4.666667,1145.125,1
58833,4.964612,128.178,2
58835,4.666667,63.914,1
58838,4.666667,258.319,1
58843,4.433597,451.921,4
58844,4.964612,199.133,2
58845,4.784316,279.36,4
58849,4.481573,780.988,4
58852,5.67658,1616.089,7
58853,4.659197,200.72,2
58854,9.419283,5996.261,5
58856,4.861217,155.734,6
59001,5.161443,1126.928,7
59002,4.845076,219.655,3
59003,4.989541,518.555,4
59006,4.450541,816.848,3
59007,4.333333,80.337,1
59008,4.512079,515.441,3
59010,6.663234,123.186,5
59011,6.964758,3111.156,10
59012,4.926016,62.848,2
59013,5.244898,2.063,5
59014,5.43991,1829.961,3
59015,4.83935,373.065,9
59016,2.735559,1553.46,3
59018,5.124862,447.561,2
59019,6.59548,4372.476,8
59020,5.081108,127.895,2
59022,4.561299,2799.226,2
59024,4.628536,404.824,7
59025,2.666667,338.026,1
59026,4.452205,130.542,6
59027,4.921422,706.196,5
59028,4.991975,576.034,2
59029,5.269898,658.326,3
59030,5.081108,1123.84,3
59031,4.558404,470.655,4
59032,5.550489,332.796,4
59033,6.972808,100.56,5
59034,8.237497,4867.595,6
59036,6.434078,1540.324,2
59037,4.450541,1303.898,3
59038,5.166667,627.424,1
59039,9.858688,65.755,2
59041,3.911499,1855.627,6
59043,5.902666,3204.271,2
59044,7.142975,9227.515,12
59046,5.048986,582.668,6
59047,8.944398,12345.721,14
59050,4.442544,1099.056,4
59052,6.083917,328.316,8
59053,5.14143,239.042,2
59054,3.813213,110.898,3
59055,6.972808,63.62,5
59057,5.286119,222.799,5
59058,6.549162,113.471,2
59059,3.813213,158.193,3
59061,4.991975,471.167,2
59062,4.629607,110.534,2
59063,5.432109,1933.857,2
59064,4.485477,257.818,7
59065,4.900479,236.809,5
59066,2.837426,1008.352,2
59067,5.432109,204.808,2
59068,7.101358,3544.484,6
59069,6.331094,685.968,10
59070,4.915223,1417.775,11
59071,5.244898,96.946,2
59072,6.079595,4290.388,9
59074,5.838549,363.124,5
59075,2.837426,275.005,2
59076,5.166667,34.416,1
59077,6.666667,72.871,1
59078,6.374072,171.901,8
59079,4.284806,3374.821,9
59081,5.081108,80.274,2
59082,5.038341,75.66,10
59083,9.858688,21.918,2
59084,5,8,1
59085,6.434078,124.22,2
59086,5.125018,870.349,4
59087,5.004693,417.538,4
59088,4.450541,1415.287,3
59089,4.452164,874.006,2
59101,8.70942,29691.348,44
59102,9.522326,39190.383,44
59103,8.224329,1408.42,3
59104,10.481086,1551.504,4
59105,6.669002,23419.138,22
59106,6.956968,7200.135,15
59107,10.079644,1368.086,4
59108,9.17473,930.212,3
59201,7.659075,5711.526,16
59211,5.9345,185.001,5
59212,6.190489,463.474,2
59213,5.496926,491.253,5
59214,6.355998,170.719,3
59215,6.259763,871.746,4
59217,4,41.081,1
59218,6.216851,1063.079,3
59219,4.404364,172.973,2
59221,6.476389,1463.167,5
59222,5.736991,330.736,6
59223,5.785001,113.429,4
59225,5.675211,461.124,3
59226,6.190489,396.992,2
59230,8.261624,5261.888,8
59240,4.344497,41.39,2
59241,4.384667,400.775,6
59242,4.884058,203.214,6
59243,4.31653,193.681,2
59244,5.011578,112.636,5
59247,4.404364,279.041,2
59248,5.101585,843.587,5
59250,4.344497,130.083,2
59252,6.536243,151.751,3
59253,5.787254,150.946,5
59254,6.524333,2044.546,5
59255,5.293821,3495.446,7
59256,6.536243,79.325,3
59257,6.519238,88.23,5
59258,4.888686,216.454,9
59259,4.286126,394.445,3
59260,4.908678,166.154,7
59261,7.661663,596.96,6
59262,4.0089,858.582,3
59263,5.789028,1186.739,2
59270,6.732015,3581.864,5
59273,4.344497,35.477,2
59274,6.364008,219.044,2
59275,4.462543,379.138,5
59276,5.789028,54.216,2
59301,8.692518,11488.225,14
59311,5.348761,165.033,2
59312,9.858688,49.316,2
59313,6.868687,2515.888,3
59314,4.629607,82.359,2
59315,4.340338,124.355,2
59316,5.348761,31.65,2
59317,4.629607,1055.493,2
59318,6.666667,132.318,1
59319,5.348761,61.039,2
59322,6.666667,86.294,1
59323,8.153732,2457.971,4
59324,5.348761,947.242,2
59326,6.058478,233.249,3
59327,8.771487,2594.347,5
59330,7.607727,8504.277,12
59332,5.348761,103.993,2
59333,4.926016,38.906,2
59336,5.671409,259.189,8
59337,6.666667,744.047,1
59338,5.396189,146.65,2
59339,4.36444,175.026,3
59341,6.166667,18.478,1
59343,4.629607,93.195,2
59344,6.868687,275.747,3
59345,4.629607,67.187,2
59347,7.865104,285.088,4
59349,6.16345,1048.412,3
59351,4.667538,221.176,4
59353,6.476509,1193.698,6
59401,9.61519,11411.726,24
59403,10.120711,1352.983,3
59404,7.874763,19609.536,29
59405,8.50196,20285.05,31
59406,8.290435,1412.693,4
59410,4.732276,694.242,2
59411,2.555953,491.28,5
59412,4.206265,1450.908,4
59414,5.380245,1411.909,10
59416,7.109489,372.988,9
59417,4.005504,8441.273,9
59418,5.408828,129.864,5
59419,6.141526,133.875,5
59420,7.005818,128.242,2
59421,4.68812,1833.998,7
59422,7.349346,2517.766,7
59424,5.540334,99.746,5
59425,7.138723,3491.599,9
59427,6.145659,4623.954,12
59430,5.548508,422.153,5
59432,5.461135,254.063,2
59433,5.380502,668.322,4
59434,2.555953,9.925,5
59435,7.806298,41.158,5
59436,5.543059,1950.543,10
59440,6.51905,191.283,5
59441,5.553818,122.058,3
59442,6.72958,1965.203,6
59443,4.582638,725.891,5
59444,6.160897,204.145,9
59446,4.419415,526.09,4
59447,5.207927,306.479,6
59448,5.461135,267.796,2
59450,4.419415,583.333,4
59451,5.553818,245.886,3
59452,5.329318,553.149,2
59453,6.297156,386.665,5
59454,4.985944,85.024,2
59456,7.085694,247.043,12
59457,5.553818,2264.272,3
59460,4.537041,308.419,6
59461,5.297884,57.74,7
59462,5.337076,204.772,5
59463,4.206265,312.771,4
59464,5.552883,479.617,5
59465,4.206265,139.009,4
59466,5.03614,210.229,7
59467,5.512466,84.945,5
59468,5.369852,662.713,7
59469,5.329318,153.764,2
59471,5.553818,279.496,3
59472,4.206265,590.789,4
59474,7.806298,3126.12,5
59477,4.552974,19.564,3
59479,5.329318,678.956,2
59480,4.206265,371.415,4
59482,4.985944,129.561,2
59483,4.552974,479.308,3
59484,4.985944,433.22,2
59485,4.559846,706.85,9
59486,5.448203,1780.147,12
59487,4.601396,1473.841,8
59489,5.553818,222.889,3
59501,7.733118,12834.476,22
59520,4.423654,1195.351,9
59521,5.210661,3305.625,11
59522,5.213889,1636.173,2
59523,6.294416,2196.413,7
59524,4.267968,475.872,6
59525,4.853971,220.762,2
59526,3.327898,2612.714,6
59527,2.122591,1153.845,3
59528,4.853971,201.566,2
59529,7.053394,111.536,2
59530,4.853971,119.02,2
59531,5.191494,493.632,4
59532,4.853971,178.53,2
59535,6.314783,98.269,3
59537,7.834505,78.421,4
59538,7.834505,3056.096,4
59540,4.834538,365.735,6
59542,7.061943,210.75,6
59544,7.834505,161.454,4
59545,5.173182,68.016,4
59546,7.834505,76.114,4
59547,6.314783,49.135,3
59601,9.270269,12786.975,27
59602,5.565628,19901.592,26
59604,7.968954,2066.054,5
59624,10.555726,1788.785,4
59625,10.555726,126.917,4
59631,6.591308,252.361,4
59632,6.58196,1683.24,8
59633,5.03299,136.706,3
59634,6.350907,5165.588,6
59635,6.810071,7185.507,16
59636,3.935845,228.993,2
59638,6.591308,816.103,4
59639,4.746099,1052.377,5
59640,5.03299,159.841,5
59641,4.402722,9.556,2
59642,5.14143,58.942,2
59643,4.402722,449.142,2
59644,6.418003,4042.208,4
59645,5.139312,1666.608,4
59647,4.402722,195.903,2
59648,4.372452,621.576,7
59701,12.919233,27455.799,43
59702,13.955604,1176.508,6
59710,6.880597,304.085,2
59711,7.02084,8890.85,22
59713,4.478848,141.828,2
59714,5.121119,3894.579,9
59715,13.356355,29175.41,35
59716,7.637834,2077.23,2
59718,9.266964,13092.596,30
59721,4.751524,446.307,7
59722,6.30267,5767.135,12
59725,7.044888,8331.612,8
59727,6.514971,231.221,7
59728,4.478848,270.762,2
59729,7.637834,1.121,2
59730,7.1624,2633.345,8
59731,5.15825,288.482,8
59732,4.768204,168.211,2
59733,4.478848,186.238,2
59736,5.573198,120.203,2
59739,5.573198,250.423,2
59740,4.282732,448.759,3
59741,6.13879,4604.374,10
59743,6.816631,112.725,5
59746,4.768204,13.692,2
59747,4.282732,4.699,3
59748,6.816631,271.747,5
59749,6.731462,1923.603,5
59750,6.816631,368.368,5
59751,4.282732,199.71,3
59752,6.72052,4346.693,12
59754,4.486824,1178.027,5
59755,6.880597,336.193,2
59756,3.340226,105.427,4
59758,9.497268,1464,2
59759,5.230735,3713.136,12
59760,7.421508,2.058,3
59761,5.573198,264.447,2
59762,4.790147,309.327,11
59771,17.248709,1148.201,3
59801,16.104166,11144.288,31
59802,12.6218,9957.498,9
59803,9.370556,16823.693,20
59804,11.281432,8063.496,10
59806,17.838084,2955.815,4
59807,18.745817,762.195,2
59808,12.007536,47.942,4
59820,5.971731,1458.111,3
59821,4.252729,2226.76,8
59824,5.925827,1641.881,8
59826,4.5,2.625,1
59827,3.809728,196.338,2
59828,5.11465,5799.302,5
59829,6.12045,2299.601,4
59830,6.193036,98.451,2
59831,4.823585,642.32,2
59832,4.478848,10.028,2
59833,5.249628,3954.582,3
59840,4.288631,2293.048,7
59841,3.906591,9.436,2
59842,6.193036,61.159,2
59843,4.478848,263.599,2
59845,4.823585,780.859,2
59847,6.5,193.289,1
59848,4.823585,217.255,2
59854,4.478848,157.586,2
59855,4.790135,451.821,3
59856,5.528365,196.58,3
59859,5.465033,3320.6,7
59860,4.790135,726.458,3
59863,5.587261,137.973,4
59864,5.932796,7570.688,7
59865,5.555071,3255.864,6
59866,6.144972,1250.988,5
59867,6.193036,41.767,2
59870,6.272906,4211.049,9
59871,3.809728,321.039,2
59872,5.766051,2002.621,4
59873,5.528365,62.627,3
59875,5.410608,4016.605,11
59901,6.740254,12217.349,16
59903,9.95273,3009.401,7
59911,4.186038,2614.796,3
59912,6.520993,13986.32,14
59917,5.337135,2.148,3
59919,9.86777,3.755,3
59922,3.833333,54.062,2
59923,7.21902,9281.921,10
59925,5.543996,1.702,3
59928,5.337135,2.148,3
59929,3.833333,184.713,2
59931,3.833333,262.803,2
59934,5.075302,15.639,4
59935,4.754857,3530.738,7
59937,8.552422,3485.879,9
60002,6.779224,17155.081,20
60004,10.287098,49632.441,55
60005,11.146188,29787.688,55
60006,14.484076,1369.694,3
60007,8.527046,31187.523,33
60008,9.869931,21774.06,45
60009,6.570173,1874.334,5
60010,7.757524,33079.542,70
60011,10.387477,3134.081,7
60012,10.228995,7047.749,9
60013,8.306601,19829.393,25
60014,8.74483,37074.933,37
60015,11.043756,23430.922,21
60016,13.728653,51308.328,64
60017,14.847028,1587.136,3
60018,14.210232,28831.554,27
60020,8.741087,10304.508,15
60021,10.188782,5229.971,13
60022,13.009878,8534.914,12
60025,14.120709,42643.664,51
60026,14.748902,11675.508,23
60029,13.864227,372.427,2
60030,11.105497,33035.86,36
60031,10.531411,37698.167,40
60033,8.664498,13487.109,16
60034,7.694495,38.21,4
60035,12.277574,29865.738,32
60039,13.402085,2045.166,4
60040,15.396612,5382.731,6
60041,10.963991,8592.836,12
60042,6.785348,9542.704,12
60043,13.349391,2455.18,10
60044,8.817181,9962.604,18
60045,8.464277,20674.017,17
60046,7.275026,35080.515,41
60047,8.210555,42391.623,46
60048,10.546567,28887.797,31
60050,10.288906,21898.357,22
60051,8.454726,23480.072,28
60053,14.975598,23156.744,27
60056,12.832383,55468.112,82
60060,8.347617,38435.293,29
60061,9.356686,25222.004,28
60062,11.17157,40682.961,42
60064,12.680466,16000.988,22
60065,9.66166,817.791,2
60067,9.201975,30247.726,51
60068,14.173491,37342.301,49
60069,10.785475,8811.775,23
60070,11.716814,15182.291,30
60072,9.170997,859.38,8
60073,10.46548,52702.821,35
60074,9.134413,30677.323,32
60075,5.360324,17.639,3
60076,15.851225,33986.623,44
60077,16.378636,26092.764,47
60078,12.7216,1464.959,2
60079,13.179267,2064.564,2
60081,6.554677,1581.248,10
60083,6.141151,9253.538,16
60084,7.567478,6275.044,7
60085,13.048246,68923.94,62
60087,11.117012,27161.257,44
60088,13.901571,12938.764,8
60089,11.101153,37329.919,42
60090,11.929444,39558.849,43
60091,14.75923,27243.431,31
60093,13.411813,19324.625,30
60096,7.746291,6339.916,5
60097,9.086107,8.808,3
60098,12.524631,20256.274,14
60099,11.531739,23192.92,26
60101,10.486053,38760.294,45
60102,8.597319,32325.102,39
60103,7.624596,32764.07,47
60104,14.740786,19080.935,28
60106,9.976983,19913.112,22
60107,9.671066,28682.411,32
60108,10.951729,23820.998,35
60109,5.798971,562.012,2
60110,10.285416,38462.323,23
60111,4.346144,209.436,2
60112,5.651508,4824.562,8
60113,7.935246,2.822,3
60115,7.362092,38331.661,36
60118,11.904686,16766.848,27
60119,5.217169,663.987,7
60120,12.425299,44349.772,53
60121,16.92807,1331.084,3
60123,12.901102,48021.176,47
60124,10.956081,3021.316,17
60126,12.885332,48547.228,49
60129,4.505112,119.282,8
60130,15.602152,14150.93,23
60131,14.801631,18315.276,33
60133,9.879655,37983.835,59
60134,9.548313,14871.956,16
60135,6.970285,6802.693,13
60136,11.212905,217.971,3
60137,12.50915,36516.94,66
60138,14.287467,2549.887,7
60139,10.20905,31423.871,29
60140,5.853125,1292.793,5
60141,14.830593,1839.235,9
60142,5.860369,2510.299,6
60143,11.246751,11034.97,18
60145,5.385748,2438.71,12
60146,5.348496,2651.433,14
60148,11.218904,44598.901,64
60150,4.36271,1993.039,4
60151,5.183244,3683.235,10
60152,6.072003,10598.848,17
60153,14.317284,23830.841,33
60154,13.184391,16167.145,17
60155,14.415383,6186.308,11
60156,7.820446,20320.832,23
60157,10.087782,2810.696,8
60159,14.878867,963.515,3
60160,14.187865,24273.209,44
60161,13.749981,1690.042,3
60162,14.591098,8435.029,23
60163,13.422596,4374.386,7
60164,13.24299,21936.787,27
60165,14.770451,4630.792,6
60168,11.247228,1127.948,5
60169,10.463516,28356.596,44
60171,15.476941,10029.104,16
60172,9.160632,24413.75,43
60173,11.879041,12745.929,22
60174,8.410245,17674.161,25
60175,8.659358,3684.874,6
60176,14.549411,11599.779,11
60177,11.322643,18438.561,17
60178,9.122926,13831.866,23
60180,6.91779,50.847,6
60181,13.265557,30241.457,49
60184,6.887644,2853.814,12
60185,8.048505,32465.216,47
60186,7.240878,2973.458,4
60187,12.189473,29406.539,36
60188,9.57822,38097.429,44
60189,10.794268,30176.379,34
60190,8.690499,11299.612,23
60191,9.08178,15216.063,20
60192,8.578093,10618.168,20
60193,9.419521,41833.915,43
60194,10.710079,20916.684,57
60195,11.007596,7045.648,20
60201,15.710732,34910.763,35
60202,14.900505,32861,32
60203,14.955228,4236.473,11
60204,17.357485,2079.132,6
60301,17.741162,2248.045,12
60302,15.331489,31596.353,43
60303,18.190866,1245.798,3
60304,15.51266,17429.363,26
60305,14.030127,10644.381,16
60401,5.227537,8035.382,18
60402,14.187032,63913.456,64
60403,10.376001,16920.525,17
60404,7.29907,15528.187,14
60406,14.380217,25159.14,35
60407,6.031045,1558.555,10
60408,6.081895,5409.351,15
60409,12.82185,37565.513,37
60410,6.858411,13436.935,12
60411,11.224342,47457.69,62
60412,13.823901,1563.752,3
60415,12.639025,14318.66,22
60416,6.270033,8729.712,13
60417,6.219776,15100.623,31
60418,9.709016,11649.032,25
60419,12.722991,22603.439,35
60420,6.829809,4823.516,11
60421,5.502454,3550.084,7
60422,10.538945,9698.744,20
60423,8.093328,31731.033,39
60424,5.838744,2477.576,14
60425,8.706871,9370.367,11
60426,14.210425,28872.25,42
60428,12.306029,12066.046,30
60429,11.643982,15545.125,30
60430,12.041684,19694.662,31
60431,8.520135,13833.465,23
60432,12.952586,14858.803,28
60433,10.882251,16181.608,24
60434,15.186253,3481.812,6
60435,12.224438,43147.458,59
60436,12.021918,17532.031,41
60437,4.686198,222.297,8
60438,10.559495,28167.369,28
60439,8.561591,23603.917,27
60440,10.783,47513.227,44
60441,9.065218,36265.352,33
60442,7.108739,10562.427,17
60443,8.587039,21492.395,26
60444,4.684369,1873.38,13
60445,13.264456,15456.404,24
60446,9.850355,16703.526,17
60447,6.67825,12242.058,11
60448,8.307187,25523.07,29
60449,5.990421,9149.209,14
60450,7.123265,20369.873,26
60451,8.096674,34765.104,33
60452,11.466791,21165.984,34
60453,13.821225,55669.724,53
60454,15.951783,1140.398,4
60455,14.845791,16937.142,24
60456,13.394847,4308,5
60457,13.412844,13960.579,20
60458,10.944701,15493.71,15
60459,14.708894,27883.143,25
60460,4.622176,1379.191,11
60461,12.308893,5126.955,7
60462,11.115101,37581.604,38
60463,10.790091,13954.912,25
60464,8.643477,10199.691,16
60465,13.215032,16526.22,22
60466,10.882359,21307.49,21
60467,9.014854,16680.391,27
60468,6.319349,5997.422,9
60469,12.54568,5667.045,8
60470,6.1635,541.198,11
60471,8.353182,13759.047,11
60472,13.797868,5619.977,6
60473,13.767887,22015.97,37
60474,5.959789,801.141,5
60475,11.166111,10097.299,22
60476,12.833333,2208.545,2
60477,10.877315,36147.609,30
60478,9.501029,11652.76,17
60479,4.590653,688.486,5
60480,11.409266,3031.514,8
60481,6.051768,12307.517,23
60482,13.890927,11617.606,18
60484,8.918928,7223.798,21
60487,9.128972,9854.616,10
60490,9.051144,188.412,10
60491,7.053158,23831.847,26
60499,13.954312,981.121,4
60501,15.472623,12197.644,30
60502,9.520762,22001.143,21
60503,6.166667,5.801,2
60504,10.698435,28987.121,24
60505,10.418752,49759.012,39
60506,12.379287,47984.656,38
60507,11.655942,3858.22,3
60510,9.598025,28443.291,32
60511,5.215802,1753.94,7
60513,14.195315,18800.829,27
60514,12.30445,10057.655,19
60515,12.672764,27240.607,49
60516,11.019551,29080.291,55
60517,10.711123,32574.095,46
60518,5.137118,3505.043,14
60519,9.540835,80.425,2
60520,6.565954,2465.207,7
60521,10.903715,17768.195,26
60522,11.734191,1378.229,5
60523,10.522158,10044.196,38
60525,12.730713,27633.928,44
60526,13.170562,13367.867,18
60527,8.657311,25143.709,40
60530,4.258701,603.494,12
60531,3.534967,1885.182,13
60532,10.394713,28362.476,32
60534,14.46818,10669.658,29
60537,5.374707,367.79,7
60538,7.624717,14509.999,17
60539,10.342249,448.314,4
60540,10.344165,41400.81,54
60541,4.808622,250.381,11
60542,9.473365,16431.121,25
60543,6.002648,9935.435,16
60544,6.663004,14914.078,25
60545,5.191657,7.322,5
60546,13.206098,15693.545,42
60548,6.249344,11816.691,14
60549,5.59588,893.078,11
60550,5.807405,1455.054,2
60551,5.005444,4160.631,11
60552,5.740783,4423.421,9
60553,3.399993,702.068,13
60554,7.687803,8358.7,7
60555,8.352809,15216.937,19
60556,5.960112,2395.918,6
60557,5.67648,71.564,9
60558,10.707764,13418.195,21
60559,12.859796,25461.633,36
60561,9.846135,22149.899,33
60563,11.535931,37002.09,41
60564,9.056607,23896.346,21
60565,7.302983,39907.481,43
60566,12.78563,686.71,4
60567,9.66751,2950.718,8
60585,6.166667,7273.997,2
60586,7.168524,17112.341,14
60598,16.5372,985.946,3
60601,18.202258,1663.534,2
60602,18.202258,85.067,3
60603,19.015513,2145.89,3
60604,19.048376,1181.585,3
60605,16.53872,13656.67,11
60606,18.039598,3032.477,9
60607,17.570321,28594.789,28
60608,15.719569,71101.474,79
60609,13.990058,56270.816,85
60610,15.545029,39157.593,55
60611,16.044859,32382.911,24
60612,15.747829,34428.402,46
60613,15.103306,52149.45,62
60614,16.132636,70392.299,84
60615,14.186925,41354.235,45
60616,15.179916,44874.524,56
60617,13.104694,78477.029,86
60618,15.510916,94302.543,104
60619,12.767496,57971.364,91
60620,12.976124,67934.241,89
60621,12.98105,29085.552,50
60622,15.536018,52463.138,58
60623,13.458849,93003.278,70
60624,14.473448,35972.721,58
60625,14.932712,78378.225,70
60626,14.47868,50004.009,40
60628,13.390732,66445.365,101
60629,13.475424,109880.48,103
60630,15.436191,58454.193,83
60631,14.894276,29678.845,43
60632,14.083059,88191.277,89
60633,12.65233,12852.602,13
60634,14.72999,75924.456,91
60636,13.421179,33954.761,83
60637,13.548553,47305.407,54
60638,14.438472,59275.346,66
60639,14.303315,91556.728,120
60640,14.560431,68385.184,65
60641,14.723881,69131.511,82
60642,16.311719,19857.536,21
60643,13.752259,50230.283,71
60644,12.92507,47363.939,42
60645,14.682375,47513.62,39
60646,15.59694,28188.32,54
60647,15.475232,88568.788,114
60649,13.157227,46914.375,70
60651,13.081172,62967.911,75
60652,14.094088,44181.652,31
60653,13.978819,27609.891,35
60654,17.746651,18735.746,29
60655,14.645103,28777.885,33
60656,14.20145,27061.412,35
60657,15.014253,69858.56,67
60659,14.524402,41941.578,58
60660,13.349721,43614.405,64
60661,16.343863,11552.005,10
60666,14.252127,3.044,6
60690,18.202258,2083.355,2
60694,18.202258,0.788,2
60706,15.803846,23462.972,32
60707,14.864728,43522.876,47
60712,16.311996,11853.665,15
60714,15.379444,28730.489,44
60803,12.674491,21699.113,27
60804,14.710034,82860.805,66
60805,15.062748,19666,21
60827,13.547926,28288.046,36
60901,7.2146,35437.275,53
60910,4.548312,547.18,5
60911,5.690416,1376.504,9
60912,3.751815,683.152,4
60913,3.671197,1294.528,11
60914,7.408998,29695.092,24
60915,8.911133,10388.799,13
60917,3.433223,488.013,15
60918,3.734097,707.045,9
60919,4.824526,505.76,10
60920,4.63942,154.57,4
60921,4.442927,1520.615,8
60922,5.84552,2433.094,10
60924,4.983494,1541.468,6
60926,5.004662,52.634,3
60927,6.583869,2080.706,9
60928,5.558641,773.83,6
60929,4.673968,814.968,10
60930,5.594107,764.286,3
60931,3.751815,622.874,4
60933,3.92127,206.852,3
60934,4.63942,261.738,4
60935,3.343993,1280.227,5
60936,7.249881,4158.784,17
60938,6.994059,2034.59,9
60939,5.004662,28.341,3
60940,5.579123,3023.497,15
60941,5.284537,2122.129,14
60942,7.908115,5978.455,16
60945,3.751815,194.229,4
60946,5.184347,380.529,7
60948,3.734056,1630.751,9
60949,5.176683,628.714,8
60950,4.292319,2104.686,17
60951,5.001568,695.894,10
60952,2.792433,654.043,7
60953,4.80227,2421.887,12
60954,5.383829,5936.356,15
60955,6.415896,1589.631,12
60956,3.751815,111.626,4
60957,7.922887,5173.746,21
60958,2.792399,1777.483,5
60959,5.249441,993.642,10
60960,5.451291,1015.063,14
60961,3.525943,1019.511,12
60962,4.040579,702.438,10
60963,5.599309,1847.182,7
60964,5.015674,5064.114,21
60966,5.073826,1660.237,13
60967,4.753796,48.849,4
60968,4.012393,393.413,9
60969,3.331264,67.417,3
60970,7.388367,7225.546,19
60973,4.753796,174.157,4
60974,5.222776,16.304,5
61006,3.346217,1481.378,4
61007,4.096357,443.426,12
61008,7.0676,18696.954,17
61010,6.595051,7142.848,6
61011,4.202757,467.638,5
61012,4.426541,2094.48,7
61013,4.312389,12.901,12
61014,4.857742,1149.46,15
61015,8.408742,6.074,6
61016,5.718498,4502.898,14
61018,4.141932,1012.099,12
61019,4.486154,3923.588,10
61020,3.827175,68.877,5
61021,7.215929,22493.593,36
61024,5.050942,2518.138,11
61025,6.032129,4540.723,5
61028,5.338932,1674.041,12
61030,4.381046,2190.252,4
61031,3.687667,1463.184,12
61032,7.115604,30681.835,45
61036,7.627329,6487.113,17
61038,4.855122,854.597,17
61039,3.746854,823.689,12
61041,5.301729,1147.475,6
61042,2.390487,510.848,6
61044,5.716084,237.459,7
61046,7.24326,2838.242,12
61047,4.02868,1953.192,18
61048,6.60674,3939.755,18
61050,4.57869,403.285,4
61051,5.500956,1614.875,15
61052,5.425199,25.651,8
61053,6.883922,2639.18,14
61054,6.193575,3624.325,11
61057,3.71456,6.382,4
61060,4.53428,1448.638,7
61061,7.502374,5997.649,22
61062,5.546824,1831.181,12
61063,5.517015,4072.034,19
61064,6.178762,3659.666,25
61065,4.422811,891.118,3
61067,3.683444,783.976,8
61068,6.574585,14043.126,16
61070,4.077017,997.41,3
61071,7.036933,13904.754,24
61072,6.284975,9557.48,16
61073,5.710719,18220.866,25
61074,6.562136,4134.102,12
61075,5.34934,80.644,6
61078,6.970456,964.842,14
61079,5.042125,27.524,4
61080,5.519761,4542.166,15
61081,6.288436,16704.437,27
61084,3.884854,148.726,8
61085,6.119481,3200.505,8
61087,7.036447,9.535,4
61088,6.032147,5881.416,14
61089,6.724467,757.977,8
61091,6.400948,38.165,6
61101,7.623755,20194.382,44
61102,6.116794,17260.49,40
61103,7.444192,23341.084,38
61104,8.220625,19180.764,47
61105,11.61847,395.809,2
61107,7.707446,30514.555,39
61108,7.756928,27200.719,51
61109,5.867501,25946.383,35
61110,11.188177,500.113,2
61111,8.467363,14350.163,33
61112,7.498801,210.856,7
61114,8.283376,8130.805,17
61115,7.041572,21491.126,25
61125,5.847776,502.045,2
61126,5.847776,702.752,2
61130,5.511603,94.704,3
61131,5.511603,314.629,3
61132,5.511603,1184.856,3
61201,8.31,36249.808,54
61204,9.715669,2010.467,4
61230,4.050568,1202.864,8
61231,5.932139,5082.195,19
61232,4.667959,1360.377,5
61233,4.720523,510.685,5
61234,5.068816,1172.072,6
61235,5.229912,1514.923,6
61237,3.235284,29.438,4
61238,4.771778,3085.562,12
61239,5.072435,1083.123,3
61240,5.231037,5913.884,25
61241,5.886609,6811.236,10
61243,3.682168,251.133,10
61244,7.28515,23056.71,28
61250,4.805603,2546.737,10
61251,4.729791,330.904,8
61252,7.070421,5119.504,17
61254,3.991882,4001.607,17
61256,7.13716,2258.491,5
61258,5.264788,152.77,3
61259,3.239081,1200.447,9
61260,3.499889,715.033,9
61261,4.689519,998.514,8
61262,4.501828,816.365,18
61263,3.686764,721.418,5
61264,5.794614,10742.033,22
61265,8.448097,42698.546,46
61266,9.576042,1160.357,2
61270,5.804678,7078.75,21
61272,3.504867,1349.54,9
61273,4.621186,3459.573,16
61274,4.720523,330.835,5
61275,7.13716,98.988,5
61276,3.686764,139.844,5
61277,5.324003,3248.092,13
61279,3.382105,888.61,14
61281,3.75307,2572.39,7
61282,5.189664,1486.347,20
61283,3.865022,1559.285,12
61284,3.883437,2134.994,9
61285,3.574214,1706.243,4
61301,7.497369,10081.143,23
61310,6.28945,3976.337,19
61311,4.437624,324.614,14
61312,3.885431,591.929,12
61313,4.246807,222.038,7
61314,4.941568,915.966,13
61315,3.218307,262.856,8
61316,7.94791,210.918,3
61317,4.306868,321.723,4
61318,3.914744,661.774,8
61319,4.946148,1136.265,6
61320,5.532729,603.656,7
61321,5.200121,379.642,13
61322,3.153564,1243.816,5
61323,7.378847,55.046,3
61324,3.71456,93.608,4
61325,4.797031,1014.743,12
61326,5.979326,2183.397,8
61327,5.772982,887.194,8
61328,4.306868,29.248,4
61329,5.508905,1332.28,3
61330,4.311562,1414.586,17
61331,6.845651,2.187,4
61332,5.177803,124.251,4
61333,5.348119,343.37,7
61334,5.196803,738.177,11
61335,5.769547,632.556,8
61336,5.763018,633.397,11
61337,5.177234,473.741,8
61338,4.382026,385.93,4
61340,5.980479,357.035,4
61341,6.195627,8406.488,18
61342,7.975488,8857.813,29
61344,4.833522,357.265,14
61345,4.929284,717.823,4
61346,4.382026,80.138,4
61348,7.387001,4601.996,14
61349,4.219225,919.505,14
61350,7.216339,24611.841,36
61353,3.967939,1246.082,6
61354,9.094157,10473.675,35
61356,7.464448,10816.994,26
61358,5.352397,497.964,6
61359,3.153564,306.76,5
61360,6.174111,3068.925,22
61361,4.79016,1384.595,11
61362,6.485616,5696.079,12
61363,5.980479,241.284,4
61364,6.990995,18874.228,35
61367,4.587077,699.811,8
61368,5.254258,1715.903,13
61369,6.345257,1515.165,5
61370,5.019771,1451.37,7
61371,5.269871,118.825,9
61372,5.990079,194.801,5
61373,5.666242,1845.495,9
61374,4.306868,94.242,4
61375,5.782105,1445.278,7
61376,4.323753,2095.395,17
61377,5.682908,1196.062,9
61378,3.875633,483.709,8
61379,5.120212,1092.816,12
61401,7.214591,32423.218,59
61402,13.091876,1343.353,2
61410,6.941534,3967.265,15
61411,3.435914,338.78,3
61412,4.063231,1479.563,21
61413,5.070525,994.534,13
61414,4.017417,794.537,8
61415,4.353791,1723.118,13
61416,3.435914,238.648,3
61417,4.039954,253.603,8
61418,5.135507,671.377,6
61419,5.072555,150.871,4
61420,4.646861,1182.674,17
61421,5.11847,1221.611,18
61422,6.516197,3256.458,11
61423,3.625044,529.532,6
61425,5.050371,612.162,6
61427,4.336692,2222.599,12
61428,4.016278,1469.077,8
61430,5.341128,668.485,2
61431,4.437107,371.616,4
61432,3.336801,640.741,7
61434,6.65604,3194.788,22
61435,3.627365,186.981,4
61436,3.767524,753.978,20
61437,5.153464,794.118,3
61438,4.469535,676.745,13
61439,3.858596,142.422,4
61440,3.437458,832.919,10
61441,3.640796,958.286,11
61442,3.509568,786.206,5
61443,7.062089,13709.848,25
61447,2.862426,859.495,3
61448,5.934791,3669.025,11
61449,4.7803,540.114,12
61450,5.598966,1733.848,8
61451,4.98769,405.802,2
61452,3.458706,550.797,6
61453,3.197522,568.882,10
61454,4.872323,703.162,5
61455,5.946605,12611.994,21
61458,4.442717,813.677,11
61459,3.621893,375.026,11
61460,4.878351,274.187,7
61462,7.694241,11282.043,22
61465,4.61236,1206.419,9
61466,4.571582,326.92,13
61467,3.902154,971.028,8
61468,5.072555,85.106,4
61469,4.780735,2300.603,3
61470,6.582321,497.715,8
61471,4.878351,74.655,3
61472,3.917532,573.163,13
61473,4.16939,1536.101,7
61474,6.125941,244.071,15
61475,4.205943,217.158,10
61476,3.511007,390.312,11
61477,3.743454,613.136,8
61478,4.109679,309.665,7
61479,4.294297,174.582,7
61480,4.878351,1218.912,3
61482,3.575437,640.665,11
61483,5.022379,1725.568,8
61484,4.231904,684.554,14
61485,3.90761,609.573,12
61486,4.585324,1432.086,10
61488,3.858596,842.01,4
61489,4.538554,742.538,14
61490,5.062263,1088.918,8
61491,4.284741,2431.951,10
61501,4.358875,1806.567,6
61516,6.532894,767.597,8
61517,6.16579,2786.931,15
61519,4.382151,232.497,4
61520,6.864964,16987.674,33
61523,6.767866,10916.53,12
61524,3.501479,220.776,3
61525,5.974862,6045.134,8
61526,3.538946,980.887,10
61528,6.347806,2688.501,10
61529,5.965665,2961.392,16
61530,7.377133,7096.682,18
61531,6.573672,3374.625,13
61532,5.716383,486.004,9
61533,3.647797,2301.47,13
61534,5.115069,1654.39,12
61535,5.202848,1483.539,8
61536,4.431111,3145.49,20
61537,7.063357,2969.859,5
61539,3.639717,208.574,4
61540,5.130291,2489.149,5
61541,6.34985,103.206,2
61542,6.415426,3824.276,18
61543,3.501479,4.246,3
61544,4.153417,709.371,13
61545,4.429187,882.716,3
61546,4.316572,3587.026,13
61547,5.132936,3367.373,10
61548,5.832401,12288.295,20
61550,6.555425,18161.787,26
61552,5.688869,218.01,2
61553,3.327193,200.077,3
61554,10.527799,40712.624,43
61555,14.831077,1479.522,5
61559,5.16386,3373.948,9
61560,5.745357,909.529,13
61561,7.078946,2718.542,16
61562,8.333333,70.994,1
61563,3.501479,585.907,3
61564,5.598984,1328.143,3
61565,4.208678,1263.668,4
61567,4.000467,1095.517,6
61568,7.506166,4011.064,16
61569,5.596769,1216.586,13
61570,4.737805,1696.033,7
61571,7.935962,25028.872,25
61572,4.677855,964.79,4
61601,18,687.928,1
61602,15.834345,1250.157,8
61603,13.750248,16550.928,31
61604,11.664117,30223.574,60
61605,13.063569,11440.45,25
61606,14.903441,7939.344,20
61607,7.993542,11123.783,17
61610,8.516322,5551.687,12
61611,8.88571,24317.451,34
61612,13.920497,1292.278,2
61614,12.503712,20609.879,37
61615,9.577299,16579.347,37
61616,13.861755,5956.446,19
61651,18,98.943,1
61652,18,121.537,1
61653,18,128.548,1
61654,18,70.117,1
61655,18,76.35,1
61656,18,33.5,1
61701,14.635669,33967.95,37
61702,13.584667,1851.085,5
61704,12.212588,17004.059,14
61705,6.292253,8435.841,20
61720,6.349843,321.144,10
61721,5.174703,599.678,10
61722,4.965227,495.252,4
61723,5.199399,2725.913,13
61724,4.758166,676.634,2
61725,4.616838,1338.932,12
61726,5.744234,2453.608,19
61727,7.355931,9525.87,13
61728,6.489573,1364.19,12
61729,4.531574,1315.164,6
61730,6.67671,477.308,4
61731,5.146241,349.253,10
61732,4.684358,2298.586,13
61733,5.133786,1222.689,15
61734,5.089083,2850.576,9
61735,3.8938,459.231,3
61736,4.997183,36.07,2
61737,4.9983,476.258,7
61738,6.4765,3630.119,16
61739,6.734531,4838.222,15
61740,5.350868,1497.884,7
61741,5.70302,1653.622,5
61742,4.670964,1176.933,6
61743,5.453189,222.439,7
61744,5.336079,2053.862,17
61745,3.599785,165.933,11
61747,5.189651,1357.135,3
61748,5.288449,2218.941,12
61749,3.201449,589.32,17
61750,3.8938,98.126,3
61751,5.207577,103.85,4
61752,6.795095,4119.829,11
61753,5.580999,2676.381,13
61754,4.193436,1208.454,11
61755,5.256092,4357.103,13
61756,4.601952,2486.926,22
61759,5.185027,1696.858,9
61760,6.610319,2503.336,16
61761,11.455024,31891.856,33
61764,7.559799,13764.093,29
61769,5.764237,659.251,7
61770,5.027097,1119.886,6
61771,6.196409,1051.345,12
61772,4.341332,508.813,4
61773,2.616744,457.737,2
61774,4.202744,1258.896,6
61775,4.239761,272.16,4
61776,5.311347,1477.011,8
61777,3.659209,953.072,7
61778,3.07792,929.345,4
61801,13.303428,22174.987,32
61802,12.005745,14321.106,41
61803,15.794412,605.72,3
61810,4.246878,336.471,13
61811,4.661079,573.05,6
61812,5.248859,379.606,7
61813,5.250666,1696.736,8
61814,3.315315,1045.972,2
61815,4.444754,252.464,2
61816,5.493642,506.308,5
61817,7.685893,2401.596,11
61818,5.092591,1483.811,10
61820,14.793673,31206.375,54
61821,13.727254,29036.776,31
61822,12.569436,23400.439,39
61825,16.544079,929.755,2
61826,12.826646,2640.69,2
61830,5.03399,528.615,18
61831,4.683375,172.564,4
61832,7.243611,35446.587,39
61833,6.389722,2274.411,8
61834,6.363844,8281.359,42
61839,5.168722,661.236,6
61840,4.806706,711.798,9
61841,4.95555,1373.171,9
61842,6.005788,2675.816,11
61843,4.590485,2362.85,6
61844,4.942759,1023.241,11
61845,4.423368,409.493,8
61846,5.429765,4862.997,9
61847,5.228091,1102.071,5
61848,4.683375,273.802,4
61849,5.387869,1871.964,8
61850,4.129175,490.751,8
61851,5.242917,24.04,9
61852,5.434332,258.818,8
61853,6.560878,14447.934,14
61854,5.16123,1417.864,10
61855,5.060342,126.274,4
61856,7.556421,7831.439,17
61857,5,162.926,4
61858,5.21164,3088.264,12
61859,5.087321,42.936,18
61862,5.206268,426.878,12
61863,5.466368,83.189,14
61864,5.493642,90.164,5
61865,4.836946,1457.916,7
61866,6.618858,14544.652,21
61870,3.9184,1216.075,9
61872,5.185929,26.227,5
61873,5.425693,114.955,10
61874,13.836806,8736.405,4
61875,5.045121,590.92,9
61876,4.149011,637.664,5
61877,5.493642,1653.014,5
61878,5.209602,1348.846,11
61880,5.493642,115.595,5
61882,3.927964,628.565,14
61883,6.542146,4352.954,18
61884,5.178418,1022.498,15
61910,6.234328,4276.925,20
61911,4.676139,4682.761,14
61912,3.157071,1284.148,10
61913,5.210685,1731.712,13
61914,4.69506,1789.045,15
61917,4.156772,557.29,5
61919,5.390515,850.547,7
61920,7.324463,18159.707,33
61924,4.398132,2253.068,5
61925,5.06643,872.977,9
61928,4.214426,966.296,13
61929,5.165796,740.379,15
61930,4.418284,458.499,7
61931,4.935669,1049.361,9
61932,4.146156,516.298,2
61933,3.366526,1209.506,16
61936,5.060342,276.373,4
61937,3.974298,1828.578,17
61938,6.852488,22042.323,32
61940,4.146156,253.736,2
61941,4.377732,178.829,3
61942,4.372457,1162.336,5
61943,5.035914,1576.448,13
61944,6.862852,12052.228,28
61949,4.146156,174.306,2
61951,7.371322,8206.349,23
61953,7.511654,6166.015,19
61955,3.304742,208.212,4
61956,5.428454,2837.113,12
61957,4.483305,1669.944,12
62001,4.930486,1622.157,12
62002,7.969177,30920.128,47
62006,3.96731,614.969,5
62009,6.146625,1838.968,8
62010,7.636254,9445.49,17
62011,3.410117,363.409,4
62012,4.69365,6397.777,20
62013,3.931694,541.998,2
62014,4.947438,3729.862,11
62015,5.04561,488.535,10
62016,5.429718,3515.854,11
62017,4.528725,1729.394,7
62018,6.690409,3653.062,9
62019,4.387893,650.786,10
62021,4.447067,208.435,11
62022,3.594184,1391.937,11
62024,8.11944,9544.594,18
62025,7.256082,31086.202,31
62027,2.734253,587.884,3
62028,3.577038,644.124,3
62031,3.180864,1021.111,3
62032,4.534927,1267.91,7
62033,7.188633,4609.925,16
62034,7.465989,13864.351,22
62035,6.414576,16784.153,19
62036,3.931694,858.509,2
62037,4.468397,1928.92,6
62040,6.821435,39579.711,43
62044,4.070184,2034.808,15
62045,4.85896,490.134,5
62046,4.404602,898.904,4
62047,5.147551,1218.22,5
62048,7.207469,1433.548,6
62049,7.154367,6725.232,15
62050,2.734253,484.947,3
62051,4.709848,887.779,7
62052,5.850091,12629.988,17
62053,5.38732,773.042,3
62054,3.993291,864.023,13
62056,7.895342,8526.333,24
62058,4.942424,873.326,4
62060,7.478246,4767.353,25
62061,4.910398,1511.313,4
62062,6.732299,8195.678,6
62063,4.582975,1000.831,11
62065,5.38732,90.282,5
62067,5.745168,56.896,7
62069,6.152566,3350.811,11
62070,5.38732,69.593,3
62074,4.89589,917.291,13
62075,7.241009,3237.299,11
62076,7.533654,65.988,3
62077,4.318658,465.791,7
62078,2.734253,139.537,3
62079,4.827517,335.008,6
62080,3.584742,2766.852,10
62081,3.949179,334.198,4
62082,5.48057,2862.652,20
62083,4.960145,280.863,12
62084,7.359486,1359.086,8
62085,6.290219,149.955,5
62086,3.813437,1384.717,14
62088,7.61829,6931.815,24
62089,4.53021,923.276,9
62090,6.528039,1288.492,7
62091,4.830713,435.162,10
62092,6.935275,2747.07,13
62093,3.752841,442.806,3
62094,4.793713,1084.321,6
62095,7.375621,4722.589,20
62097,4.449585,2597.792,8
62098,5.719688,162.726,4
62201,8.955275,4104.264,20
62202,12.764427,1619.799,4
62203,11.166091,7871.357,21
62204,11.989715,7952.098,13
62205,13.305279,7607.728,23
62206,11.603725,15133.854,16
62207,11.669522,6179.01,27
62208,10.929573,10009.347,17
62214,4.996182,1142.9,5
62215,6.379754,1844.647,5
62216,7.331444,2774.903,21
62217,4.515509,1139.728,3
62218,6.214117,1505.405,7
62219,6.949289,922.053,6
62220,10.873992,13770.669,24
62221,9.26809,19964.229,17
62222,16.716394,1107.148,4
62223,9.911649,18341.64,32
62225,5.5,1184,1
62226,11.460764,24148.635,40
62230,6.615869,6715.388,15
62231,4.164804,2327.533,18
62232,8.726885,7616.512,10
62233,6.494331,3455.578,7
62234,8.233951,25381.697,34
62236,6.187173,5389.186,11
62237,4.447248,2424.927,23
62238,3.21854,509.669,10
62240,6.163752,4.936,2
62241,2.639635,912.68,7
62242,4.388244,1500.665,7
62243,6.938864,6122.212,9
62244,3.896604,1024.856,5
62245,6.124074,2011.388,7
62246,6.995412,9658.019,17
62248,3.613019,484.996,2
62249,6.935183,15697.054,24
62250,6.448454,317.742,5
62253,4.041084,520.5,4
62254,4.991084,816.645,3
62255,4.43654,948.1,11
62257,4.373051,3098.76,19
62258,4.556548,1109.552,15
62260,6.551768,6700.008,11
62261,4.36853,203.543,4
62262,4.053756,1792.433,18
62263,6.212622,5117.243,23
62264,4.981602,3234.321,11
62265,6.379754,4142.2,5
62266,6.379754,89.638,5
62268,4.108389,740.452,14
62269,10.481148,29701.192,23
62271,4.980074,2262.88,10
62272,5.051241,1638.389,16
62273,4.509783,8.756,4
62274,5.657409,7743.892,16
62275,4.121345,3564.981,17
62277,4.165878,1371.09,6
62278,7.049344,6610.526,16
62279,3.613019,2.299,2
62280,2.326862,359.392,6
62281,4.990934,2468.53,15
62282,4.420867,611.691,6
62284,4.203808,541.169,12
62285,6.380417,4073.417,10
62286,7.247575,6270.293,26
62288,5.074168,3070.564,10
62292,4.515509,36.597,3
62293,7.176998,4062.13,13
62294,6.028142,14229.289,16
62295,5.959202,1381.389,6
62297,3.642052,426.861,10
62298,6.509566,16652.924,19
62301,8.912529,31786.791,37
62305,6.244236,18691.808,36
62306,12.274493,429.373,2
62311,4.552961,758.762,12
62312,5.462203,2114.923,12
62313,4.671668,320.844,8
62314,4.670653,548.016,7
62316,4.677131,536.293,9
62319,3.4592,260.353,3
62320,6.327856,1565.297,11
62321,6.802581,3748.247,12
62323,4.602581,356.661,7
62324,6.390323,931.621,4
62325,4.438767,404.914,11
62326,4.19363,2458.46,17
62330,4.629264,1856.929,10
62334,6.127357,165.074,3
62338,3.652228,1350.947,7
62339,6.390323,689.117,4
62340,4.665989,1929.454,12
62341,6.210057,3421.637,12
62343,5.624493,581.083,3
62344,3.4592,247.204,3
62345,5.563568,370.181,8
62346,6.078951,226.062,12
62347,3.894424,70.108,8
62349,4.509928,684.723,20
62351,4.344949,1813.198,14
62352,3.336175,104.227,3
62353,7.310016,5138.016,6
62354,6.125163,1649.041,5
62355,3.857425,777.142,6
62356,4.646236,528.482,8
62357,4.674702,206.292,9
62358,5.274462,801.608,5
62359,4.236456,174.161,7
62360,4.159629,470.679,5
62361,3.336175,522.965,3
62362,4.676681,368.125,4
62363,7.083799,5815.387,20
62366,4.490452,1324.179,11
62367,4.292448,1195.326,12
62370,4.617422,434.118,5
62373,4.993038,288.346,12
62374,4.404103,318.525,9
62375,3.301067,429.875,3
62376,4.304611,1282.133,4
62378,3.301067,1085.495,3
62379,5.059391,1987.163,19
62380,4.637759,310.968,8
62401,7.608848,18629.334,25
62410,3.367891,979.109,10
62411,6.713576,4185.728,13
62413,3.566495,460.48,5
62414,4.543096,1525.205,15
62417,6.66478,2901.204,3
62418,4.289891,2373.747,10
62419,3.410624,402.719,4
62420,6.422346,4792.188,21
62421,3.399497,757.593,11
62422,4.597676,868.087,7
62423,2.894023,716.887,10
62424,4.286988,2332.63,12
62425,3.442161,525.343,9
62426,3.72313,1158.454,12
62427,2.935717,1580.05,7
62428,4.642672,3129.045,11
62431,4.553141,988.588,7
62432,2.494078,550.624,8
62433,3.66887,803.783,6
62434,3.703893,351.255,7
62436,4.031263,579.377,15
62438,4.459581,315.619,8
62439,6.996051,7311.952,18
62440,4.241648,1060.692,16
62441,5.688825,6634.88,17
62442,5.45892,2618.18,18
62443,4.173978,1441.896,11
62444,4.648158,463.47,4
62445,4.902154,874.461,14
62446,2.853543,434.608,4
62447,4.962598,3610.845,12
62448,6.268431,5913.065,19
62449,5.141953,3031.749,20
62450,7.763373,12136.805,14
62451,6.20614,3430.356,9
62452,3.410624,416.142,4
62454,7.308897,9812.239,20
62458,4.943947,2794.936,14
62459,3.664412,64.35,5
62460,4.651854,1974.509,10
62461,4.537542,630.136,8
62462,4.835793,1008.713,11
62463,4.654151,1257.29,9
62464,5.817988,84.539,3
62465,4.527672,763.8,8
62466,4.330084,3956.583,19
62467,6.287384,3737.659,17
62468,4.977195,2567.661,11
62469,4.90431,418.417,12
62471,6.73665,9613.474,20
62473,3.828988,1301.832,9
62474,3.292331,767.663,6
62475,3.664412,296.47,5
62476,4.077981,1697.652,12
62477,2.826658,926.519,6
62478,3.217143,313.366,9
62479,3.472167,827.59,15
62480,3.287081,837.634,9
62481,2.469114,360.188,6
62501,5.008151,2405.569,14
62510,4.366745,2133.183,15
62512,4.976313,435.543,12
62513,4.256529,1869.936,8
62514,4.26491,2.454,2
62515,3.989486,1064.21,5
62517,5.607797,205.355,4
62518,4.697656,415.055,4
62520,4.47392,1503.376,13
62521,7.161782,35298.266,59
62522,6.976521,12844.762,30
62523,9.273475,181.001,7
62525,9.273475,1124.22,2
62526,6.796084,24135.283,44
62530,4.830974,1445.124,10
62531,4.397912,1743.92,10
62533,5.739108,904.987,4
62534,5.262417,1330.339,12
62535,8.166667,3083.489,1
62536,7.616636,799.335,9
62537,4.491,157.342,5
62538,5.091298,333.052,12
62539,4.009882,1463.904,10
62540,5.607797,1479.709,4
62541,4.638143,18.106,3
62543,4.670152,399.394,9
62544,5.500901,1774.353,13
62545,4.066816,1234.397,11
62546,4.035961,1553.125,16
62547,4.207437,756.853,5
62548,4.686161,2549.096,12
62549,6.604632,6195.783,9
62550,5.301322,2907.405,16
62551,4.491,931.294,5
62553,5.032981,381.895,7
62554,4.955311,1341.597,11
62555,4.408258,611.645,9
62556,3.975667,411.805,5
62557,6.656503,7708.306,26
62558,4.893599,3480.939,26
62560,5.644826,1404.834,18
62561,8.964407,5323.24,10
62563,4.212921,6124.937,19
62565,7.038312,7515.978,21
62567,4.072146,1096.085,6
62568,7.335378,14668.128,31
62570,5.607797,437.579,4
62571,3.57539,1341.489,8
62572,4.99879,608.071,7
62573,4.531629,1435.978,11
62601,4.226559,398.381,7
62611,5.849724,919.561,12
62612,6.063202,1837.687,14
62613,5.204266,3662.227,8
62615,6.696871,5785.982,22
62617,2.545385,724.953,3
62618,8.196009,7446.138,11
62621,5.18419,1089.036,5
62624,1.926134,474.784,5
62625,5.21279,8.337,5
62626,7.580483,7914.404,19
62627,5.770496,949.039,9
62628,5.383529,776.549,8
62629,8.959627,13766.054,21
62630,3.713725,500.527,3
62631,5.427589,281.35,3
62633,3.535815,722.629,9
62634,4.638143,1792.527,3
62635,3.683736,729.601,16
62638,4.440977,1394.865,11
62639,1.917595,284.791,2
62640,6.093931,3487.428,15
62642,5.21279,1475.678,5
62643,3.631651,499.385,3
62644,6.410815,4910.493,15
62649,4.129877,486.653,11
62650,7.176925,25265.432,37
62651,8.564599,781.445,3
62655,2.562836,399.632,6
62656,8.151433,17101.081,29
62661,5.109106,1311.732,11
62664,6.772298,3030.592,6
62665,5.389359,1497.897,8
62666,4.654164,1345.7,8
62667,4.230028,548.225,8
62668,3.216662,1449.968,10
62670,5.18158,3150.693,17
62671,3.945172,665.731,9
62673,4.27823,314.894,6
62674,4.213394,1331.791,7
62675,5.841653,6102.681,16
62677,4.549914,2647.484,16
62681,6.246148,4801.709,8
62682,3.66386,876.199,15
62684,8.996401,331.271,5
62685,4.900533,2080.964,14
62688,3.722868,886.354,3
62689,6.72524,520.613,5
62690,8.365145,4009.664,30
62691,6.293306,2191.587,9
62692,4.698266,2079.485,9
62693,4.436433,175.646,13
62694,5.529573,3493.673,14
62695,3.028483,408.033,3
62701,13.386226,692.382,7
62702,12.350237,33896.527,63
62703,13.408134,26320.979,52
62704,13.209412,33334.254,37
62705,15,663.007,1
62707,7.736279,5761.421,32
62708,14.455182,2231.842,4
62711,6.840202,16318.405,31
62712,6.252328,10219.019,32
62791,12.973963,1411.283,5
62801,7.118951,21772.173,44
62803,4.816692,848.269,5
62806,5.294526,3329.501,8
62807,3.654187,866.527,7
62808,3.877022,1417.241,15
62809,3.592991,303.655,11
62810,5.252065,1601.7,17
62811,3.36366,281.934,5
62812,6.949551,11365.564,27
62814,3.185097,2037.202,12
62815,4.182,284.258,3
62816,4.763852,1703.141,9
62817,2.068486,675.635,3
62818,3.830754,375.316,10
62819,3.385033,594.309,4
62820,4.596603,202.123,10
62821,7.285706,7355.601,19
62822,6.377205,2927.965,8
62823,3.126387,1798.182,9
62824,4.750416,1739.104,19
62825,3.385033,4.932,4
62827,5.978677,1126.986,3
62828,4.443877,1468.137,7
62830,3.828878,1459.442,12
62831,3.700538,635.937,14
62832,6.455287,9234.526,24
62833,3.020752,446.973,6
62835,4.86208,1061.494,15
62836,4.873622,660.909,7
62837,6.331168,8283.864,19
62838,4.041073,1935.029,20
62839,7.043551,6365.682,13
62841,5.665536,113.762,6
62842,3.138729,993.118,9
62843,2.853543,156.075,4
62844,5.013924,2226.851,5
62846,5.292605,1043.276,4
62848,4.816692,541.538,5
62849,3.344463,2257.064,8
62850,3.145072,425.831,5
62851,3.846303,320.007,16
62853,3.122645,987.029,8
62854,4.127666,1708.02,14
62856,4.813064,241.978,3
62858,4.659753,2849.071,5
62859,6.25255,5510.725,10
62860,3.689211,648.805,6
62861,8.452519,1.634,3
62862,4.903279,345.917,7
62863,6.953175,9970.702,14
62864,6.381258,24037.417,37
62865,4.105596,2289.942,16
62867,4.613288,584.626,6
62868,3.441226,1761.44,17
62869,4.696004,2589.816,15
62870,4.720496,2155.491,9
62871,4.581151,714.642,3
62872,4.527514,1245.563,10
62874,3.83539,433.441,3
62875,2.973046,1099.153,7
62876,3.838652,2.007,5
62877,4.774063,581.015,10
62878,3.145072,448.78,5
62880,3.868439,851.142,4
62881,6.748742,10639.257,25
62882,5.617848,2230.017,10
62883,4.017906,709.485,12
62884,5.604743,2911.465,12
62885,3.160972,907.634,10
62886,4.607628,287.388,9
62887,4.727046,366.797,6
62888,4.237236,2085.436,20
62889,3.424965,875.167,11
62890,4.652013,2150.501,12
62891,3.385033,7.398,4
62892,2.983135,368.663,6
62893,4.360402,919.75,8
62894,3.812679,1001.154,5
62895,4.897727,1647.236,12
62896,6.778992,12022.545,29
62897,7.039633,427.11,5
62898,3.88629,1922.253,12
62899,4.291637,1842.684,14
62901,7.921869,15539.877,29
62902,6.613275,5061.78,21
62903,4.262673,1034.933,6
62905,3.21799,717.625,5
62906,6.738943,6863.465,16
62907,4.135352,2040.207,12
62908,5.364675,455.643,7
62909,4.03908,21.112,6
62910,3.182534,2593.608,5
62912,4.431225,1251.124,14
62914,7.93572,2738,4
62915,5.032826,144.214,4
62916,3.879243,694.612,12
62917,5.763167,2167.014,10
62918,6.761222,10237.572,24
62919,4.284989,966.278,3
62920,4.094286,2945.496,11
62921,8.926155,9.465,4
62922,3.481011,1192.117,12
62923,6.190361,440.213,11
62924,5.466463,3213.736,12
62926,3.899119,2103.589,20
62927,5.052015,283.517,3
62928,2.650051,225.739,2
62930,7.76802,6191.069,19
62931,4.307446,1752.479,10
62932,5.048903,1573.462,11
62933,5.909193,1695.069,4
62934,4.312563,858.622,14
62935,4.180533,1932.861,9
62938,3.338298,2796.825,15
62939,3.571852,3328.716,15
62940,3.139943,424.217,6
62941,5.847908,747.138,8
62942,2.710422,526.325,3
62943,3.071587,2823.048,15
62946,7.458941,12516.864,26
62947,3.866669,723.195,9
62948,7.01329,12815.118,14
62949,5.032826,821.507,4
62950,2.710422,190.771,3
62951,6.488547,4644.813,16
62952,5.553044,3385.193,15
62954,4.378113,585.418,7
62956,5.760661,824.693,8
62957,4.054578,967.673,7
62958,4.993069,2400.257,10
62959,6.097416,20422.782,31
62960,6.494065,11097.46,16
62961,3.730497,2.082,4
62962,4.342662,73.846,2
62963,6.334481,656.739,4
62964,5.462651,1343.153,8
62965,10.329052,19.253,3
62966,6.342644,9196.625,25
62967,2.560081,197.884,5
62969,4.342662,369.231,2
62970,6.31938,657.165,8
62972,2.678879,1037.03,14
62975,2.710422,347.477,3
62976,5.40873,321.59,4
62977,2.783712,640.336,3
62979,4.578818,1014.949,7
62982,4.337123,791.105,6
62983,4.090208,1547.639,9
62984,4.362916,1553.669,7
62985,2.617331,894.44,7
62987,3.815866,742.262,12
62988,4.145986,1390.784,9
62990,4.290151,963.189,5
62992,5.534955,773.411,11
62994,4.487402,683.52,6
62995,5.178676,3491.022,11
62996,5.995958,649.113,8
62997,3.202446,635.759,3
62998,3.29902,392.383,2
62999,4.106298,1678.612,5
63005,6.836968,15369.418,10
63010,8.217632,26799.694,27
63011,9.436422,36256.994,48
63012,5.979516,9202.232,14
63014,4.793164,933.85,9
63015,5.096726,518.96,5
63016,5.481072,7766.108,20
63017,8.915417,22710.231,29
63019,8.166863,4263.903,15
63020,7.272144,18390.47,22
63021,7.542698,43266.332,35
63022,13.778335,1561.44,3
63023,3.717507,5172.459,9
63024,9.14934,109.713,4
63025,7.049349,16565.308,14
63026,7.756884,28946.171,20
63028,7.973136,22710.034,27
63030,3.251467,92.028,6
63031,10.056596,47604.914,51
63033,11.536237,28774.232,36
63034,6.738396,14826.605,13
63037,3.918356,28.13,2
63038,7.096941,6695.918,23
63039,5.166667,87.181,1
63040,8.97423,9000.615,11
63041,3.381987,494.719,10
63042,11.060771,19301.697,30
63043,9.676964,21405.204,18
63044,9.425441,6002.929,17
63048,9.845144,2852.406,7
63049,7.73574,10055.344,19
63050,5.815895,13566.833,25
63051,5.816849,13825.083,17
63052,7.230182,14923.788,21
63055,5.166667,533.222,1
63060,3.439379,1969.369,7
63061,3.41867,211.905,10
63068,4.907672,3561.895,9
63069,5.753268,6391.734,14
63070,5.349823,3810.768,9
63071,4.213523,664.407,3
63072,4.705886,228.666,13
63074,11.928034,7651.015,16
63077,4.009472,3359.169,6
63080,7.544791,10634.595,13
63084,8.401974,153.96,2
63087,3.951199,118.424,4
63088,6.912,3791.349,8
63089,8.401974,20.082,2
63090,8.805282,11013.974,11
63091,4.806359,1165.224,6
63101,17.672788,3519.43,9
63102,17.968435,2147.629,15
63103,17.967137,4595.281,17
63104,15.539957,20451.055,28
63105,14.758234,12220.583,11
63106,15.567838,9917.68,30
63107,14.237249,9742.672,35
63108,14.607654,19756.674,28
63109,13.638072,25930.006,43
63110,13.042245,17386.118,50
63111,14.544905,20411.78,38
63112,13.504265,19422.302,44
63113,12.984757,9941.735,29
63114,12.554662,29142.058,46
63115,12.911515,17993.907,46
63116,13.503754,44155.991,62
63117,14.166184,8875.991,36
63118,14.60828,29078.262,65
63119,12.822606,14851.745,47
63120,12.68218,6942.369,36
63121,11.868477,14195.347,24
63122,11.746383,36003.941,53
63123,10.479171,42001.323,50
63124,9.089013,9035.934,25
63125,12.34379,19999.022,19
63126,11.766049,14575.039,24
63127,11.647539,5476.25,13
63128,7.867966,17557.626,11
63129,9.785571,25248.331,14
63130,14.010477,5670.585,27
63131,9.216913,17390.029,32
63132,12.52554,11684.001,32
63133,14.414653,6293.638,27
63134,11.850198,6861.477,22
63135,11.897366,17321.45,21
63136,12.762648,39071.035,67
63137,11.797997,19730.13,23
63138,12.092048,13814.143,14
63139,14.326108,22264.907,55
63140,15.083845,528.669,3
63141,10.784607,14499.255,42
63143,15.816288,9451.412,14
63144,15.141807,8449.918,21
63145,14.458971,105.217,6
63146,11.723155,23882.723,22
63147,12.869797,9635.944,31
63151,8.146716,1590.087,3
63156,16.998112,863.658,3
63166,19.019554,21.15,3
63177,19.019554,584.594,3
63178,19.019554,431.466,3
63301,8.563182,48784.688,32
63302,11.117224,1681.222,3
63303,8.160204,47280.382,40
63304,7.34864,41397.175,30
63330,5.50905,216.667,3
63332,4.631845,1508.106,4
63333,5.030627,763.357,10
63334,6.21652,7589.789,13
63336,5.423772,1177.552,6
63338,7.998968,399.211,2
63339,3.287688,1418.969,4
63341,4.855139,3208.671,7
63343,6.083647,3831.054,6
63344,5.542841,1071.63,10
63345,4.521139,446.487,8
63347,6.087281,3.753,3
63348,5.937507,1201.541,10
63350,5.53996,533.834,3
63351,5.53996,1095.49,3
63352,4.531034,1116.704,8
63353,7.427755,4656.559,11
63357,4.621776,446.66,6
63359,3.596828,1712.121,16
63361,7.010266,4368.047,22
63363,4.40588,1495.17,10
63365,6.238354,13.858,2
63366,7.573922,36782.572,30
63367,9.066711,18480.049,10
63368,8.774693,38395.872,15
63373,4.771898,573.343,3
63376,8.338367,70958.56,55
63377,6.087281,142.598,3
63379,6.087281,61.917,3
63381,5.53996,76.51,3
63382,7.026008,5213.055,15
63383,4.600599,1.454,2
63384,4.318909,1759.285,16
63385,6.973533,38062.924,22
63386,4.771898,461.998,3
63388,3.750867,684.965,8
63390,4.600599,1933.714,2
63401,7.983932,21988.627,30
63430,4.32906,1074.908,2
63431,3.541467,309.426,7
63432,2.860683,776.711,6
63433,4.224412,145.431,3
63434,5.623139,585.538,2
63435,7.593493,3882.331,13
63436,4.728742,1262.402,6
63437,5.029603,1405.861,14
63438,5.104066,427.415,7
63439,5.330656,201.397,9
63440,5.240133,1359.122,11
63441,4.101034,1239.415,13
63442,2.976531,59.796,4
63443,6.607906,484.042,17
63445,8.09464,2793.957,5
63446,4.640078,591.98,6
63447,5.257502,965.373,6
63448,4.848775,1456.498,5
63450,5.10979,131.802,5
63451,5.130131,273.638,7
63452,5.295226,1152.847,6
63453,2.111372,472.75,2
63454,4.73403,978.371,12
63456,5.647434,4074.528,14
63457,5.352311,297.281,6
63458,4.622366,229.376,3
63459,5.151068,3931.852,9
63460,4.622366,414.73,3
63461,7.613338,5734.031,20
63462,5.600982,1571.067,7
63463,4.181954,678.065,4
63465,2.111372,652.395,2
63467,5.759331,61.237,3
63468,7.319461,2415.523,12
63469,5.698692,1226.734,7
63471,5.741175,644.771,5
63472,4.323553,951.929,4
63473,5.225569,472.791,3
63474,2.134883,690.702,5
63501,8.27949,14587.296,19
63530,5.089511,921.424,13
63531,6.291658,494.178,5
63532,3.506059,1347.895,11
63533,3.87621,822.548,5
63534,2.877068,810.74,10
63535,4.672299,89.339,3
63536,5.914115,1050.586,2
63537,5.852872,1644.298,5
63538,2.622626,292.022,3
63539,2.622626,290.372,3
63540,3.838256,141.627,3
63541,4.672299,394.255,3
63543,2.976531,538.165,4
63544,3.325926,773.283,9
63545,4.042497,829.472,3
63546,4.123065,1626.075,9
63547,6.007396,358.512,8
63548,5.908118,1206.496,5
63549,4.921652,2498.072,12
63551,3.297512,299.538,3
63552,7.804434,7526,11
63555,5.581742,3211.749,7
63556,6.774506,4087.496,8
63557,3.704744,326.889,12
63558,3.253307,784.94,5
63559,2.748566,1146.656,10
63560,3.983553,174.376,8
63561,4.67415,1170.914,5
63563,3.591489,663.494,7
63565,6.059743,3812.257,9
63566,4.019785,87.361,6
63567,3.297512,149.769,3
63601,5.287803,83.941,7
63620,3.820083,1467.481,11
63621,4.034211,1173.471,14
63622,3.599938,859.11,4
63623,5.597015,1008.067,2
63624,5.012482,2965.366,13
63625,4.646483,503.222,3
63626,4.213523,8.103,3
63627,5.807866,307.074,5
63628,8.295535,8086.719,10
63629,4.607812,1089.039,6
63630,8.373735,295.796,4
63631,3.999686,745.258,6
63633,4.843161,764.431,6
63636,3.802337,422.352,6
63637,5.301125,17.046,3
63638,5.442862,2501.665,16
63640,8.393009,10911.631,13
63645,3.963761,5412.337,16
63648,4.245849,942.462,8
63650,6.002185,4076.677,13
63654,4.686616,578.721,9
63655,3.753333,1697.897,8
63656,4.323254,676.992,10
63660,4.994149,3348.51,8
63662,3.295891,3688.416,4
63663,7.015428,681.734,5
63664,6.137792,8712.53,15
63665,5.563115,255.679,3
63670,5.412829,9549.708,11
63673,3.898243,1924.085,9
63675,3.781738,130.503,2
63701,7.176891,30204.806,37
63702,11.658996,1073.568,2
63703,8.918489,7841.571,16
63730,5.557594,3079.975,15
63732,4.499142,840.698,8
63735,5.580026,615.926,10
63736,5.359083,3523.233,11
63737,5.108716,28.938,3
63738,5.697886,3.7,4
63739,4.513065,486.512,7
63740,6.514592,4672.398,19
63743,3.735674,104.113,5
63744,4.55761,236.231,4
63745,7.398959,2.051,4
63746,2.946241,29.869,3
63747,3.735674,408.595,5
63748,4.848709,910.885,6
63750,3.306334,193.989,3
63751,3.817023,1222.581,11
63755,4.440703,7931.182,20
63760,5.451837,228.8,4
63763,2.996483,255.812,4
63764,5.277661,4230.822,15
63766,4.373848,1176.527,12
63767,4.896169,372,2
63769,3.893458,1340.27,8
63770,4.809474,108.161,8
63771,4.885165,3572.489,19
63774,4.896169,2.884,2
63775,6.799487,15832.48,21
63780,6.455536,6678.975,19
63781,3.855735,1690.178,7
63782,3.306334,326.548,3
63783,5.108716,175.855,3
63784,4.101741,143.381,3
63785,4.55761,924.08,4
63787,3.306334,1202.731,3
63801,6.522058,18794.309,30
63820,4.076312,101.591,2
63821,5.547611,946.985,8
63822,6.550743,2750.604,19
63823,5.392187,2442.523,16
63824,4.101741,2.24,3
63825,5.993482,4497.666,14
63826,3.646093,4.843,3
63827,4.620136,830.828,9
63828,4.554605,92.396,7
63829,5.559348,1213.212,3
63830,8.065509,6728.924,10
63833,5.861897,197.718,9
63834,7.46869,5871.854,16
63837,5.732797,1631.19,6
63839,7.430913,74.187,3
63841,7.350069,13240.317,22
63845,6.955561,5722.376,12
63846,5.212263,1344.524,6
63847,5.733541,68.535,3
63848,5.311837,1990.301,6
63849,3.948778,288.302,6
63851,7.910872,3878.394,9
63852,5.713177,1486.91,11
63853,3.646093,2.421,3
63855,4.200171,1103.798,9
63857,8.049724,12237.4,25
63862,4.780885,1520.144,13
63863,8.269855,5879.164,14
63867,5.761397,652.675,7
63868,6.342646,8.718,4
63869,7.25395,3803.202,7
63870,5.878852,514.261,9
63873,6.413428,5444.092,13
63874,5.31302,20.183,3
63876,6.536027,2202.383,8
63877,6.237218,4263.17,9
63878,5.31302,2.883,3
63879,4.683143,708.364,3
63882,5.447936,60.558,3
63901,6.743139,21407.274,29
63902,7.755009,1389.344,3
63931,4.55438,256.913,7
63932,4.679108,1305.921,8
63933,5.391265,3535.061,8
63934,4.013982,293.012,8
63935,4.853889,7051.16,18
63936,4.116271,826.961,9
63937,5.819542,3822.041,6
63939,3.299375,2061.329,4
63940,4.665112,737.71,4
63941,5.61685,553.155,7
63942,4.55438,2312.214,3
63943,5.23564,1094.375,7
63944,3.56496,2195.386,8
63945,5.08007,998.099,7
63950,2.996483,88.648,4
63951,2.996483,498.96,4
63952,3.307372,699.287,3
63953,3.149441,1568.418,7
63954,5.412276,1095.243,7
63955,3.149161,251.598,3
63956,4.080359,1043.89,10
63957,6.203801,5372.525,10
63960,4.13124,3061.83,8
63961,4.669053,1546.04,8
63964,4.070133,854.59,8
63965,6.023374,2538.858,6
63966,2.996483,1182.815,4
63967,3.379893,1718.812,6
64001,5.735464,73.691,2
64011,4.753595,3237.695,8
64012,7.582844,27265.418,21
64014,6.965963,12452.698,11
64015,8.199927,7928.289,8
64016,5.966592,4527.607,10
64017,4.324878,498.637,13
64018,5.92364,1.928,3
64019,5.389218,55.483,13
64020,6.67436,2911.357,11
64021,5.735464,151.717,2
64022,6.721339,220.452,7
64024,6.937248,9718.23,10
64028,5.275785,232.772,4
64029,6.742483,11367.401,9
64030,9.2161,25088.134,19
64034,6.349159,5881.996,2
64035,3.152699,1040.88,8
64036,3.148768,428.109,4
64037,7.086039,1473.404,11
64040,6.081477,4720.655,12
64048,6.650693,600.047,7
64050,10.908848,7310.034,14
64052,11.935353,16860.275,19
64053,10.443624,1513.525,7
64054,10.240961,2665.583,6
64055,12.199386,30789.201,32
64056,9.230215,16705.807,23
64057,11.333089,9974.008,15
64058,7.194215,7049.742,8
64060,7.272451,3521.277,5
64061,6.478356,1593.64,10
64062,6.62758,350.019,7
64063,8.748652,9464.772,14
64064,7.638947,10275.602,9
64066,5.843673,96.805,3
64067,6.703372,6140.162,10
64068,9.865289,20577.382,16
64069,6.952946,1397.464,3
64070,7.475181,1544.583,8
64071,6.609691,264.293,14
64074,4.555422,598.83,10
64075,6.544778,11945.165,18
64076,6.567284,8693.613,16
64077,4.36048,1778.899,4
64078,6.09213,9106.197,12
64079,5.287182,5371.356,7
64080,4.60011,3276.057,13
64081,8.132241,9179.906,9
64082,5.964037,6966.619,8
64083,4.512054,4763.285,8
64084,3.72816,220.533,8
64085,3.48968,1572.548,8
64086,8.511026,19654.85,21
64088,5.769009,1270.206,5
64089,6.298308,11056.667,7
64090,4.317266,151.811,2
64092,5.275785,70.663,4
64093,9.149022,3973.779,8
64096,5.717113,1166.661,7
64097,4.532481,827.49,5
64098,5.92364,2884.9,3
64101,17.334372,265.788,3
64102,17.344407,199.368,3
64105,16.790223,2998.776,3
64106,16.750198,4231.955,10
64108,16.353295,7789.433,30
64109,14.624393,8648.331,23
64110,13.851775,15925.915,37
64111,15.37414,14018.845,21
64112,15.710024,6659.053,17
64113,14.502561,12134.035,23
64114,13.647048,24299.673,42
64116,12.818416,15253.743,20
64117,11.477022,14558.004,23
64118,11.143569,33330.641,32
64119,8.56036,19853.922,37
64120,12.549601,1254.018,3
64123,12.641854,9552.113,22
64124,14.003182,10661.73,29
64125,12.119267,1485.63,8
64126,13.221316,5953.639,17
64127,14.646704,14468.33,31
64128,13.093379,11456.139,36
64129,11.044319,8979.72,41
64130,12.182172,20309.072,45
64131,13.343357,19837.481,48
64132,12.458554,14920.502,32
64133,10.342549,29813.418,50
64134,9.519366,23088.697,36
64136,7.442046,2422.665,7
64137,8.166496,10960.577,22
64138,9.228156,23924.302,32
64139,5.968085,1924.969,5
64141,18.109259,722.678,2
64145,10.084706,2824.74,5
64146,8.877228,175.546,3
64147,7.042373,404.423,5
64148,8.877228,1235.261,3
64149,6.198324,148.144,5
64150,8.325535,3134.983,16
64151,10.168829,14607.479,16
64152,6.233965,10514.371,15
64153,9.487313,5138.811,8
64154,11.589135,6503.909,10
64155,5.220937,2072.624,7
64156,4.891787,2735.951,5
64157,9.666667,4832.713,4
64158,10.346033,5196.056,7
64161,5.364531,448.22,3
64163,8.333333,18.018,1
64165,4.305178,426.351,2
64166,4.305178,258.768,2
64168,9.718197,1009.974,2
64188,15.582705,1626.67,6
64190,14.898151,901.089,2
64401,4.418587,1482.656,7
64402,6.794257,2395.345,10
64420,5.479984,25.228,3
64421,4.207391,1052.945,2
64422,4.784337,361.165,5
64423,4.962479,711.527,12
64424,6.539655,4102.825,11
64426,5.463978,361.013,4
64427,4.336895,579.106,12
64428,4.703251,859.48,13
64429,8.389936,5176.777,19
64430,4.871986,785.228,14
64431,4.850736,359.406,2
64432,5.486519,69.426,4
64433,5.486519,69.426,4
64434,5.486519,440.495,4
64436,5.959295,752.722,9
64437,6.769253,1034.748,10
64438,6.714362,263.807,7
64439,4.458422,749.223,11
64440,3.828533,695.793,11
64441,5.710378,213.27,9
64442,5.066309,684.416,7
64443,5.47741,1114.665,2
64444,5.512938,109.585,5
64445,4.850736,295.981,2
64446,6.01207,832.144,9
64448,4.061576,1244.755,8
64449,4.207391,481.74,2
64451,6.123214,443.602,6
64453,6.255812,204.752,7
64454,5.632848,2610.537,5
64455,4.167378,373.31,5
64456,5.463081,1465.81,6
64457,5.357268,350.789,7
64458,4.077101,274.72,6
64459,4.207234,515.145,7
64461,4.967994,791.811,6
64463,6.077404,1559.8,15
64465,6.088775,587.093,4
64466,5.863946,402.696,2
64467,4.065291,186.807,3
64468,8.105404,7004.83,11
64469,5.223296,34.384,8
64470,7.520272,1254.852,4
64471,4.239193,529.905,6
64473,6.11818,1304.071,4
64474,5.002136,830.212,9
64475,5.174359,521.635,9
64476,5.486519,440.495,4
64477,6.037277,3326.841,7
64479,5.507268,1005.016,8
64480,4.182957,328.251,3
64481,5.31902,1070.229,7
64482,6.58136,2096.849,3
64483,4.185774,597.065,5
64484,4.143206,1163.407,6
64485,4.688872,1423.293,9
64486,5.290466,287.163,5
64487,4.234298,663.258,9
64489,6.180038,2091.357,11
64490,5.105204,1928.467,14
64491,5.977269,1800.766,7
64492,5.631846,1553.835,9
64493,6.088775,106.003,4
64494,4.608765,990.32,8
64496,6.58136,209.304,3
64497,5.260076,148.194,8
64498,6.002527,311.512,7
64499,5.560528,160.734,7
64501,10.123108,11076.225,26
64502,12.770811,678.626,2
64503,7.953574,8521.49,16
64504,7.706733,10731.648,20
64505,7.690189,13868.489,25
64506,8.69907,23153.235,31
64507,8.148763,12166.163,38
64508,8.136977,600.964,3
64601,7.950978,11773.207,16
64620,5.25894,522.204,8
64622,3.793062,614.133,7
64623,5.082779,455.766,3
64624,5.433541,1426.674,16
64625,5.639055,643.694,13
64628,6.915139,5744.047,18
64630,4.120653,563.986,11
64631,3.939581,906.301,8
64632,5.415684,713.343,8
64633,7.72604,5260.986,11
64635,6.49195,744.579,9
64636,5.300296,284.27,7
64637,5.370032,595.629,8
64638,2.937491,548.041,8
64639,5.082779,153.411,3
64640,5.246475,3426.779,8
64641,3.760928,615.667,5
64642,5.140186,865.667,9
64643,4.099913,876.177,11
64644,5.813798,643.734,9
64645,3.023558,212.524,4
64646,3.141932,224.689,5
64647,5.294224,330.283,3
64648,4.947859,1713.852,14
64649,5.225171,219.854,5
64650,6.084804,3.277,4
64651,5.10751,594.157,7
64652,3.842648,457.237,10
64653,4.454086,602.301,10
64655,3.297512,200.172,3
64656,2.700418,331.701,4
64657,6.103242,428.98,9
64658,7.82787,3042.838,10
64659,4.495672,789.317,3
64660,5.310345,494.41,5
64661,5.300142,757.379,2
64664,2.700418,340.546,4
64667,3.375603,251.662,7
64668,3.599513,1449.994,8
64670,5.295997,917.515,9
64671,3.242874,204.497,8
64672,3.330104,241.545,5
64673,4.943123,2603.794,8
64674,4.383924,454.226,6
64676,5.307298,156.824,2
64679,3.607163,821.67,9
64681,5.302114,295.619,6
64682,4.731972,337.207,7
64683,6.939101,8092.927,20
64686,2.700418,227.768,4
64688,6.46094,757.228,4
64689,5.236459,572.805,8
64701,8.47029,14338.926,23
64720,5.381256,3532.79,14
64722,4.428195,492.31,4
64723,4.428195,722.801,4
64724,5.335808,1890.674,13
64725,4.868462,2422.49,13
64726,4.027217,666.62,7
64728,4.125904,571.372,8
64730,7.744326,6764.97,14
64733,3.942422,1099.272,7
64734,4.537849,1902.881,6
64735,6.874053,12728.706,18
64738,4.041511,1047.293,5
64739,4.59642,1190.861,10
64740,4.082428,1956.128,9
64741,3.987667,347.904,4
64742,4.890032,2277.551,8
64743,5.837917,275.995,3
64744,6.129705,6178.731,16
64745,4.428195,118.602,4
64746,5.087718,1358.618,7
64747,5.390173,3628.288,10
64748,4.330381,1407.498,14
64750,4.364864,443.683,3
64752,4.366844,958.47,6
64755,3.874914,787.426,10
64756,4.973904,116.404,8
64759,6.240989,8143.918,16
64761,3.92788,1469.415,10
64762,4.273106,1606.88,4
64763,5.500907,1546.622,9
64765,4.24355,40.143,2
64767,4.243274,730.578,5
64769,4.273106,491.096,4
64770,4.021939,985.192,10
64771,4.128847,515.568,4
64772,7.293039,13059.958,18
64776,5.473141,3793.62,9
64778,4.237207,790.24,4
64779,5.86003,2599.214,9
64780,5.372594,656.072,10
64781,3.243792,1.624,3
64783,4.202871,842.762,6
64784,4.224345,1414.023,9
64788,4.28446,1449.117,9
64790,4.355855,900.943,5
64801,8.978302,19539.109,32
64802,11.259193,1444.457,4
64803,8.820368,1540.525,3
64804,7.546666,25206.69,37
64831,4.574223,1854.402,8
64832,4.273106,95.961,4
64836,6.933175,21792.212,25
64840,6.233153,344.257,8
64841,6.385558,1141.16,3
64842,4.942219,773.727,2
64843,4.801721,2744.391,9
64844,5.497964,3628.287,5
64848,4.327623,633.165,16
64850,6.493299,22994.454,33
64854,4.258465,4245.206,4
64855,4.273106,79.027,4
64856,4.258465,80.878,4
64858,3.580449,3.5,3
64859,4.69107,1393.19,8
64861,4.942219,52.489,2
64862,5.602399,2901.916,16
64863,4.258465,1333.591,4
64865,5.021422,5713.605,19
64866,4.990658,1297.707,5
64867,4.942219,585.156,2
64870,8.148371,6909.771,8
64873,4.347134,501.044,9
65001,5.128285,400.325,5
65010,4.176302,848.979,2
65011,3.866554,2145.401,7
65013,5.187013,2903.18,7
65014,4.797267,2360.668,10
65016,3.628486,1220.7,6
65017,6.007701,2.497,2
65018,6.553476,7776.38,14
65020,8.857553,3984.825,5
65023,4.727093,1824.878,6
65024,4.002828,1257.367,6
65025,3.624028,851.262,11
65026,3.241624,2434.138,11
65032,3.877033,1077.492,7
65034,4.965797,740.029,10
65035,4.096147,1484.57,5
65037,4.699256,2.163,3
65039,4.536376,317.957,5
65040,4.041523,1203.747,3
65041,6.300449,5734.395,11
65043,5.555556,4970.482,3
65046,4.653958,1222.681,8
65047,6.007701,216.034,2
65048,4.877241,204.115,5
65050,3.08716,479.806,3
65051,6.074014,4818.907,11
65052,5.897501,3734.106,4
65053,4.771887,1357.609,8
65054,3.833366,815.314,6
65058,4.979349,1015.243,10
65059,3.714357,15.754,4
65061,4.109349,969.699,10
65062,4.38806,56.422,5
65063,5.555556,107.91,3
65064,3.217833,520.459,7
65065,6.007701,9.99,2
65066,6.098922,5764.627,10
65067,3.714357,329.52,4
65068,4.792806,735.79,5
65069,4.20451,667.192,8
65074,4.137826,3066.28,12
65076,4.077942,629.646,5
65077,3.714357,517.254,4
65078,4.648517,2516.069,14
65081,6.774548,4347.406,12
65082,3.218953,1.811,4
65084,5.685859,6692.361,13
65085,5.170429,1290.731,3
65101,6.601679,22675.79,34
65102,10.129612,987.509,3
65109,6.636876,22685.62,20
65110,10.574472,1504.443,4
65201,8.315622,27274.53,26
65202,5.168958,9984.926,18
65203,8.622756,27915.435,27
65205,12.301627,1711.235,3
65230,5.813591,716.704,7
65231,5.621207,3309.508,11
65232,4.501201,245.891,5
65233,7.01483,12094.983,14
65236,6.287245,1252.74,5
65237,4.879085,963.918,7
65239,5.246539,1290.077,7
65240,5.662909,6675.74,20
65243,3.697019,2789.141,15
65244,5.235606,627.777,17
65246,6.288595,113.589,3
65247,3.636914,618.598,11
65248,7.294636,4605.73,10
65250,3.780407,619.914,3
65251,6.935189,12282.693,17
65254,5.973282,1893.989,17
65255,3.72033,93.094,2
65256,3.812422,1841.256,11
65257,4.338814,2263.589,7
65258,4.486942,502.174,7
65259,5.365717,2926.701,11
65260,4.953516,549.352,10
65261,6.024681,1174.653,9
65262,5.59608,879.076,12
65263,4.411871,1726.831,10
65264,4.71843,758.702,13
65265,6.87625,15410.576,33
65270,7.317419,16102.465,24
65274,3.780407,1482.072,3
65275,5.952292,2589.879,11
65276,4.924366,1401.223,5
65278,3.971017,5.441,4
65279,4.176706,1484.139,8
65280,4.501201,250.094,5
65281,6.796336,2922.252,15
65282,6.445274,178.849,4
65283,6.408564,628.822,8
65284,3.493451,645.51,9
65285,2.403243,742.975,8
65286,6.276093,135.267,5
65287,4.76476,390.153,5
65301,7.371265,32939.091,43
65302,11.960837,1278.108,4
65305,6.601148,3914.285,2
65320,4.161618,194.894,3
65321,6.798005,401.117,7
65322,4.916459,613.015,8
65323,4.2639,821.523,3
65325,5.678006,3181.143,17
65329,3.913388,631.83,4
65330,5.713486,445.161,7
65332,4.516783,1629.843,11
65333,3.392993,730.169,13
65334,3.305161,910.891,7
65335,4.996834,331.323,8
65336,5.24965,487.744,10
65337,5.564843,1839.725,7
65338,5.473981,3087.427,10
65339,4.53168,672.602,5
65340,7.441195,15415.801,23
65344,4.020121,394.269,6
65345,4.785419,483.816,14
65347,4.078272,806.434,11
65348,4.689849,1255.979,13
65349,5.614319,2607.284,9
65350,4.150401,1751.894,16
65351,6.369109,2522.809,17
65354,3.971069,721.405,9
65355,7.154371,5683.893,10
65360,6.182402,4656.27,15
65401,5.532114,18336.57,35
65402,11.071667,1547.481,3
65436,2.862532,132.214,3
65438,5.055287,2124.807,12
65439,5.597015,483.692,2
65440,4.531433,691.466,8
65441,4.215674,1404.3,15
65443,2.097606,208.92,5
65446,3.744769,280.836,4
65449,3.706475,45.649,3
65452,4.579438,3027.367,9
65453,6.160555,8618.495,20
65456,3.744769,561.671,4
65457,3.356325,287.385,2
65459,4.18517,6835.256,17
65461,3.009974,162.579,5
65462,3.068292,1375.527,9
65463,4.144981,35.167,4
65466,4.471783,2485.769,4
65470,3.619459,103.071,4
65473,6.654898,11464.942,7
65479,4.471783,330.277,4
65501,4.51789,421.46,6
65529,2.862532,206.585,3
65532,4.491164,3.615,3
65535,4.262418,1973.447,10
65536,7.315804,14532.806,18
65541,4.477172,384.723,6
65542,4.329567,166.563,6
65543,3.619459,83.18,4
65548,6.373252,4963.482,10
65550,3.641884,2743.197,14
65552,3.356325,172.819,2
65556,3.563371,1410.153,5
65559,5.898842,9238.193,21
65560,6.331173,13097.696,23
65565,3.731257,1467.583,11
65566,5.405452,877.295,6
65567,3.497545,1306.975,2
65571,4.471783,664.9,4
65580,2.385205,1092.398,5
65582,4.863913,2253.189,9
65583,4.558908,360.498,3
65584,3.356325,1906.837,2
65588,5.033674,2311.027,8
65590,4.144981,199.278,4
65591,3.922887,1584.439,4
65601,5.927018,248.235,9
65603,4.949784,204.359,4
65604,5.831365,3546.311,16
65605,8.680723,7985.179,11
65606,4.094865,3838.018,7
65608,5.268633,9144.398,16
65609,3.719358,759.949,9
65610,5.050506,4574.242,8
65611,4.884693,155.949,2
65612,4.575181,1297.952,9
65614,4.327106,97.644,3
65616,6.09446,6746.219,8
65617,4.683966,171.257,2
65618,3.980853,167.572,5
65619,5.643985,1222.953,7
65622,6.788703,5544.124,9
65625,6.931439,7346.643,11
65626,3.210112,1772.94,9
65627,5.07827,687.342,5
65631,5.263579,4442.826,5
65632,4.516165,720.987,6
65634,3.334422,611.462,5
65635,5.937298,552.375,9
65637,3.791071,857.724,12
65638,2.520273,2195.015,8
65641,4.650522,1073.118,10
65644,4.781419,1021.506,3
65646,5.507958,2137.074,13
65647,4.366181,2392.599,3
65648,4.781419,292.125,3
65649,6.733755,6.295,4
65652,4.931964,3838.837,12
65653,5.287374,868.524,8
65654,4.340937,173.645,4
65655,3.980853,827.568,5
65658,4.966114,810.491,2
65660,3.619459,202.525,4
65661,5.666672,2451.77,9
65662,3.70688,939.564,11
65664,4.704597,22.766,4
65666,3.980853,108.775,5
65667,4.124478,3476.793,11
65668,6.161102,1816.353,5
65672,4.99129,1422.514,7
65673,4.884693,603.645,2
65674,3.243792,60.077,3
65679,5.142153,2180.74,5
65680,4.327106,114.283,3
65682,4.942648,1626.11,13
65685,4.458962,590.056,9
65690,2.648928,516.531,3
65692,5.912327,1595.537,7
65702,5.876994,480.901,5
65704,5.549042,3794.829,9
65705,5.059455,15.18,3
65706,6.305226,15173.272,19
65707,4.704597,2107.713,4
65708,4.340937,373.236,4
65711,6.999906,6770.028,15
65712,4.39102,564.786,8
65713,3.904224,2543.067,11
65714,7.613497,22618.789,10
65715,3.980853,8.82,5
65717,6.241505,2027.502,19
65720,3.433203,23.949,4
65721,6.983665,14701.094,13
65722,4.144981,55.681,4
65723,4.581976,383.109,6
65724,6.203844,10.626,2
65731,5.444307,331.053,3
65732,3.399608,629.347,9
65733,4.327106,222.873,3
65734,4.7978,240.448,10
65735,4.067655,165.559,5
65737,7.833333,18.956,1
65738,8.089113,13414.856,17
65739,4.884693,325.915,2
65741,3.980853,2.94,5
65742,6.150878,9167.058,12
65744,4.327106,37.656,3
65745,3.589911,2125.807,3
65746,4.978975,7738.796,20
65747,4.966114,934.581,2
65752,4.918151,455.852,8
65753,7.088526,343.955,3
65755,3.433203,1947.819,4
65756,4.340937,930.097,4
65757,4.77512,2312.088,12
65759,4.327106,106.839,3
65760,3.980853,576.211,5
65761,4.327106,20.142,3
65764,4.144981,971.479,4
65766,3.980853,210.199,5
65767,4.144566,1787.071,7
65768,2.441951,1702.043,3
65769,4.378746,1710.097,8
65770,6.681156,2557.445,9
65772,3.666455,1774.461,11
65773,3.980853,417.459,5
65774,5.78155,133.723,8
65775,5.922035,17532.763,27
65777,2.891296,386.18,8
65778,2.648928,823.527,3
65779,4.167463,1922.712,5
65781,6.605555,8475.314,7
65783,4.144981,293.056,4
65784,3.980853,158.752,5
65785,6.690792,3088.566,11
65786,4.144981,21.979,4
65788,4.043461,426.358,7
65789,3.815613,1548.369,11
65790,2.991817,890.703,9
65791,5.880384,4426.1,10
65793,3.358362,723.62,7
65801,10.746488,1822.735,3
65802,8.792717,29653.435,44
65803,8.444807,28643.602,35
65804,8.899812,32951.526,48
65805,10.746488,55.374,3
65806,8.865843,12849.251,21
65807,8.195256,37819.019,39
65808,9.082033,1559.791,3
65809,5.582948,378.742,4
65810,7.156665,3542.206,6
65814,10.166667,491.988,2
66002,7.443399,7910.084,24
66006,7.052864,7424.976,11
66007,4.392877,2658.817,4
66008,6.000343,224.517,6
66010,6.004631,548.459,11
66012,6.886724,7241.688,15
66013,6.181524,2259.944,9
66014,7.406105,96.885,12
66015,4.541659,770.349,5
66016,3.611878,473.678,5
66017,4.420353,292.916,10
66020,4.253872,1704.305,4
66021,5.1328,2566.979,17
66023,3.611878,1020.955,5
66024,4.664409,934.619,4
66025,6.944372,7844.728,12
66026,4.937965,532.364,4
66027,5.525285,7761.904,2
66030,8.158823,23746.896,23
66031,5.301529,2.324,3
66032,7.432892,4819.279,7
66033,7.580503,866.462,10
66035,4.318606,1171.142,3
66039,4.417857,676.669,4
66040,5.441382,355.113,8
66041,3.658967,560.606,12
66042,4.914111,896.901,17
66043,5.593631,4116.997,7
66044,9.250622,17889.545,29
66046,8.679286,12250.074,16
66047,7.795874,18900.707,14
66048,7.479073,29859.698,35
66049,7.457298,14677.596,16
66050,3.467305,1990.752,9
66051,15.304293,616.355,3
66052,4.060262,2045.278,3
66053,6.778529,7563.495,14
66054,5.012863,2811.014,12
66056,6.269172,2040.33,8
66058,3.609776,367.555,10
66060,5.440831,1063.189,9
66061,9.039605,32423.13,29
66062,11.434813,54905.437,47
66063,8.605263,1501.881,2
66064,5.579966,5739.65,18
66066,5.571404,2772.222,10
66067,7.244116,14164.411,17
66070,5.266605,2678.291,7
66071,6.799966,12297.532,23
66072,4.937965,47.046,4
66073,5.4785,2222.103,11
66075,6.276118,1861.622,5
66076,4.744804,19.034,6
66078,4.744804,928.42,6
66079,4.767533,782.761,7
66080,5.062777,971.942,13
66083,6.005647,10100.988,15
66085,7.516569,5652.166,8
66086,5.033709,9098.817,15
66087,5.794634,1952.644,10
66088,5.773292,2466.114,20
66090,4.700437,2559.907,7
66091,4.352099,333.564,3
66092,5.429401,1188.928,14
66093,4.621284,568.356,5
66094,4.689472,468.606,6
66095,4.727076,743.777,13
66097,5.80602,1066.105,12
66101,13.29498,9198.891,14
66102,12.971536,27927.103,44
66103,12.294516,9704.962,10
66104,10.48626,23979.31,47
66105,15.032137,2479,3
66106,8.696165,24436.87,28
66109,7.496371,22993.769,20
66110,10.814095,375.757,2
66111,6.974851,6690.899,12
66112,12.242706,12901.306,20
66119,14.408502,8.624,4
66201,18,727.622,2
66202,11.763555,15992.531,33
66203,10.720554,13349.1,11
66204,13.357084,14166.912,25
66205,12.372524,13420.541,25
66206,11.137382,11094.305,18
66207,10.871692,10820.785,12
66208,11.384905,20941.032,44
66209,10.88983,17468.237,13
66210,12.753571,14345.422,19
66211,11.97195,6138.215,13
66212,12.86147,26666.494,27
66213,10.776752,29669.051,27
66214,12.711071,10060.518,20
66215,11.67896,16676.415,22
66216,8.939422,19529.727,24
66217,7.122909,2806.736,12
66218,6.666667,800.178,2
66219,10.580277,7545.074,15
66221,8.800269,15299.341,19
66223,11.729635,23456.134,15
66224,10.006482,4266.023,9
66225,11.833333,1151.729,1
66226,5.578791,4736.187,3
66227,5.213169,1245.813,2
66282,13.910531,1099.816,4
66283,12.046631,859.044,2
66285,12.12867,1276.416,2
66401,4.620776,2164.633,10
66402,4.878022,2919.845,8
66403,5.293381,611.596,9
66404,6.186023,438.246,9
66406,5.213727,413.524,5
66407,4.914712,568.534,8
66408,6.255449,463.892,6
66409,3.513053,2921.518,14
66411,5.846231,1290.829,9
66412,5.292984,256.724,10
66413,5.031944,1809.646,8
66414,4.77913,2717.215,13
66415,3.834314,863.396,7
66416,3.945129,506.955,10
66417,3.811534,362.127,3
66418,3.957126,543.34,2
66419,3.737798,467.845,9
66420,4.936248,21.491,3
66422,4.83224,566.395,9
66423,4.177111,748.647,3
66424,5.789374,603.761,9
66425,5.16842,540.319,3
66427,5.591769,1187.34,6
66428,3.812297,428.8,5
66429,5.034648,546.066,5
66431,4.26259,530.178,6
66432,5.040684,469.511,9
66434,7.719327,4771.337,11
66436,6.853833,5864.213,20
66438,5.260433,275.195,5
66439,5.852444,2432.376,17
66440,3.608765,1817.515,7
66441,6.957963,13512.637,23
66442,5.467717,8817.124,3
66449,5.640199,1068.659,8
66451,4.946061,1766.734,5
66501,4.730931,187.733,5
66502,9.037871,26069.245,36
66503,7.647386,6292.346,11
66505,10.294389,1258.01,5
66507,4.545905,1022.776,8
66508,8.654616,4131.58,11
66509,3.734165,2567.548,7
66510,4.168646,752.058,5
66512,4.921837,3325.289,12
66515,5.16842,381.022,3
66516,3.825544,369.245,8
66517,6.233126,1517.452,8
66518,5.183852,178.687,3
66520,5.33806,630.866,4
66521,5.287511,1512.214,12
66522,6.250462,96.769,4
66523,6.320961,3784.034,9
66524,4.487414,2509.56,13
66526,4.683596,723.245,8
66527,5.16842,303.526,3
66528,4.947316,743.362,5
66531,5.644147,1509.819,4
66532,5.704196,630.905,10
66533,5.454383,1841.982,5
66534,7.154385,3625.913,12
66536,4.995274,4010.815,13
66537,5.014787,1359.714,13
66538,6.099171,3294.949,7
66539,5.453628,2922.976,5
66540,3.980248,564.438,9
66541,5.183852,283.797,3
66542,5.373195,3185.598,13
66543,4.971502,799.683,3
66544,5.456908,357.748,9
66546,3.700588,1073.797,13
66547,6.777698,6496.916,16
66548,5.851158,964.895,11
66549,5.338702,1419.987,6
66550,3.821643,600.765,13
66552,3.541201,434.946,10
66554,5.644147,708.979,4
66601,14.797751,309.496,4
66603,13.648448,1866.229,10
66604,13.688656,19733.813,46
66605,10.404405,19389.311,23
66606,12.629168,8371.098,18
66607,12.658421,8996.059,27
66608,12.015307,5130.864,6
66609,8.148774,5599.111,19
66610,6.96132,6670.953,12
66611,12.547929,9898.788,20
66612,14.775839,2226.992,14
66614,11.322979,31827.608,35
66615,5.259275,3455.26,17
66616,10.939439,5520.625,12
66617,4.197433,7184.806,19
66618,5.679188,1779.397,12
66619,4.119527,371.201,4
66647,13.587104,8.559,3
66667,13.587104,283.887,3
66675,8.599639,714.129,2
66701,6.909292,12085.177,20
66710,3.815846,480.311,4
66711,5.405935,688.102,10
66712,5.424261,1791.208,4
66713,6.219072,5599.185,10
66714,3.833333,271.221,1
66716,3.188374,527.96,11
66717,3.836631,684.217,2
66720,7.749475,11188.816,24
66724,4.194409,1051.32,9
66725,6.423492,5395.528,12
66732,5.833333,279.749,1
66733,5.234141,2152.187,7
66734,4.290671,414.624,8
66735,5.424261,426.92,4
66736,6.832337,3672.046,15
66738,2.984952,383.264,8
66739,5.792711,5465.596,10
66740,4.027301,396.217,2
66741,5.469925,186.128,2
66743,7.507395,4162.418,14
66746,4.372626,186.896,6
66748,6.254602,2535.966,15
66749,7.765221,7365.025,14
66751,5.588908,924.976,3
66753,4.06629,1158.858,15
66754,2.82553,523.691,8
66755,5.815597,1073.77,3
66756,5.424261,941.08,4
66757,7.061587,3152.597,7
66758,4.413512,234.364,8
66761,4.375827,185.957,5
66762,7.780634,17660.709,32
66763,6.912808,3307.203,3
66767,6.276118,435.012,5
66769,4.787361,418.767,5
66770,3.96085,1062.845,3
66771,5.331321,873.556,7
66772,5.776955,314.406,8
66773,4.043063,728.424,5
66775,5.435268,196.705,7
66776,4.0259,1172.47,7
66777,4.271353,799.332,4
66779,5.003144,553.474,5
66780,4.54359,660.793,11
66781,4.140385,1219.039,5
66782,3,144.487,2
66783,7.350998,1991.754,7
66801,7.349768,16534.534,25
66830,3.078125,311.033,2
66833,3.086681,621.881,4
66834,4.549384,872.453,15
66835,3.912136,1237.609,4
66838,3.700582,178.547,11
66839,6.873506,3517.243,8
66840,5.344215,407.305,9
66843,5.870814,260.649,9
66845,5.875425,1018.013,4
66846,5.91006,3765.347,19
66849,3.723684,445.131,7
66850,5.875425,234.785,4
66851,5.279843,710.42,5
66852,4.72091,669.142,7
66853,4.984534,453.746,3
66854,4.397134,992.119,10
66855,4.984534,18.216,3
66856,4.642438,1653.347,5
66857,5.174056,973.995,5
66858,4.781806,453.806,6
66859,4.682904,194.772,7
66860,4.915811,1169.676,6
66861,6.282478,2940.285,14
66862,5.875425,174.255,4
66863,3.670045,46.59,2
66864,4.34624,454.09,6
66865,4.316172,1021.794,7
66866,5.295921,1697.509,9
66868,3.413323,786.251,10
66869,5.86887,688.22,6
66870,4.939496,169.332,6
66871,5.156239,1332.107,7
66872,3.613342,795.664,7
66873,3.604447,286.499,5
66901,7.710422,6190.358,18
66930,3.205411,156.504,5
66932,5.518064,150.462,2
66933,5.085525,360.147,8
66935,6.961439,2180.167,13
66937,4.866601,855.624,8
66938,5.333757,989.606,13
66939,5.6087,658.848,2
66940,3.207765,283.874,5
66941,5.518064,3.381,2
66943,5.06664,543.158,4
66944,7.001574,261.248,8
66945,7.19365,980.503,11
66946,7.325455,129.046,4
66948,4.652833,435.885,4
66949,5.6087,4.32,2
66951,5.361292,669.272,4
66952,5.518064,576.487,2
66953,5.06664,561.887,4
66955,7.325455,151.915,4
66958,7.180962,263.515,8
66959,3.182477,216.2,2
66960,3.260504,173.467,6
66961,5.6087,23.762,2
66962,5.048446,313.585,8
66964,5.6087,274.34,2
66966,5.608899,669.762,10
66967,7.466172,1901.417,5
66968,7.142376,1432.721,8
67001,5.162014,1604.95,5
67002,3.958948,482.313,3
67003,7.41921,2546.16,7
67004,4.638277,874.791,15
67005,6.50127,15809.094,20
67008,4.044492,567.846,11
67009,5.151508,869.567,6
67010,7.71624,7531.015,8
67013,4.640442,2908.002,13
67016,5.17495,520.434,2
67017,7.333333,133.164,1
67018,5.126286,185.613,6
67019,3.978221,985.109,5
67020,5.463735,613.479,13
67021,4.610925,78.594,2
67022,4.662474,1498.185,4
67023,3.940273,290.456,3
67024,4.998994,664.219,9
67025,5.736619,3878.752,11
67026,5.945195,5001.463,15
67028,4.932229,271.082,13
67029,6.843165,1087.778,3
67030,5.235651,2551.164,9
67031,4.524238,2098.118,10
67035,4.964569,808.668,9
67036,7.457854,90.027,3
67037,6.880541,9670.233,16
67038,3.940273,604.232,3
67039,4.081,3418.915,8
67042,7.956373,11690,9
67045,7.608146,3217.991,9
67047,3.592319,929.597,8
67049,6.37918,69.528,9
67050,4.176371,2064.183,7
67051,4.99175,511.43,7
67052,5.739618,8435.824,11
67053,5.279843,502.541,5
67054,5.611395,1262.057,6
67055,7.333333,39.008,1
67056,5.567034,338.689,4
67057,7.092231,236.744,2
67058,7.11853,1776.76,10
67059,5.513504,950.13,8
67060,5.525237,14268.09,15
67061,6.57727,184.668,4
67062,5.568124,4336.834,14
67063,6.1153,3724.955,14
67065,5.629875,218.208,9
67066,4.610925,232.366,2
67067,6.782836,1742.516,3
67068,5.886877,4185.337,11
67070,7.092231,1094.322,2
67071,6.42187,109.587,6
67072,3.958155,33.794,6
67073,6.139051,307.599,6
67074,3.959979,255.795,6
67101,5.239,66.92,4
67102,3.940273,67.844,3
67103,4.542703,307.308,10
67104,6.073396,2439.249,6
67105,4.526917,229.749,10
67106,4.822149,421.498,8
67107,5.745284,3113.51,9
67108,4.954276,1692.864,10
67109,5.667524,447.312,4
67110,4.419387,2809.984,16
67111,3.518351,353.291,2
67112,5.060744,260.711,7
67114,7.544036,20503.787,31
67117,6.906711,1778.911,4
67118,3.58079,764.008,10
67119,5.040637,1599.889,11
67120,3.816953,1405.371,14
67122,4.315201,163.762,7
67124,7.53764,8154.342,9
67127,6.827614,542.379,5
67131,4.38266,262.439,5
67133,6.065526,6258.406,8
67134,4.776266,353.558,6
67135,5.17495,488.042,2
67137,3.775166,502.525,7
67138,6.179824,373.95,8
67140,4.751147,716.227,6
67142,4.326001,403.071,5
67143,6.074099,103.832,6
67146,4.407493,1846.262,7
67147,6.915004,629.153,8
67149,5.094394,1059.043,7
67150,5.14801,59.103,2
67151,5.549515,529.361,9
67152,7.860779,8972.608,21
67155,6.812173,166.359,7
67156,7.5854,14965.423,18
67159,5.044951,269.345,5
67202,15.999846,25.784,6
67203,13.515685,29134.954,55
67204,10.314676,19904.732,25
67205,11.016589,609.149,11
67206,12.709906,16170.311,19
67207,13.041235,12417.716,18
67208,12.927206,15402.327,26
67209,7.480191,11861.538,20
67210,8.110697,9295.659,18
67211,13.389572,19440.438,44
67212,11.219761,38860.579,36
67213,13.087116,21882.893,51
67214,14.408064,14641.734,39
67215,4.210823,5899.558,15
67216,9.529807,23512.903,47
67217,10.420543,22685.111,33
67218,12.989133,21143.432,37
67219,9.324913,13303.243,22
67220,7.193627,6279.248,11
67221,6.387616,5.371,2
67223,5.243001,437.636,4
67226,10.708626,20464.651,13
67227,4.072525,410.353,2
67228,9.157989,1668.057,2
67230,6.837189,10442.875,6
67232,3.958948,2.097,3
67235,6.043485,13442.324,17
67275,8.018115,207.206,2
67277,8.018115,1036.031,2
67278,13.53283,1710.274,2
67301,7.111547,13297.462,18
67330,4.475362,1160.595,10
67332,3.682575,231.076,3
67333,6.041638,2900.252,7
67334,5.145134,58.052,6
67335,5.359823,3488.206,19
67336,6.103995,1713.319,6
67337,6.41983,10075.714,18
67340,3.878192,467.922,10
67341,4.57585,299.366,6
67342,3.682575,859.372,3
67344,4.767624,687.915,20
67345,5.604801,147.137,5
67346,5.533553,364.408,11
67347,4.005496,665.874,11
67349,5.604052,963.267,11
67351,3.787985,426.337,13
67352,5.580999,515.106,11
67353,5.558461,482.464,11
67354,4.452213,658.594,7
67355,5.145134,236.914,6
67356,7.38095,2775.761,13
67357,7.677884,12007.271,17
67360,5.145134,343.603,6
67361,5.145134,1807.448,6
67363,4.696886,6.026,3
67364,3.873678,233.546,5
67401,12.024241,45436.893,41
67410,7.041793,9726.448,20
67416,3.841305,1139.938,7
67417,5.369148,179.925,5
67418,5.421226,185.803,13
67420,8.085616,4563.539,9
67422,4.196784,1251.462,6
67423,5.341124,284.686,6
67425,5.192746,712.499,10
67427,5.48542,429.35,10
67428,6.144794,1377.606,19
67430,6.01752,634.455,6
67431,5.319306,2428.152,7
67432,6.16702,5740.634,16
67436,5.704232,742.519,11
67437,7.119909,1070.86,6
67438,4.759248,299.118,2
67439,7.773304,3324.835,6
67441,5.151879,1119.208,6
67442,3.822511,235.962,4
67443,6.158168,1710.401,8
67444,5.381166,674.718,9
67445,4.674656,657.299,6
67446,6.002486,588.687,2
67447,4.846261,351.655,8
67448,4.334022,1361.567,14
67449,7.171502,2768.129,13
67450,4.990846,554.193,11
67451,5.09216,1120.262,8
67452,5.890666,185.52,6
67454,4.880895,596.905,2
67455,5.337579,1903.454,12
67456,6.276536,4430.172,14
67457,5.73304,828.863,7
67458,4.564646,262.295,10
67459,4.921093,203.144,9
67460,7.203138,15019.055,26
67464,4.946754,1201.733,9
67466,5.224693,754.373,9
67467,5.683736,2778.772,10
67468,4.592732,319.028,4
67470,6.454139,536.386,8
67473,7.166759,1510.671,4
67474,6.86154,219.167,6
67475,4.808989,185.007,5
67476,6.30076,47.546,3
67478,8.23318,62.916,5
67480,4.846166,1730.144,17
67481,5.331661,730.743,7
67482,5.354125,99.175,4
67483,4.76821,310.895,5
67484,5.858955,848.655,12
67485,6.135403,272.69,6
67487,4.628358,1252.45,8
67490,7.767173,1142.907,11
67491,5.088402,364.585,10
67492,5.153838,310.177,3
67501,8.207521,26456.062,51
67502,6.930548,23578.759,35
67505,7.61194,2619.794,3
67510,4.281514,253.764,6
67511,3.779259,217.43,2
67512,7.269135,225.388,8
67514,4.273803,708.081,6
67519,4.16976,160.808,2
67520,5.615144,1.879,3
67521,6.673023,25.023,5
67522,5.032234,1920.946,10
67523,4.055803,452.741,3
67524,5.779218,406.195,7
67525,6.060678,1037.636,5
67526,6.054978,2724.009,10
67529,3.75073,379.227,2
67530,9.209084,13734.222,29
67543,5.58806,1904.065,8
67544,7.361019,3174.55,14
67545,5.852007,213.633,4
67546,5.665204,2486.811,19
67547,7.408325,1837.809,10
67550,7.05036,5670.178,9
67552,4.16976,588.367,2
67554,6.753366,4208.635,11
67556,6.825406,22.975,3
67557,6.805707,636.519,8
67561,4.367426,1432.753,16
67563,4.338475,385.642,5
67564,3.779259,253.973,2
67565,3.779259,120.592,2
67566,5.371813,535.731,10
67567,3.832796,529.534,11
67568,4.279363,251.136,6
67570,4.20258,1362.027,8
67572,6.673023,57.196,5
67573,7.409358,176.768,4
67574,3.75073,131.179,2
67575,3.75073,2.385,2
67576,6.840242,1890.358,6
67578,5.839866,1415.771,6
67579,7.212994,3021.878,10
67581,4.278271,415.529,4
67583,4.409484,1068.966,8
67584,6.673023,41.109,5
67601,8.294351,9762.346,13
67621,4,347.267,2
67622,7.875532,672.988,5
67623,7.166759,283.456,4
67626,4.701624,119.927,3
67627,5.615144,109,3
67628,5.518064,120.031,2
67629,7.875532,189.603,5
67631,6.673023,142.989,5
67632,8.367967,107.688,5
67634,4.701624,190.599,3
67637,6.815239,2759.389,8
67638,5.518064,238.372,2
67639,4.394275,193.573,9
67640,4.838795,375.472,6
67642,7.839312,5.611,5
67644,4.011446,224.211,4
67645,7.875532,483.385,5
67646,5.929698,644.9,4
67647,5.916611,263.178,2
67648,4.786976,708.195,11
67649,5.047005,268.973,7
67651,7.110908,560.443,15
67653,7.875532,66.674,5
67654,7.875532,4073.35,5
67656,6.673023,162.65,5
67657,6.980031,167.84,3
67658,4.907409,98.138,7
67659,7.378495,9.668,5
67660,5.615144,58.259,3
67661,7.035813,3396.324,9
67663,7.000127,2883.327,11
67664,5.916611,279.627,2
67665,7.352446,5135.139,11
67667,6.825406,179.623,3
67669,8.397027,1691.07,2
67671,5.615144,1462.103,3
67672,6.673023,2241.358,5
67673,5.036517,180.911,7
67674,5.615144,62.017,3
67675,8.37106,232.887,6
67701,7.968854,6445.685,10
67730,5.676564,1707.807,3
67731,6.617046,660.626,4
67732,4.056925,452.028,7
67733,4.377014,82.512,2
67734,3.99383,182.855,2
67735,7.75064,5641.527,8
67739,5.676564,226.653,3
67741,4.532231,224.034,6
67743,3.99383,177.257,2
67744,5.676564,226.653,3
67745,5.681666,317.985,7
67747,6.674774,164.453,5
67748,6.709687,2411.331,5
67749,5.676564,10.542,3
67752,6.673023,3.575,5
67753,3.99383,389.966,2
67756,6.617046,1999.126,4
67757,3.99383,3.732,2
67758,6.638083,1087.545,5
67761,6.655892,267.208,5
67762,6.626471,240.988,6
67764,6.752419,405.408,5
67801,7.362479,13933.086,19
67831,6.147832,761.157,2
67834,4.916572,931.354,10
67835,6.169948,2567.94,13
67836,5.912462,143.593,2
67837,5.460596,807.353,14
67838,6.703326,931.403,6
67839,5.618093,1146.224,6
67840,6.147832,181.95,2
67841,4.967982,367.501,9
67842,4.88915,457.055,6
67843,4.973999,31.789,4
67844,5.258087,904.577,9
67846,8.194367,34022.009,36
67849,7,425.077,1
67850,5.678488,516.06,9
67851,3.913635,2326.94,9
67853,6.317803,1350.408,10
67854,7,1210.457,1
67855,8.905342,1531.572,7
67857,5.912462,143.593,2
67859,5.300194,743.145,3
67860,6.839265,3044.362,5
67861,7.122683,1873.051,8
67862,8.907184,529.27,5
67863,7.018539,388.78,9
67864,7.491798,2071.959,4
67865,5.958813,1277.055,4
67867,4.97531,1547.061,7
67868,4.003263,283.81,6
67869,5.286952,1442.657,6
67870,6.161718,1435.633,9
67871,6.700129,4922.945,12
67876,4.641525,1311.591,3
67877,6.197436,2277.342,7
67878,5.9212,2335.589,4
67879,6.627083,1194.872,2
67880,6.782755,7683.952,16
67882,4.52302,323.34,2
67901,8.006496,21689.233,17
67950,6.70895,1442.124,3
67951,7.312568,5123.695,12
67952,5.801086,605.361,8
67953,6.700895,267.339,4
67954,6.656983,1177.645,7
68001,4.053265,64.516,3
68002,4.452366,2250.406,4
68003,6.89528,5341.482,11
68004,6.32879,922.091,8
68005,9.578217,22861.965,28
68007,5.911667,10897.805,17
68008,6.125758,12187.491,18
68014,4.064104,233.334,7
68015,4.241334,1092.333,7
68016,5.520222,472.274,3
68017,5.116125,1612.845,13
68018,4.390467,453.954,10
68019,7.336298,540.441,6
68020,6.610899,756.631,8
68022,6.795325,11372.189,21
68023,5.417804,2368.017,6
68025,8.088533,29037.262,39
68026,8.693578,1664.837,5
68028,7.111464,11670.649,19
68029,4.54834,973.867,11
68030,5.627009,763.392,2
68031,6.259218,1595.141,14
68033,5.681826,312.641,3
68034,4.483343,832.396,7
68036,4.149395,420.97,7
68037,5.526076,2483.006,6
68038,6.648829,1119.829,8
68039,6.177917,831.265,4
68040,4.616565,352.067,7
68041,5.478366,709.99,6
68042,5.681826,95.152,3
68044,5.531848,670.832,12
68045,7.539862,1806.702,13
68046,8.473671,28977.714,27
68047,6.113156,2305.215,12
68048,6.515645,12647.427,14
68050,4.66518,653.067,4
68055,6.178689,403.786,6
68057,6.670873,1525.279,8
68058,5.68871,323.046,3
68059,6.430024,3050.937,6
68061,6.138981,2443.565,4
68062,6.34651,378.115,6
68063,6.252013,277.069,5
68064,4.67066,3481.99,15
68065,4.817285,1547.986,12
68066,7.690454,5571.685,11
68067,6.196134,1107.734,6
68068,4.452366,140.057,4
68069,5.686065,2941.885,11
68070,4.66518,744,4
68071,6.350821,1941.583,6
68072,6.252013,78.601,5
68073,5.580478,1567.859,6
68102,14.361718,10697.318,21
68103,14.953871,294.092,3
68104,12.987664,35668.451,62
68105,14.046478,22439.478,45
68106,13.590246,21161.308,30
68107,12.345871,31036.675,36
68108,13.997177,15742.099,27
68109,14.953871,10.247,3
68110,13.985298,7234.025,18
68111,13.399899,21648.263,43
68112,12.175487,11340.264,32
68113,5.666667,848,5
68114,13.953955,12723.618,35
68116,8.824682,23402.53,28
68117,12.110985,8540.669,15
68118,7.358149,6884,14
68122,7.5286,4325.64,18
68123,6.523034,30588.973,36
68124,12.407249,15382.237,23
68127,11.793284,22429.886,34
68128,9.251524,18158.201,47
68130,10.247186,21220.097,20
68131,15.204225,14106.935,38
68132,14.188637,14977.314,38
68133,7.479233,4295.594,11
68134,13.536668,26574.345,50
68135,8.65879,29047.388,27
68136,7.562335,12499.453,22
68137,10.971239,24975.391,45
68138,7.707063,12173.831,24
68139,11.194504,1284.776,4
68142,5.809068,5400.471,20
68144,11.327059,22735.629,31
68145,13.825349,931.249,3
68147,8.464836,5998.883,26
68152,8.294303,6291.256,22
68154,10.714313,21708.501,40
68157,6.546129,5209.834,14
68164,9.578668,28687.73,41
68301,6.179515,1421.811,6
68303,5.661002,354.979,8
68304,5.697063,296.157,7
68305,7.540829,4180.672,8
68307,6.065847,525.021,11
68309,6.073344,113.137,2
68310,7.94922,13866.029,25
68313,5.519065,1003.576,7
68314,4.578725,344.285,5
68315,5.700013,123.084,3
68316,4.341415,381.262,5
68317,5.769912,41.671,2
68318,6.036269,522.735,7
68319,4.242289,561.824,4
68320,4.728634,384.742,4
68321,4.743805,425.104,8
68322,5.787968,434.742,8
68323,5.686232,302.368,5
68324,5.773903,166.911,6
68325,5.697212,248.172,6
68326,5.757729,247.851,6
68327,8.325315,353.398,5
68328,5.022123,487.854,3
68329,5.68894,598.533,8
68330,5.565505,171.313,4
68331,5.190406,980.315,8
68332,5.386036,149.86,4
68333,5.271444,945.935,9
68335,5.737591,499.833,9
68336,6.507257,538.423,8
68337,5.64153,380.214,4
68338,4.439793,198.602,5
68339,5.406328,1343.862,11
68340,5.700013,766.909,3
68341,6.050386,1065.059,10
68342,4.510434,571.452,6
68343,5.697216,1055.612,8
68344,5.769912,424.291,2
68345,5.691845,218.454,5
68346,4.051834,441.233,4
68347,6.175649,2317.802,12
68348,6.92808,430.318,9
68349,6.253715,1120.92,7
68350,4.513132,233.906,5
68351,6.214938,777.048,4
68352,8.440126,4837.626,6
68354,6.410907,835.426,7
68355,7.310429,4764.399,7
68357,6.222726,300.034,4
68358,6.209521,363.631,5
68359,5.818724,1550.099,10
68360,4.614101,599.392,6
68361,8.235699,2343.06,5
68362,8.458333,1.956,2
68364,4.575572,203.301,3
68365,8.289179,241.728,5
68366,5.842539,875.436,8
68367,4.525109,482.415,10
68368,5.145264,564.23,6
68370,8.386366,2069.274,8
68371,7.237755,1406.395,6
68375,8.458333,97.778,2
68376,5.691635,1470.79,11
68377,4.44869,316.978,3
68378,4.756163,749.446,8
68379,4.617134,95.911,6
68380,5.683919,78.331,3
68381,5.989196,210.758,5
68382,3.876543,50.202,2
68401,7.56187,773.628,2
68402,5.645248,1137.772,3
68403,5.520222,160.199,3
68404,5.200777,883.297,7
68405,5.52943,3170.117,9
68406,5.861585,488.883,4
68407,5.690369,682.322,10
68409,5.110561,790.262,14
68410,7.907786,8654.394,8
68413,5.011229,526.07,12
68414,4.728634,335.58,4
68415,5.022123,729.583,3
68416,6.097007,229.458,2
68417,6.910252,326.798,4
68418,5.774747,1098.031,6
68420,5.683919,1337.089,3
68421,4.706418,722.048,6
68422,5.358499,481.482,5
68423,5.304158,1048.859,13
68424,4.447171,667.388,8
68428,5.600855,1443.813,6
68429,4.652999,153.514,5
68430,5.697146,455.729,5
68431,3.472773,335.967,2
68433,5.792349,242.665,7
68434,6.259084,8771.228,12
68436,8.298539,527.263,6
68437,3.500079,294.926,6
68438,5.148211,149.901,3
68439,4.575572,447.262,3
68440,4.44869,198.85,3
68441,5.683919,238.636,3
68442,3.610159,271.648,8
68443,5.360329,941.886,4
68444,7.682237,104.605,5
68445,3.421988,148.007,2
68446,7.224725,2808.035,6
68447,5.700815,458.558,9
68448,4.174192,450.188,10
68450,7.022572,3229.237,4
68452,6.30478,100.337,6
68453,3.643716,311.386,7
68454,5.776676,614.156,8
68455,4.885636,717.843,5
68456,4.575572,1050.745,3
68457,3.569995,334.106,5
68458,6.212829,199.716,7
68460,4.6725,838.855,7
68461,6.961381,287.107,5
68462,7.021355,3831.89,6
68463,6.223131,1569.17,10
68464,3.450535,495.666,5
68465,6.250995,2187.414,10
68466,6.025208,1727.686,5
68467,8.532699,9383.361,11
68501,16,1429.937,1
68502,14.52997,24040.843,51
68503,15.559335,15283.766,20
68504,14.154756,17066.487,31
68505,14.363885,14759.054,12
68506,14.120369,21779.583,28
68507,14.001473,12497.429,18
68508,16.16293,15398.094,31
68510,14.797077,21473.129,53
68512,12.559031,13652.326,16
68514,10.288254,324.16,5
68516,13.947396,33298.745,21
68517,7.208097,400.759,5
68520,6.41602,2162.858,4
68521,12.575289,22840.633,16
68522,11.555983,13247.496,17
68523,8.155499,1711.951,4
68524,9.352088,5460.613,10
68526,13.779227,6014.934,2
68527,7.001253,926.928,6
68528,10.855821,7307.905,14
68529,15.045661,439.954,3
68531,5.645248,49.656,3
68532,5.362279,530.983,10
68542,15.31327,1164.06,5
68601,8.456648,19407.477,32
68602,11.202397,1361.594,4
68620,6.755625,2737.878,7
68621,7.814092,516.978,13
68622,4.833333,314.456,1
68623,6.630992,341.743,10
68624,4.053265,901.523,3
68626,4.621245,635.945,9
68627,5.553079,632.247,12
68628,4.37569,1012.611,14
68629,5.568007,1406.057,7
68631,4.808755,497.263,5
68632,6.044258,3834.607,7
68633,6.285363,1032.958,15
68634,4.520511,379.808,4
68635,4.661853,530.313,2
68636,5.604932,1084.531,9
68637,5.020989,403.741,7
68638,6.652713,1719.254,12
68640,6.445892,1442.786,14
68641,5.813409,1036.971,9
68642,4.902737,1773.556,8
68643,5.465473,995.32,10
68644,4.964765,802.684,8
68647,4.538248,671.248,7
68648,4.643015,540.533,7
68649,8.506503,2131.697,3
68651,5.547762,1272.988,5
68652,5.535833,750.997,8
68653,4.581318,770.955,7
68654,6.092544,732.461,9
68655,5.565031,171.257,7
68658,4.205825,613.647,8
68659,2.835096,238.074,8
68660,5.475891,1127.819,13
68661,9.074256,7327.487,7
68662,6.12216,1089.526,10
68663,4.673618,779.191,9
68664,6.252013,330.125,5
68665,5.90236,873.342,3
68666,6.347993,1592.828,7
68667,4.661853,84.491,2
68669,4.658293,466.88,5
68701,8.289592,29366.156,43
68702,8.657695,1310.244,3
68710,5.552641,690.646,7
68711,4.684321,210.165,3
68713,6.452915,2177.38,7
68714,6.040886,1106.4,4
68715,5.945617,1624.901,9
68716,6.313437,959.945,4
68717,6.210431,212.271,4
68718,7.309453,1705.181,11
68719,6.592148,175.176,2
68720,4.141992,304.467,3
68722,6.592148,453.396,2
68723,3.612765,601.668,4
68724,6.881537,151.808,4
68725,4.694417,542.472,6
68726,5.404765,1128.37,9
68727,6.210431,809.773,4
68728,5.763275,216.445,4
68729,6.833383,1510.345,10
68730,6.560421,1846.468,7
68731,5.481526,2317.59,5
68732,5.372648,256.835,7
68733,5.846246,1347.018,12
68734,6.685941,135.697,7
68735,4.652526,888.275,7
68736,5.770432,470.156,5
68739,5.820483,2787.575,12
68740,3.641515,747.088,8
68741,5.627009,686.834,2
68742,4.684321,224.604,3
68743,5.627009,651.836,2
68745,6.156945,1619.42,15
68746,6.446759,521.506,4
68747,6.408028,180.527,6
68748,5.687321,2992.769,10
68749,6.210431,78.619,4
68751,4.496314,63.349,3
68752,5.967667,833.939,12
68753,6,86.362,1
68755,6.592148,279.938,2
68756,6.565325,1979.074,8
68757,4.661213,543.48,8
68758,5.644335,1186.509,13
68759,6.030504,233.974,4
68760,6.815294,1495.267,4
68761,5.582898,379.698,6
68763,8.970159,4750.101,14
68764,4.656867,733.549,8
68765,6.761267,1294.719,6
68766,4.84796,359.64,7
68767,6.439782,3165.093,10
68768,3.207512,769.113,8
68769,6.542457,1739.082,8
68770,4.535693,1821.382,5
68771,6.0279,1536.738,11
68773,4.257714,192.988,5
68774,5.770432,375.755,5
68776,11.918371,8518.446,9
68777,6.517097,732.436,4
68778,6,705.638,1
68779,4.945661,2564.8,6
68780,5.386286,933.633,7
68781,5.781921,1363.662,23
68783,6.921942,1036.781,4
68784,5.150912,2039.987,10
68785,5.60855,280.087,9
68786,7.379169,937.354,12
68787,7.0388,6360.603,14
68788,8.486123,4547.392,13
68789,6.928146,182.757,2
68790,3.612765,834.283,4
68791,6.209878,2048.428,8
68792,5.765718,535.07,8
68801,8.601416,29680.152,40
68802,7.638691,2207.688,12
68803,8.464972,23014.474,40
68810,5.940571,1161.313,9
68812,5.048573,785.848,9
68813,5.059198,535.198,8
68814,4.228374,915.797,6
68815,4.342451,557.023,9
68816,4.408574,175.069,9
68817,6.329825,346.151,7
68818,7.840538,5584.06,13
68820,6.625358,394.672,7
68821,6.666667,138.947,1
68822,7.316461,4620.15,13
68823,6.454506,2365.717,14
68824,5.432611,1577.627,4
68825,5.99245,993.328,3
68826,7.945739,3797.843,8
68827,4.930733,594.421,3
68828,4.599432,297.919,6
68831,5.945886,872.646,8
68832,5.71358,1919.277,7
68833,6.565601,288.361,5
68834,4.609698,263.898,6
68835,6.142077,560.987,8
68836,4.827668,1858.838,11
68837,3.998086,137.815,2
68838,6.626864,312.673,4
68840,6.538438,3057.475,13
68841,4.278986,652.462,3
68842,5.990041,649.139,2
68843,4.464988,680.455,8
68844,5.991455,223.997,8
68845,8.600459,21738.945,30
68846,4.459939,271.254,2
68847,8.43608,15579.124,32
68848,8.242942,1557.833,4
68850,6.83479,12040.498,20
68852,6.239941,497.982,5
68853,6.310158,1630.782,3
68854,4.352143,942.079,5
68855,4.129344,401.173,14
68856,4.908161,555.739,7
68858,5.39985,256.441,12
68859,4.08832,534.592,7
68860,5.908104,355.461,5
68861,4.891994,139.539,4
68862,6.637028,2952.068,7
68863,4.480591,1160.183,7
68864,4.839889,1093.853,12
68865,4.304517,821.741,5
68866,5.388961,899.86,7
68869,5.470411,2264.623,10
68870,4.991057,439.18,14
68871,6.310158,232.701,3
68872,3.737485,801.534,7
68873,6.11108,3329.425,6
68874,4.786089,890.23,5
68875,5.99767,489.386,6
68876,6.517451,1703.25,14
68878,4.517325,452.78,6
68879,6.169459,282.7,2
68881,4.767148,61.011,4
68882,5.563441,540.867,14
68883,6.453575,2485.952,9
68901,8.031515,25577.279,38
68902,9.337719,775.227,2
68920,5.740547,1425.345,3
68922,7.158247,1153.858,8
68923,4.424658,126.105,4
68924,5.136036,1157.15,7
68925,3.333611,505.953,3
68926,7.276571,826.155,6
68927,4.527455,1161.636,6
68928,5.775447,374.882,5
68929,6.855708,167.638,4
68930,5.864325,1404.046,8
68932,5.446577,507.229,10
68933,6.112425,905.371,7
68934,5.799876,163.285,6
68935,5.991118,613.703,6
68936,7.110228,201.32,8
68937,5.700991,2115.055,4
68938,6.09314,561.285,6
68939,6.818585,1134.428,9
68940,4.424658,437.164,4
68941,4.82375,729.946,6
68942,6.723232,448.659,7
68943,5.355635,260.345,6
68944,6.227638,969.744,7
68945,5.090161,196.519,6
68946,7.276571,46.922,6
68947,5.432824,664.963,9
68948,7.098422,308.176,11
68949,8.769523,6464.29,14
68950,3.333611,235.089,3
68952,7.044498,145.641,6
68954,6.303855,113.747,4
68955,5.915823,2109.55,14
68956,6.035967,1318.365,16
68957,5.407012,419.615,8
68958,4.493151,695.239,8
68959,7.644737,3845.498,5
68960,6.826534,195.707,5
68961,5.353112,793.385,3
68964,5.357607,146.145,6
68966,5.740547,621.656,3
68967,6.841342,993.813,11
68969,5.740547,34.346,3
68970,7.109425,1323.918,4
68971,5.740547,686.913,3
68972,6.777279,201.285,7
68973,3.333611,493.177,3
68974,5.366663,193.9,6
68975,6.303855,144.769,4
68976,5.755252,157.475,2
68977,6.029465,294.003,9
68978,7.478033,2275.51,5
68979,6.368438,2291.197,14
68980,6.058515,341.89,12
68981,5.41034,336.429,5
68982,5.1978,566.285,12
69001,8.28512,9136.237,19
69020,4.516074,423.299,9
69021,7.532378,1352.038,3
69022,7.12175,1531.653,14
69023,6.855562,420.559,4
69024,5.592717,1003.2,8
69025,5.817986,1122.051,7
69026,4.505103,222.633,3
69027,6.863285,147.738,7
69028,5.854734,891.641,7
69029,5.46191,309.785,9
69030,7.484135,370.305,7
69032,5,541.601,1
69033,6.854633,2326.538,7
69034,4.517344,906.312,10
69036,4.505103,108.361,3
69037,7.532378,107.893,3
69038,5.520234,529.333,15
69039,5.40468,148.872,7
69040,5.406091,653.699,5
69041,7.532378,153.411,3
69042,5.905136,70.514,3
69043,5.630086,537.592,4
69044,5.630086,896.548,4
69045,6.64861,955.194,12
69046,7.044895,212.121,9
69101,8.601275,27286.842,36
69103,9.915199,1499.791,7
69120,5.843966,1108.656,8
69121,5.000819,348.944,4
69122,6.440007,671.96,10
69123,3.764599,1000.678,4
69125,5.974626,438.998,5
69127,5.106114,872.989,7
69128,7.074221,328.839,4
69129,6.53894,1298.538,4
69130,6.521572,4972.653,11
69131,4.7148,430.725,9
69132,4.306922,107.269,3
69133,7.06363,377.594,5
69134,5.853878,370.091,8
69135,6.902108,34.496,2
69138,7.686952,4385.054,15
69140,5.78913,1657.091,3
69141,4.666081,320.933,4
69142,6.82853,109.567,2
69143,5.29957,1487.671,6
69144,5.090107,144.294,4
69145,7.071516,2957.522,5
69146,5.087317,363.259,4
69147,5.610035,929.868,6
69148,6.260185,186.246,7
69149,4.756768,692.117,8
69150,5.78913,514.549,3
69151,3.764599,791.841,4
69152,6.833333,675.263,1
69153,8.100978,5539.824,12
69154,6.269713,1120.326,2
69155,5.122142,734.851,7
69156,4.783475,687.924,9
69157,6.669696,90.058,2
69161,6.722837,99.364,3
69162,8.360362,7850.675,10
69163,5.667454,1026.906,8
69165,5.464374,1813.673,11
69166,5.341914,662.555,3
69167,4.915617,382.506,2
69168,5.912063,274.768,7
69169,4.464236,638.137,7
69170,4.224993,374.395,7
69171,3.103261,18.858,2
69201,7.009505,3764.151,7
69210,6.902108,2202.808,2
69211,6.844036,350.15,7
69212,7.728591,157.367,5
69214,6.902108,248.042,2
69216,7.728591,169.356,5
69217,6.899636,490.912,4
69218,4.095653,263.179,7
69219,7.728591,79.433,5
69220,7.728591,58.45,5
69221,2.949748,288.28,4
69301,7.757828,9911.655,23
69331,5.974626,74.169,5
69333,5.151451,372.401,9
69334,5.638592,2365.703,11
69335,6.145796,62.619,6
69336,5.974626,2243.097,5
69337,8.52747,6929.369,12
69339,5.21339,1590.161,5
69340,6.083686,166.849,6
69341,7.019869,10767.224,18
69343,6.604341,2262.879,13
69345,5.5,612.175,1
69346,4.676935,594.209,2
69347,6.012005,1323.089,7
69348,5.610414,1400.682,7
69350,6.3566,324.578,4
69351,6.085864,197.704,6
69352,4.807156,698.619,5
69354,5.231219,148.881,7
69355,2.934896,83.085,2
69356,4.610218,1670.034,3
69357,5.895663,3709.366,16
69358,5.346119,2041.338,11
69360,6.062375,1320.743,6
69361,8.80228,16004.208,24
69363,11.597944,1454.636,3
69365,6.058082,27.017,4
69366,5.267084,360.661,4
69367,5.260638,270.243,3
70001,7.043092,1150.597,11
70002,8.803156,2.861,3
70003,7.612462,27836.513,33
70030,4.062291,4329.623,7
70031,4.336519,1370.736,5
70032,8.521425,4755.351,7
70037,6.776711,7823.534,5
70039,6.738335,2204.435,7
70040,3.129435,1554.899,6
70041,4.640613,3115.585,8
70043,8.805754,21246.376,31
70044,11.517603,2139.631,4
70047,6.73034,12427.833,9
70049,3.642786,1928.22,6
70051,5.435048,1567.985,6
70052,6.826128,3782.54,6
70053,11.369988,14795.817,22
70054,11.818828,1953.648,5
70056,8.460763,28420.973,24
70057,5.529987,4607.712,7
70058,7.423545,25100.851,26
70062,13.121145,12732.179,29
70063,17.306789,1710.05,2
70065,13.199179,43482.731,36
70068,7.397679,30834.12,19
70069,8.241466,2720.612,4
70070,6.520876,14425.933,12
70071,6.562909,3281.506,8
70072,7.275173,37483.86,36
70073,10.301359,2786.483,4
70075,6.075453,5574.171,13
70076,5.434151,380.986,2
70079,9.477148,2901.946,6
70080,4.146571,1220.623,7
70083,4.515574,2696.019,7
70084,5.814507,7191.297,13
70085,3.780612,4585.555,9
70086,4.123314,2198.152,2
70087,6.70568,7578.222,6
70090,4.875023,7375.895,11
70091,4.5,176.862,2
70092,5.36235,7208.017,16
70094,6.438268,28788.236,26
70096,7.775896,1672.313,8
70112,16.600633,2151.012,13
70113,15.094692,7626.936,29
70114,14.003746,16835.211,29
70115,15.101323,32394.472,66
70116,14.093191,9726.386,27
70117,14.009202,26469.995,83
70118,14.200943,35577.371,67
70119,14.871882,34454.325,71
70121,9.515614,10194,11
70122,13.691779,35180.069,51
70123,8.564163,24751.042,21
70124,14.655021,16648.418,24
70125,14.727408,18663.254,51
70126,12.019867,16757.696,20
70127,11.817095,19786.538,23
70128,12.046412,19275.744,19
70129,10.80004,8292.459,15
70130,16.01094,10810.827,26
70131,11.935366,33896.542,22
70150,18.575551,162.313,3
70151,18.575551,150.615,3
70152,18.575551,133.311,3
70153,18.575551,212.518,3
70156,18.575551,127.462,3
70157,18.575551,142.329,3
70158,18.575551,171.574,3
70172,18.575551,19.01,3
70174,13.883658,2141.585,3
70175,14.595191,896.491,4
70176,18.575551,119.176,3
70177,16.66934,988.981,3
70178,18.201408,279.335,3
70179,17.918293,977.433,3
70181,9.512926,600.841,2
70182,14.266715,1249.198,6
70183,9.512926,649.962,2
70184,13.916408,694.017,2
70185,18.201408,1315.24,3
70186,11.242325,1070.116,4
70190,18.575551,131.605,3
70301,6.175562,41747.735,41
70339,2.805497,505.078,5
70341,3.412371,3583.856,6
70342,7.915962,4732,3
70343,3.893203,369.248,2
70344,4.447093,5817.528,5
70345,6.277304,4853.019,6
70346,6.729364,5288.881,8
70352,3.333333,171.322,2
70354,5.475375,2797.088,5
70355,3.561557,949.201,3
70356,3.333333,1888.035,2
70357,6.890017,2514.078,5
70359,7.425046,2726.884,3
70360,6.986828,6398.675,7
70363,7.210143,7680.602,10
70364,7.603215,9622.441,14
70372,3.45363,2524.371,5
70373,5.915106,6829.115,12
70374,5.838428,7394.312,12
70375,3.561557,208.59,3
70377,3.699398,4059.678,5
70380,7.25721,19021.875,25
70381,9.146596,2691.122,7
70390,4.971349,7733.597,8
70391,5.069437,5.644,3
70392,5.714079,8562.33,8
70393,5.069437,355.562,3
70394,5.215147,9951.769,12
70395,3.333333,342.643,2
70397,3.070428,1382.87,3
70401,9.025867,5779.945,12
70403,9.205814,6433.324,8
70404,10.653241,2186.712,2
70420,6.529654,21.28,3
70422,3.497407,21.91,6
70426,4.212445,5285.093,4
70427,6.248969,17929.463,17
70429,6.913879,1419.681,3
70431,4.252476,1208.469,3
70433,8.424577,11247.049,16
70434,11.403034,3322.623,2
70435,5.543378,7613.7,8
70436,5.835047,30.136,3
70438,5.450423,7164.304,11
70441,3.943109,2373.481,4
70443,5.572719,2681.138,3
70444,4.420281,8391.386,12
70445,3.112308,1870.284,2
70447,7.396104,688.244,6
70448,7.638367,18691.784,11
70450,3.103983,2458.931,3
70451,7.066473,1960.357,2
70452,6.050479,5023.543,8
70453,3.464056,126.386,2
70454,5.993674,10706.844,4
70458,8.158419,28540.836,22
70459,10.985847,1442.304,3
70460,6.710907,7361.949,9
70461,6.85729,18316.086,16
70462,5.85093,147.156,2
70466,5.890408,2946.524,5
70471,7.3273,10044.85,10
70501,9.850818,14404.939,26
70502,12.852919,1656.588,2
70503,9.157034,19279.332,29
70505,9.864263,2217.064,3
70506,8.24731,30014.085,34
70507,7.362883,14400.568,15
70508,9.186718,5752,2
70509,9.870787,2362.694,4
70510,6.949456,20588.753,26
70512,5.319222,4665.221,5
70514,6.257588,2543.17,6
70515,4.584611,1156.957,3
70517,6.725934,9041,4
70518,5.540693,164.78,2
70519,7.191464,2.272,2
70520,5.929915,13274.395,14
70523,4.729008,8.267,3
70524,3.840557,4.247,3
70525,5.246748,846.267,12
70526,7.039937,7311.787,13
70528,4.713035,1670.866,7
70529,5.303748,6130.026,9
70532,3.634111,1831.07,7
70533,5.846508,6508.111,9
70534,4.09798,848.449,3
70535,8.23393,9151.999,14
70537,4.584611,366.785,3
70538,6.515101,14213.696,20
70543,4.584611,830.926,3
70544,4.309527,7194.844,8
70546,6.237358,14331.751,21
70548,6.440292,7580.175,10
70549,3.653654,53.185,3
70554,3.69406,455.768,5
70555,5.919548,857.512,8
70556,4.09798,16.008,3
70559,4.124548,3259.164,6
70560,7.531594,16335.275,27
70562,9.754961,2053.368,4
70563,7.166376,5839.9,12
70570,4.797014,6332.36,15
70577,4.95443,3497.273,8
70578,6.904415,5275.592,7
70581,5.803946,669.223,7
70582,5.26143,4965.415,4
70583,6.574139,4607.281,10
70584,7.071403,3646.171,6
70586,6.187817,14568.649,20
70589,4.682315,3545.318,15
70591,5.592263,5643.989,10
70596,10.139084,2176.444,5
70601,9.152747,22661.829,44
70602,11.836925,960.617,2
70605,8.543669,7996.764,13
70607,6.79362,22150.923,13
70611,6.598332,3714.012,7
70612,6.706704,1711.328,3
70615,7.807644,3501.208,11
70616,7.765818,1769.793,4
70633,2.833333,874.859,1
70634,6.00998,18322.694,16
70637,2.846128,500.2,3
70638,2.846128,378.682,3
70640,3.57659,8.268,3
70644,2.846128,127.169,3
70647,5.213774,6450.128,12
70648,3.607925,1146.572,13
70650,3.653654,6.137,3
70651,2.846128,5.652,3
70653,3.709618,3315.784,6
70654,2.846128,327.815,3
70655,4.128436,1713.128,7
70656,2.680661,1511.446,6
70657,3.043003,1300.508,6
70658,2.846128,1155.829,3
70660,3.731085,116.288,3
70661,3.731085,374.235,3
70662,2.846128,8.478,3
70663,8.051523,18358.693,17
70664,8.954932,2053.823,4
70665,4.767513,11828.161,9
70668,5.256554,4195.971,6
70669,6.938015,8551.932,7
70704,4.321848,1016.88,3
70706,3.661131,2141.663,2
70710,5.591932,6979.204,4
70714,6.048139,18015.937,28
70715,3.605185,1619.939,5
70719,5.263947,3351.634,4
70721,3.556779,1056.227,4
70722,4.692907,5070.143,11
70723,4.124789,1860.016,3
70726,7.651026,9018.403,7
70729,3.775697,219.354,3
70730,4.135965,5796.586,11
70732,4.102893,768.559,6
70736,3.775697,531.207,3
70737,6.229354,9577.501,5
70739,4.98515,12311.751,22
70740,4.589146,394.633,2
70744,3.464056,1388.204,2
70748,4.418453,4372.728,15
70750,4.927245,711.409,2
70752,3.775697,935.558,3
70753,3.605185,977.061,2
70754,3.464056,1820.361,2
70755,4.021853,1449.822,6
70756,4.123207,504.349,3
70757,4.368663,3699.482,5
70759,4.181054,1177.46,7
70760,6.773954,6839.433,8
70761,2.536129,737.683,3
70762,3.859835,1101.924,6
70763,5.000377,3909.937,9
70764,8.295118,8737.339,12
70767,6.73244,9603.773,19
70770,3.358201,3912.432,7
70772,4.589146,552.486,2
70773,3.775697,142.712,3
70774,5.413899,54.739,2
70775,4.009287,14.27,5
70776,3.556779,5769.73,4
70777,5.070118,4330.709,17
70778,7.179578,1617.759,3
70780,3.556779,1437.043,4
70783,6.046477,1026.081,4
70785,3.60673,4541.599,4
70788,3.958056,1917.073,3
70789,2.561866,209.507,6
70791,4.975265,15611.249,20
70801,10.392609,132.023,5
70802,8.535928,24581.429,39
70805,7.643491,25807.309,53
70806,8.994796,27543.364,45
70807,5.630397,12293.587,22
70808,8.177254,27306.956,33
70809,7.828564,4503.629,5
70810,7.608555,4971.791,12
70811,5.421621,12850.771,33
70812,5.833173,10089.092,13
70814,6.597777,14221.585,24
70815,7.212375,27117.986,31
70816,7.349526,23521.849,36
70817,6.812935,12909.976,9
70818,6.034618,10434.815,12
70819,6.574015,4413.249,12
70820,4.568698,3702.535,8
70821,10.392609,1463.142,3
70835,8.239182,1649.148,4
70874,7.264948,2365.895,5
70892,11.166667,1017.777,1
70895,7.482775,2298.605,5
70896,8.468114,1677.529,4
71001,6.450079,4722.359,15
71002,2.932289,217.731,3
71003,3.501329,940.329,6
71004,5,496.555,1
71006,4.324601,2443,2
71007,5.793185,721.143,2
71008,3.303943,640.131,6
71016,3.194737,1998.041,10
71018,4.069587,1248.457,3
71019,5.159587,8261.727,15
71023,6.025898,61.403,3
71024,3.210911,165.322,3
71027,4.234222,182.614,2
71028,4.004854,1180.12,9
71029,4.459781,104.783,4
71030,4.234222,30.778,7
71031,2.932289,545.058,3
71032,4.496296,2278.743,13
71033,5.794441,3202.953,6
71034,3.499621,214.42,5
71037,6.025898,206.831,3
71038,5.708356,3130.827,8
71039,4.300769,403.987,6
71040,5.279231,6328.994,10
71043,4.308277,349.45,3
71044,4.308277,807.273,3
71045,3.197074,713.098,7
71046,4.515913,1034.753,5
71047,5.464726,2261.741,2
71048,3.765226,91.105,3
71049,4.210157,3080.632,8
71051,6.025898,1646.572,3
71052,6.039668,9447.807,19
71055,7.09383,14871.741,23
71060,3.450075,3096.221,9
71061,5.192215,1649.303,3
71063,3.029852,535.422,9
71065,3.580808,1221.111,11
71068,4.327363,3488.615,11
71069,4.464665,652.97,6
71070,3.0615,1510.774,7
71071,4.587948,2969.274,6
71072,3.673002,1435.884,2
71075,6.697587,6402.269,8
71079,3.765226,185.299,3
71082,6.098501,5148.488,7
71101,8.527213,5790.448,19
71103,6.952828,5779.606,20
71104,8.760156,13646.53,23
71105,8.320315,20577.947,29
71106,8.348669,12806.832,27
71107,4.976229,33177.724,27
71108,7.253251,11590.208,21
71109,7.35103,14893.865,25
71110,5.139742,4884,6
71111,7.995346,16119.826,21
71112,6.492046,17968.243,25
71113,5.260211,1248.305,2
71115,8.574105,5732.425,13
71118,6.195436,16858.607,18
71119,5.885902,4594,3
71129,6.099924,9931.896,8
71133,8.452298,892.115,2
71134,9.64257,1138.144,6
71136,8.986939,1146.167,3
71137,7.922185,635.962,2
71138,8.091529,1193.384,3
71148,8.091529,1134.06,3
71149,7.131258,1277.833,4
71161,10.823001,66.858,2
71162,10.823001,318.767,2
71163,10.823001,151.623,2
71164,10.823001,47.755,2
71165,10.823001,40.592,2
71166,10.823001,207.139,2
71171,10.098595,1060.9,2
71172,10.098595,500.491,2
71201,8.482998,18316.53,26
71202,6.297417,22465.316,20
71203,7.045727,26220.459,32
71207,9.390626,1353.501,5
71210,11.694994,565.969,2
71211,11.694994,629.168,2
71213,11.694994,129.617,2
71219,2.936558,1168.084,3
71220,5.534795,22201.096,25
71222,3.304568,2881.793,10
71223,1.877663,279.644,2
71225,4.724068,264.091,5
71226,4.930891,1928.201,5
71227,3.966226,550.044,11
71229,3.446068,1381.004,5
71232,5.051985,6959.007,13
71233,6.165158,2.236,2
71234,3.694033,3136.244,5
71235,4.422248,3665.711,12
71237,3.304502,1032.562,12
71238,3.170448,2461.275,6
71241,5.822882,10280.1,19
71243,1.705145,194.581,2
71245,5.551722,4496.961,8
71247,3.523588,6.332,4
71250,1.877663,144.79,2
71251,5.63764,8612.427,15
71254,6.894583,5024.665,8
71256,3.039861,791.076,7
71259,4.598734,1606.883,3
71260,3.962839,2971.561,7
71261,3.741482,1366.006,6
71263,4.207033,8262.231,11
71264,4.065487,1154.129,6
71266,2.894129,2219.346,6
71268,3.682768,3332.413,15
71269,5.232711,12400.686,21
71270,6.30292,23861.215,34
71273,6.744163,2140.198,4
71275,3.747642,2387.012,18
71276,4.908925,584.642,4
71277,2.989949,2151.905,8
71280,6.252644,4766.954,11
71282,7.529716,10446.67,14
71286,4.864877,1386.36,5
71291,6.716456,19222.366,22
71292,5.282421,10464.037,10
71294,7.027901,1476.447,3
71295,5.166668,14387.898,16
71301,9.169567,19460.054,25
71302,6.149677,14101.768,22
71303,8.284448,15557.53,21
71306,9.855062,1165.269,3
71307,8.166667,602.113,1
71315,8.786109,1889.477,3
71316,3.101564,130.324,3
71322,7.373739,5618.943,14
71323,3.212621,1214.832,2
71325,4.799603,438.162,7
71326,4.220604,1055.074,11
71327,3.501115,557.862,2
71328,3.212621,469.367,2
71331,3.212621,1035.369,2
71333,3.501115,137.179,2
71334,4.875553,3285.301,10
71336,2.803801,1366.934,8
71340,4.990747,1012.101,4
71341,3.406651,395.17,2
71342,6.251613,7659.966,11
71343,4.790586,7705.909,19
71346,4.914307,1949.677,7
71350,2.107128,73.435,2
71351,3.172502,4432.479,9
71353,4.011617,1341.018,7
71354,3.101883,1963.321,5
71355,2.13528,1270.111,4
71356,3.422178,641.066,5
71357,4.070284,1318.308,4
71358,4.191159,1624.271,9
71360,6.764583,14796.599,21
71362,3.514899,2097.509,7
71366,4.973114,2190.714,6
71367,7.752538,2.005,5
71368,4.979165,1691.131,7
71369,6.676653,2601.788,2
71371,5.024691,1933.555,11
71373,6.993258,7681.909,10
71375,5.735992,742.521,4
71378,4.133439,2342.546,5
71401,4.990747,189.381,4
71403,3.418181,3427.213,4
71404,3.705917,232.198,3
71405,5.573075,5641.115,9
71406,4.302552,285.016,7
71409,3.941081,2220.362,3
71411,3.391406,3369.127,6
71414,2.932289,1.461,3
71415,4.724553,10.458,3
71417,6.229956,4481.368,8
71418,4.219782,6516.374,18
71419,3.37854,1360.215,6
71422,3.212561,1186.087,4
71423,3.316817,1555.286,10
71424,3.377914,1105.105,8
71425,4.990747,301.147,4
71426,4.59781,2.058,4
71427,3.941081,221.453,3
71429,2.781918,2241.626,8
71430,3.748712,195.581,2
71432,2.480086,1137.862,7
71433,2.639494,1312.317,7
71435,4.870004,3693.418,12
71438,3.054073,1521.151,14
71439,3.282015,1839.084,8
71441,5.000604,815.143,9
71446,5.381224,14113.479,24
71447,3.939762,944.491,9
71449,4.974982,7504.507,12
71450,4.877752,1066.588,11
71454,3.705917,1541.4,3
71455,3.941081,120.44,3
71457,6.924394,16199.606,33
71458,9.268795,1032.753,5
71459,3.462876,9993.359,12
71462,4.388422,940.69,5
71463,5.234177,5980.846,15
71465,5.894132,4569.65,25
71466,3.941081,473.988,3
71467,2.542581,624.332,6
71468,4.480171,282.878,9
71469,4.658394,2930.871,13
71472,3.941081,287.501,3
71473,3.212561,477.328,4
71477,5.634704,2380.857,4
71479,5.298749,832.263,12
71483,6.624253,6352.135,11
71485,3.762679,2471.389,5
71486,4.811847,2794.256,9
71601,7.520901,14761.229,39
71602,5.975429,16615.034,28
71603,6.253012,31107.561,52
71631,3.430011,761.043,5
71635,5.59046,11956.125,18
71638,5.519816,3127.218,15
71639,6.083416,5961.09,12
71640,4.728171,3093.681,6
71642,2.912586,619.955,6
71643,5.036023,5034.747,9
71644,4.791703,1344.279,6
71646,4.963766,6903.58,18
71647,3.375096,1759.416,8
71651,3.355867,257.384,3
71652,2.654119,1072.67,10
71653,5.959177,5052.919,6
71654,6.459508,4410.352,8
71655,5.211004,15666.604,23
71658,3.659995,615.65,6
71659,3.166667,2.974,1
71660,2.567196,978.338,8
71661,3.629182,105.751,8
71662,4.949846,161.789,6
71663,3.593652,503.936,6
71665,3.666349,5738.342,15
71667,4.2462,6842.647,16
71670,4.957514,1266.681,12
71671,5.910954,8257.3,16
71674,4.32628,966.83,7
71675,2.736693,1701.793,10
71676,3.643,320.681,8
71677,2.830295,3.088,3
71701,6.932253,13106.422,18
71720,4.362158,133.111,5
71722,3.285213,140.79,3
71725,2.792247,442.562,4
71726,3.24485,1331.342,2
71730,7.116999,22729.105,32
71731,8.610523,591.968,4
71740,5.072869,1151.165,3
71742,6.264696,5242.92,11
71743,3.914551,131.962,4
71744,3.981288,3322.664,5
71745,3.49305,34.372,2
71747,3.602629,728.407,3
71748,2.748322,78.03,2
71752,4.880848,988.159,4
71753,6.549696,5864.508,7
71754,8.948658,1376.398,2
71762,6.296864,2020.594,7
71763,3.713845,1544.796,4
71764,4.816023,452.856,7
71765,3.602629,1360.926,3
71766,4.655856,943.636,5
71770,4.589713,2250,4
71801,5.982171,9667.974,10
71822,5.028371,2860.793,6
71823,3.700148,2.107,2
71826,4.01419,847.884,3
71827,2.697228,323.768,5
71828,3.285213,1.877,3
71831,4.523976,118.992,7
71832,6.133423,11220.131,9
71833,5.05799,1964.277,6
71835,3.127576,1050.563,9
71836,3.846456,2326.388,3
71838,4.363286,988.732,7
71841,4.727643,1022.087,7
71842,3.779636,2085.158,5
71845,4.01419,350.797,3
71846,3.852637,2969.414,4
71851,4.457709,1797.154,8
71852,6.464971,9419.658,21
71853,5.215823,117.819,3
71854,8.185027,26833,25
71855,4.546577,295.447,3
71857,5.919689,5131.623,8
71858,2.682583,1662.309,5
71859,4.514937,504.327,7
71860,3.841795,235.556,5
71861,4.01419,1156.884,3
71862,4.546577,577.388,3
71901,7.811727,16282.848,28
71902,12.533657,1298.335,2
71909,6.12247,5880.005,7
71910,7.763951,862.191,3
71913,9.419996,10179.174,17
71914,9.516717,1352.919,4
71921,4.543967,3254.402,9
71922,6.111007,4.067,4
71923,7.001942,15302.825,24
71929,3.288386,261.825,5
71933,3.522729,242.867,3
71935,3.524605,760.355,5
71937,3.534314,2062.302,6
71940,6.111007,1972.525,4
71941,3.407311,2153.753,6
71943,5.050374,4235.151,8
71944,4.918764,919.925,2
71945,4.072725,1605.464,4
71949,4.450781,1894.961,4
71950,4.017156,747.157,5
71952,3.970847,62.048,2
71953,5.663213,8096.668,15
71956,4.450781,13.843,4
71957,5.76479,3296.412,8
71958,5.82902,2524.273,9
71959,4.492682,669.565,6
71960,3.522729,1244.692,3
71961,3.153453,889.536,5
71962,3.914551,788.429,4
71965,3.150464,276.571,2
71969,3.150464,333.014,2
71970,5.251014,736.616,5
71971,4.868535,524.373,6
71972,3.2629,248.16,2
71973,4.92429,1460.843,6
72001,4.267999,459.17,7
72002,4.653351,14479.218,16
72003,3.278748,671.16,11
72004,3.595142,1207.012,7
72006,6.492138,2567.225,2
72007,5.475127,4601.767,7
72010,4.867048,5918.716,7
72011,3.121344,3894.191,9
72013,3.649432,1898.993,7
72015,9.320054,2862.974,10
72016,4.38747,2847.761,8
72017,5.321938,594.184,7
72018,11.532444,1960.846,3
72019,5.764358,22771.803,21
72020,3.243334,4243.83,8
72021,6.561711,3964.819,18
72022,3.978766,1015.45,7
72023,6.689067,29511.218,25
72024,6.325537,3111.794,17
72025,3.166258,884.432,8
72026,1.94568,363.47,4
72027,3.12576,1433.421,3
72029,5.131391,1907.527,5
72030,3.763071,744.706,9
72031,4.669248,5755.914,17
72032,6.639013,32459.957,34
72033,11.066658,1625.348,3
72034,7.970918,28665.83,24
72036,4.957427,936.505,10
72038,1.94568,121.157,2
72039,4.509702,2366.641,8
72040,5.804132,2782.435,10
72041,4.54095,1760.957,6
72042,6.237867,5229.867,9
72044,5.724332,711.842,5
72046,5.215633,4819.293,17
72048,1.94568,99.901,2
72051,2.934785,395.755,4
72053,9.91388,223.429,3
72055,4.29516,421.618,2
72057,2.293585,1233.275,7
72058,6.087841,15593.951,9
72060,5.804869,124.89,4
72061,5.003515,103.335,2
72063,2.379312,1650.561,8
72064,6.144713,2203.759,9
72065,4.60044,5172.864,11
72067,4.939596,1617.25,8
72069,3.80446,1068.544,5
72070,4.659661,1858.804,7
72072,3.21949,396.252,6
72073,3.761069,910.791,6
72074,4.875992,2.208,6
72076,6.94085,33850.684,33
72078,7.309475,1548.742,4
72079,5.253636,574.214,5
72080,3.166935,726.011,11
72081,3.925177,2078.078,14
72083,2.878325,120.697,2
72084,3.096096,1364.567,8
72085,3.951302,5.863,3
72086,5.939195,8157.315,16
72087,3.738917,551.286,3
72088,6.991844,819.134,2
72101,4.913595,3251.652,10
72103,6.721477,13720.256,24
72104,6.576459,16714.754,23
72106,5.734805,5939.053,10
72107,4.813911,1.975,2
72110,6.752935,11527.451,14
72111,3.847668,229.396,3
72112,7.148296,6832.138,20
72113,13.523217,5540.046,2
72114,13.327583,11179.182,24
72115,15.28187,588.829,2
72116,10.787793,14831.347,20
72117,9.025999,13802.345,28
72118,11.684963,20240.472,26
72119,15.28187,91.001,2
72120,8.57162,22765.93,26
72121,3.740015,2931.146,12
72122,4.906315,621.406,5
72123,4.875992,2.208,6
72124,9.264723,1360.651,6
72125,5.327905,996.391,7
72126,5.442854,3635.69,13
72127,4.344046,2066.34,5
72128,2.948885,707.762,3
72129,2.948885,1405.583,3
72130,6,33.122,1
72131,4.804526,3121.529,9
72132,5.070662,3614.044,7
72133,4.027421,2.702,4
72134,4.303559,282.961,7
72135,3.932224,2343.661,10
72136,3.847668,995.344,3
72137,3.714277,2467.084,5
72139,3.766153,6.033,3
72140,1.94568,82.897,2
72141,5.84187,517.896,3
72142,3.608004,2350.686,4
72143,5.847144,15966.681,16
72145,7.203751,1487.424,3
72150,2.48314,6048.537,11
72152,4.027421,740.334,4
72153,5.669372,1840.404,8
72156,2.667058,589.541,6
72157,3.12576,1554.778,3
72160,7.296561,10215.482,28
72165,3.724244,102.131,4
72166,4.29516,563.12,2
72167,2.948885,125.25,3
72168,1.461419,1737.321,5
72170,6.160283,4.788,3
72173,5.663275,7826.121,11
72175,4.021727,238.688,6
72176,4.777289,7895.59,11
72179,2.913622,393.742,3
72181,5.631791,96.868,2
72183,2.752249,3.159,2
72190,13.07322,1254.316,4
72201,18.399144,335.802,5
72202,14.48296,9443.845,30
72203,18.789916,843.726,2
72204,12.519038,25967.441,32
72205,14.993632,14279.853,44
72206,7.872652,22050.077,37
72207,12.8043,6227.496,17
72209,11.209164,27805.487,25
72210,6.981394,6494.371,18
72211,10.465534,10313.988,15
72212,8.180824,10337.992,16
72214,9.510622,1507.745,2
72215,16.292908,1070.68,2
72216,17.146918,1088.117,5
72217,13.155118,481.803,5
72219,9.089186,2217.847,3
72221,13.778569,1495.259,3
72222,13.778569,112.866,3
72223,7.719509,15559.609,17
72225,17.704377,965.136,4
72227,12.464152,3937.907,10
72231,10.02958,584.104,4
72260,7.410136,1347.179,3
72301,12.701179,20790.386,22
72315,6.763679,15490.301,21
72316,11.291822,780.224,3
72320,3.616876,418.761,2
72321,3.462091,2.141,4
72324,3.887656,2145.655,6
72326,3.860844,1120.998,8
72327,3.434684,1910.506,10
72328,4.666667,3.79,1
72330,2.794876,559.06,5
72331,4.354564,3119.037,9
72333,4.666667,379.009,1
72335,5.694324,15125.068,16
72338,2.642884,55.267,2
72341,3.616876,45.962,2
72342,6.267137,5112.58,18
72346,3.970701,828.616,5
72347,4.95338,555.605,2
72348,3.912195,1321.86,6
72350,2.693986,955.01,4
72351,5.450098,8.692,2
72354,4.798385,2309.584,10
72355,5.351705,1494.107,15
72358,3.51257,1268.202,7
72360,5.156444,6994.668,11
72364,6.471213,15938.892,17
72365,7.295507,2975.62,11
72366,3.404273,46.793,5
72367,4.666667,22.741,1
72368,3.296695,1230.994,14
72370,6.304014,8331.92,11
72372,4.367171,2056.31,5
72373,4.666667,755.386,1
72374,2.668353,10.903,2
72376,3.432724,352.591,7
72377,4.893537,5.56,5
72379,4.165172,11.675,3
72384,3.471349,842.839,3
72386,4.349622,2043.791,9
72390,7.192235,7163.908,17
72392,4.880658,242.269,13
72394,3.949457,660.818,4
72395,5.450098,1602.282,2
72396,6.388345,12666.731,22
72401,8.217554,27915.692,38
72402,4.989925,1053.574,3
72403,10.190932,1576.696,3
72404,6.644225,4644.461,20
72405,5.884802,12168.554,12
72410,3.277935,443.781,6
72411,4.594554,2264.256,10
72412,2.075285,799.515,2
72413,3.373455,609.85,8
72414,5.143796,329.784,4
72415,4.541797,1326.503,6
72416,4.691913,3795.428,5
72417,5.512726,60.293,2
72419,5.140148,1525.958,9
72421,4.62885,680.294,9
72422,5.79086,4702.321,15
72425,2.336663,541.511,12
72428,3.528343,112.51,3
72429,4.137808,301.147,2
72430,2.27327,420.622,3
72432,3.522147,80.254,4
72433,5.500617,2761.125,12
72434,4.542588,978.702,4
72435,2.447993,491.088,6
72436,3.203195,1063.017,8
72437,4.508155,3099.107,11
72438,5.143796,105.826,4
72440,4.079897,90.676,2
72442,3.534927,366.856,11
72443,4.048017,2947.938,5
72444,3.397271,2096.047,5
72447,5.143796,1961.479,4
72450,5.693208,17250.936,14
72453,2.386389,187.326,5
72454,6.397581,4865.456,10
72455,6.310813,8614.685,11
72456,2.47965,518.514,10
72458,4.49451,654.481,6
72459,4.457389,1251.304,9
72461,5.505392,3705.497,11
72462,3.397271,3.962,5
72465,3.270072,1.659,2
72466,4.359464,1056.08,9
72467,8.970109,3321.16,4
72469,4.079897,1160.649,2
72470,2.460713,281.083,3
72471,4.643153,1031.701,6
72472,5.521406,9109.061,12
72473,4.874682,2523.899,8
72476,7.108434,7083.373,20
72478,3.397271,29.717,5
72479,4.142235,1147.479,5
72482,4.336719,1430.772,9
72501,7.097897,15036.389,21
72503,9.039897,1174.044,3
72512,6.143396,2239.432,3
72513,6.195223,1794.455,6
72517,6.443908,335.495,3
72519,5.131322,3402.234,15
72522,3.765381,320.175,4
72523,2.99606,898.551,7
72524,3.765381,250.078,4
72528,5.257533,366.658,2
72530,2.905641,817.577,4
72531,4.329591,540.368,3
72532,6.17946,532.538,8
72533,2.934785,328.825,4
72534,3.633707,1153.753,7
72536,6.155027,611.577,6
72537,5.112034,830.9,3
72538,5.112034,2.788,3
72540,3.573723,98.723,2
72542,5.347299,1596.819,9
72543,5.945016,7101.255,12
72544,4.953261,750.339,6
72546,2.913622,73.379,3
72550,2.791998,220.562,4
72553,3.765381,11.367,4
72554,3.450144,224.055,2
72555,2.5,136.722,1
72556,5.74677,2960.516,5
72560,2.765044,2089.101,7
72561,3.573723,839.148,2
72562,3.765381,2212.811,4
72564,3.724244,297.434,4
72565,6.439667,954.085,6
72566,5.257533,940.654,2
72567,2.5,229.623,1
72568,3.726429,1542.52,7
72569,6.199377,97.614,3
72571,3.724244,365.521,4
72572,4.036177,231.693,6
72573,5.238883,334.023,8
72576,6.143396,14.959,3
72577,3.585978,313.675,5
72579,3.961658,978.639,8
72581,2.913622,332.891,3
72584,6.432943,532.981,6
72585,6.433889,258.435,5
72587,6.265874,103.528,6
72601,6.448857,27585.693,32
72602,8.674773,1847.769,3
72611,5.353624,715.861,9
72616,3.833599,1415.265,3
72617,4.794638,285.847,12
72624,5.890429,516.598,3
72626,6.001438,1474.705,4
72628,3.452118,1359.039,4
72629,3.315995,679.526,5
72631,7.999491,27.089,2
72632,7.971164,2619.161,5
72633,3.980288,1715.111,9
72634,5.669618,4233.863,9
72635,6.006388,3482.962,6
72638,3.842254,2449.727,6
72639,5.77188,535.939,4
72640,5.890429,444.434,3
72641,5.787416,1380.157,7
72643,4.273907,12.879,4
72644,4.301382,2591.212,10
72645,2.921393,2060.152,13
72648,5.890429,479.943,3
72650,5.165238,4312.019,14
72651,6.001438,428.202,4
72653,6.592837,22798.515,26
72654,7.050138,1966.428,3
72655,3.452118,1166.172,4
72658,5.187339,1344.076,4
72660,3.833599,491.916,3
72662,4.80219,3706.662,6
72663,2.934785,424.854,4
72666,3.452118,672.792,4
72670,4.231966,207.722,7
72672,5.194206,43.611,6
72675,3.448483,1640.893,10
72677,5.44321,26.596,3
72679,3.273749,142.477,8
72680,2.928094,919.513,7
72682,2.521527,315.932,6
72683,3.452118,376.763,4
72685,5.760243,1224.45,9
72686,3.899743,271.956,6
72687,4.223427,5485.159,16
72701,4.064717,1855.263,10
72703,8.053521,5606.16,11
72704,5.342269,8393.903,7
72712,7.788176,31742.855,44
72713,5.532233,9748.475,12
72714,6.42708,13425.289,12
72715,6.168785,16515.977,11
72717,2.821175,898.211,6
72718,5.607485,1341.334,8
72719,5.560867,4225.087,10
72721,2.999496,395.85,10
72722,4.815877,1094.404,8
72727,2.858536,2103.027,7
72729,2.302698,185.629,3
72732,3.857734,2989.984,8
72734,4.466386,1247.268,11
72736,3.391259,3089.234,11
72738,4.295149,2381.698,12
72739,6.144148,252.448,3
72740,4.971458,8600.809,13
72742,3.713804,587.175,7
72744,4.194941,2395.962,6
72745,5.963085,8366.562,13
72747,3.341501,216.24,4
72749,2.302698,51.379,3
72751,5.636249,3450.798,10
72752,3.597989,475.757,6
72753,4.341917,3467.181,9
72756,6.540444,39061.901,43
72757,7.577628,2278.524,3
72758,7.149543,35471.483,24
72760,3.67327,169.161,7
72761,7.834401,16879.57,13
72762,7.482259,17318.765,17
72764,6.118151,12818.198,17
72765,11.666667,1221.878,1
72768,3.341501,1243.382,4
72769,4.325044,160.292,3
72770,4.790658,1011.11,3
72773,2.868045,1267.855,4
72774,3.85525,5730.1,9
72776,3.650272,741.964,7
72801,9.191281,4088.783,4
72802,5.61578,7981.791,8
72821,3.540197,383.726,3
72823,5.355312,5575.765,12
72824,3.754292,1706.433,5
72827,3.646577,283.912,3
72828,3.646577,154.46,3
72830,5.867469,14819.896,18
72832,3.540197,801.373,3
72833,4.471429,3756.672,18
72834,5.654706,10801.539,11
72835,3.887361,932.944,3
72837,3.108518,2702.117,7
72838,3.610815,176.626,5
72839,2.626829,497.662,9
72840,3.669434,2297.576,6
72841,2.736934,159.712,5
72842,4.081967,1612.428,10
72843,2.996427,1904.63,5
72845,4.245048,1150.446,3
72846,4.106183,4095.265,14
72847,3.853225,2680.123,5
72851,3.887361,848.678,3
72852,2.629197,479.969,6
72853,4.745913,2058.537,9
72854,2.613194,941.689,3
72855,6.435335,6042.146,13
72856,3.068077,526.79,7
72857,3.447286,1366.959,5
72860,3.646577,303.035,3
72863,3.880612,1655.681,6
72865,3.852292,934.687,6
72901,9.317993,20678.248,42
72902,11.687723,1347.593,2
72903,8.120297,22769.4,31
72904,6.984466,21248.357,33
72913,8.304272,354.907,3
72914,6.980356,1119.339,6
72916,5.715817,3658.856,13
72917,8.304272,1430.045,3
72921,4.872686,3832.392,7
72923,6.924309,28.216,4
72926,2.591112,634.372,2
72927,5.366781,8534.5,15
72928,3.790039,17.223,3
72930,4.651566,47.319,3
72933,4.517401,1022.287,8
72935,5.3726,91.699,3
72936,5.790694,13801.461,10
72937,5.421616,2148.345,3
72940,3.525197,1329.216,3
72941,4.713689,5426.269,5
72943,3.435529,2745.758,9
72944,3.983859,1801.503,7
72946,3.698453,152.254,3
72947,4.900059,4021.082,6
72948,2.302698,16.574,3
72949,3.651132,2831.677,12
72950,2.591112,456.029,2
72951,3.790039,541.56,3
72952,6.480513,747.532,2
72956,6.544225,24073.556,17
72957,9.97405,1500.721,4
72958,5.319778,7468.147,9
72959,2.604211,2466.688,16
73002,4.012068,37.485,3
73003,9.298588,14276.224,24
73005,3.746796,2445.334,11
73006,5.150692,2505.105,9
73007,3.795168,841.878,5
73008,9.434691,20439.06,36
73009,5.131357,56.929,9
73010,5.878935,2.121,3
73011,3.626835,2.729,2
73012,8.690655,4236.164,3
73013,8.219147,25342.151,37
73014,4.880795,978.322,6
73015,5.254209,2630.447,7
73016,6.134146,1081.497,6
73017,5.14235,1636.312,6
73018,7.43243,10310.721,14
73020,5.539083,11029.653,27
73021,3.386901,579.752,4
73023,12.483768,1694.723,4
73024,3.332413,794.187,5
73026,4.495342,6967.122,18
73027,3.369269,974.965,3
73028,4.670968,3696.478,9
73029,5.692577,1875.973,5
73030,4.561192,423.397,12
73033,3.977207,9.202,2
73034,8.386296,25656.686,20
73036,8.262423,15777.029,21
73038,5.395509,2154.779,12
73040,4.606094,2435.837,5
73041,5.244357,279.621,7
73042,3.671241,950.907,4
73043,4.151176,195.294,2
73044,6.74991,7191.648,13
73045,4.947142,9943.047,15
73047,4.199505,1236.272,10
73048,4.180877,2326.37,7
73049,4.290517,5916.186,19
73050,3.369269,6.372,3
73051,4.778523,8559.263,12
73052,5.326538,6262.677,9
73053,3.977207,23.006,2
73054,3.282882,4506.26,14
73055,6.023581,9936.241,15
73056,4.916084,301.769,9
73057,5.374349,2236.242,7
73058,3.369269,565.013,3
73059,4.385462,2313.216,10
73061,6.876369,1642.293,5
73062,5.434359,1120.138,4
73063,4.641634,550.658,5
73064,7.584385,22248.713,12
73065,13.433015,2.341,4
73067,4.565119,894.583,4
73068,4.113019,5444.093,13
73069,13.577014,26967.841,43
73070,18.5,192.057,1
73071,8.551737,27609.58,31
73072,11.148607,15844.535,24
73073,4.727571,581.446,12
73074,4.259463,948.798,9
73075,6.02175,10128.744,15
73077,6.194597,7119.437,11
73078,5.700862,5720.483,6
73079,4.363041,362.126,7
73080,8.640589,6596.105,8
73083,9.431626,2627.14,5
73084,5.847394,6428.748,27
73086,4.28708,1699.779,2
73089,5.874562,6082.993,6
73092,4.561922,403.828,13
73095,3.799936,1303.92,12
73096,7.469295,5969.699,12
73097,5.833333,839.048,1
73098,6.11325,3657.6,17
73099,7.694036,42794.616,44
73101,18.027857,1879.66,2
73102,18.014429,1189.467,3
73103,14.492859,3408.408,9
73104,14.469652,625.89,5
73105,13.200942,3908.411,10
73106,14.612316,11317.636,19
73107,13.558023,22692.506,52
73108,13.089257,13449.893,20
73109,14.488839,19708.632,33
73110,10.756358,31537.777,48
73111,12.503349,11295.256,31
73112,14.290584,24797.503,48
73113,8.986398,1312.561,4
73114,11.431585,17625.305,31
73115,8.331266,19743.408,30
73116,13.281947,9567.453,39
73117,10.111241,2109.293,28
73118,14.383318,10052.669,26
73119,12.708543,31895.472,52
73120,10.4844,25582.163,34
73121,7.512872,3462.852,21
73122,11.60693,11683.449,24
73127,11.210819,18943.02,36
73128,6.875954,296.128,3
73129,12.203695,17785.385,35
73130,7.346503,13133.128,21
73131,7.952501,2896.958,13
73132,9.361606,21681.298,32
73134,13.069602,384.124,2
73135,9.18703,16797.204,25
73137,11.233702,1315.075,4
73139,13.158902,14934.087,26
73140,12.586629,1889.041,3
73141,8.87015,2394.647,19
73142,7.791859,9972.144,13
73143,8.822381,1777.096,3
73144,13.712986,651.615,3
73146,18.027857,1108.138,2
73147,10.605082,842.124,2
73149,12.584258,5195.886,17
73150,5.316472,2705.514,6
73151,5.011678,1838.253,2
73153,9.645692,1283.291,2
73155,8.804034,1006.272,4
73156,11.382405,835.484,4
73157,14.778537,1323.24,4
73159,11.142281,26783.642,33
73160,7.940501,54281.971,67
73162,7.833395,22671.519,19
73165,4.618656,6690.529,19
73169,5.578669,1946.705,3
73170,8.051369,37754.614,22
73172,7.139256,1312.674,4
73173,4.667752,2900.768,4
73179,5.833542,1747.305,2
73189,9.667359,2033.491,3
73195,6.166667,2.883,1
73401,7.117368,10663.035,24
73402,13.04336,969.112,3
73403,13.04336,320.181,3
73430,3.437187,1280.931,2
73432,4.378665,1077.138,5
73433,5.000312,2667.574,12
73434,5.152837,952.223,8
73437,5.505481,61.926,9
73438,5.132164,593.713,5
73439,3.157007,202.528,3
73440,3.157007,57.184,3
73441,3.437187,120.038,2
73442,4.828352,716.556,10
73443,5.671687,97.623,7
73444,4.138255,111.654,6
73446,5.588816,8727.573,14
73447,3.988646,1415.277,5
73448,5.654535,5873.708,10
73449,4.730732,37.376,7
73450,4.477965,1073.223,2
73453,3.745933,761.094,8
73455,4,6.761,2
73456,5.292355,2064.703,11
73458,3.87964,538.165,3
73459,3.841609,1399.635,3
73460,4.030488,386.378,4
73461,4.356025,793.974,5
73463,6.301259,3408.221,9
73481,4.802246,1202.566,8
73488,5.273094,42.645,5
73491,3.983756,9.078,3
73501,7.236802,19275.728,35
73502,12.048133,1691.962,2
73503,6.58747,5451.043,10
73505,8.09365,26552.39,40
73507,7.794338,17834.704,23
73521,7.892593,19351.566,23
73522,10.554175,929.816,2
73523,5.414539,1116.391,3
73526,4.143391,1701.522,8
73527,5.253527,5085.791,7
73528,5.058396,783.546,12
73529,5.095034,5528.182,11
73530,4.5,414.613,2
73531,4.605231,653.76,2
73532,4.335226,750.278,2
73533,6.915247,26088.896,31
73534,10.105496,1080.023,2
73537,4.407201,747.515,4
73538,4.438677,434.755,3
73539,3.450006,147.253,2
73540,4.969855,558.471,8
73542,7.425933,4520.895,8
73543,4.718792,1825.262,9
73544,7.063886,262.899,2
73546,5.492557,1069.348,5
73547,3.655804,1867.77,2
73548,7.045759,624.564,3
73549,3.450006,301.198,2
73550,7.063886,2270.786,2
73551,4.5,193.486,2
73552,5.418149,1786.449,9
73553,5.5,46.174,1
73554,6.216835,3342.828,8
73559,5.00216,515.451,3
73560,4.335226,370.924,2
73562,4.610959,529.645,6
73564,5.015347,447.432,7
73565,5.333712,1141.021,3
73566,4.996951,1665.483,5
73568,4.608368,966.968,6
73569,5.333333,398.517,1
73570,5.644872,1109.731,3
73571,7.063886,159.382,2
73572,5.492491,3740.608,7
73573,6.94748,2235.451,11
73601,8.978103,4229.986,8
73620,6.661033,7.493,6
73622,4.143235,266.823,3
73624,4.143235,7.211,3
73625,5.490246,547.222,3
73626,4.198362,1005.287,8
73627,7.170817,529,9
73628,5.906913,1542.432,3
73632,6.472372,3552.283,6
73638,5.906913,208.853,3
73639,5.499624,1082.674,8
73641,5.006519,825.739,5
73642,5.906913,297.873,3
73644,8.282854,14587.913,25
73645,8.475506,1345.737,2
73646,4.637363,783.697,4
73647,4.143235,2259.584,3
73650,5.883456,493.418,6
73651,5.975764,3852.82,6
73654,6.131834,867.267,8
73655,4.99338,1181.654,9
73658,4.989845,422.915,4
73659,6.26783,212.344,2
73660,5.906913,520.421,3
73661,5.023031,589.664,4
73662,7.192905,5946.376,14
73663,4.994714,1084.489,2
73664,5.01602,644.534,5
73666,6.786995,585.943,5
73667,6.269771,465.463,3
73668,8.475506,191.352,2
73669,5.49725,1950.907,5
73673,3.847681,762.842,5
73701,7.410945,9847.743,14
73703,7.535793,12501.713,13
73705,5.419777,400.107,2
73716,6.379962,866.638,4
73717,9.341032,3318.055,8
73718,3.893235,519.18,10
73719,5.534098,129.879,2
73720,5.482023,232.003,4
73722,5.534098,409.045,2
73724,5.916755,823.373,4
73726,6.383866,764.968,7
73727,4.58254,204.716,4
73728,7.128171,1941.267,5
73729,3.802581,557.182,4
73730,5.482023,338.766,4
73731,6.300516,250.456,2
73733,5.671172,229.753,10
73734,3.704813,770.397,6
73735,5.47812,394.289,6
73736,6.681777,420.904,14
73737,8.183422,3349.342,5
73738,4.633432,798.32,8
73739,6.239865,484.26,6
73741,6.390867,963.012,2
73742,6.032529,4643.5,13
73743,4.58254,2.527,4
73744,4.363932,449.67,4
73747,3.3355,404.174,9
73749,5.534098,540.417,2
73750,7.864474,7096.549,7
73753,4.58254,480.197,4
73754,5.380716,138.041,4
73755,6.188337,932.966,2
73756,3.450972,496.484,2
73757,4.781436,210.943,7
73758,6.107134,288.943,3
73759,6.107224,1472.114,4
73760,3.720725,458.577,2
73761,6.033959,633.549,5
73762,6.085936,2518.585,12
73763,5.434529,1469.006,6
73764,3.457739,252.607,4
73766,6.166361,1031.103,4
73768,3.720725,1697.847,2
73770,5.540794,30.598,2
73771,6.107946,487.777,4
73772,5.946911,3661,6
73773,5.481492,2634.057,6
73801,7.857471,14251.865,16
73802,7.116638,1619.293,5
73832,5.333333,1305,1
73834,6.497148,1574.736,2
73835,7,224.569,1
73838,3.131841,755.826,2
73840,6.794581,431.449,5
73841,4.779205,620.995,3
73843,6.963197,989.73,2
73844,3.941342,336.717,3
73848,5.833333,1701.953,1
73851,5.833333,217.796,1
73852,5.486549,2418.42,8
73853,4.779205,830.373,3
73855,5.833333,352.515,1
73857,4.779205,1194.405,3
73858,6.963197,1379.132,2
73859,7,1230.197,1
73860,6.300516,1302.371,2
73931,5.333333,1336,2
73932,7.333333,1590,2
73933,8.274374,1159,2
73937,5.580259,278.378,2
73938,3.941342,363.79,3
73939,4.915791,2507.829,3
73942,10.427136,5693.339,8
73944,4.915791,1258.832,3
73945,5.406057,2916.817,5
73946,5.580259,163.934,2
73947,5.580259,587.688,2
73949,4.72434,1364,2
73950,3.941342,1788.493,3
73951,5.406057,798.183,5
73960,8.003815,637.42,2
74001,5.039444,13.972,3
74002,4.996757,1873.224,6
74003,6.368074,12831.908,29
74005,10.711069,958.717,3
74006,7.264226,19803.551,26
74008,6.86627,11424.662,13
74010,5.381522,10987.795,22
74011,9.666849,14061.512,12
74012,9.988077,37830.922,30
74013,7.596413,1681.592,3
74014,5.192305,31836.227,22
74015,6.094641,9105.988,15
74016,4.367662,6270.591,11
74017,6.540125,25398.329,28
74018,12.675906,1491.244,2
74019,5.281647,19206.124,22
74020,5.96455,7659.302,10
74021,3.621548,8578.292,11
74022,4.408469,1052.886,5
74023,7.118493,11003.457,23
74026,5.479259,6.428,2
74027,2.689691,1192.401,2
74028,3.166664,1601.629,16
74029,6.820747,5069.723,9
74030,7.677541,4049.131,12
74031,2.575394,701.879,2
74032,4.972276,2091.944,12
74033,5.472952,20.146,5
74035,6.223205,4871.858,11
74036,5.13581,7280.767,11
74037,9.827506,9472.369,5
74038,3.642943,2460.938,10
74039,3.852803,3475.291,4
74041,5.472952,3586.031,3
74042,2.689691,414.599,2
74044,5.175076,6696.33,11
74045,3.004145,551.058,9
74047,5.464133,1349.563,5
74048,6.373389,4820.002,15
74050,4.673152,1101.156,4
74051,4.328148,1807.163,10
74052,4.579946,108.24,2
74053,4.553506,4586.906,4
74054,6.255842,596.668,5
74055,6.860429,26262.524,19
74056,4.034474,809.342,4
74058,5.679901,4011.201,9
74059,4.794516,525.255,10
74060,4.991928,233.891,7
74061,4.286325,2155.418,8
74062,6.846269,570.397,8
74063,5.938541,26671.375,22
74066,6.130907,17165.108,26
74067,9.707165,1693.427,3
74070,4.805983,8601.865,20
74071,3.977971,2.665,2
74072,4.816376,2037.747,2
74073,4.639358,5104.04,12
74074,8.752783,14035.049,17
74075,7.872916,17738.732,20
74076,10.789021,1288.276,3
74079,6.657386,4567.11,13
74080,3.597921,2975.598,9
74081,3.708584,2217.181,8
74083,4.479914,1263.315,9
74084,6.255842,133.21,5
74085,5.753745,2302.244,12
74101,16.773311,1199.606,2
74103,16.693636,720.318,9
74104,15.726661,11242.428,19
74105,13.611414,24924.578,35
74106,12.448175,14290.667,21
74107,10.578752,17314.207,17
74108,6.637224,7427.151,9
74110,12.169504,14746.521,20
74112,14.022797,20529.033,27
74114,13.257346,15164.985,35
74115,12.149778,19034.624,36
74116,6.474173,3984.022,12
74117,5.605927,67.02,4
74119,16.324941,3173.944,6
74120,15.831435,4653.78,16
74126,9.029401,10349.017,20
74127,10.612066,16263.788,23
74128,13.011719,13341.336,12
74129,13.664857,10783.518,24
74130,5.9424,2298.75,6
74131,5.141538,3413.868,13
74132,5.042827,2634.953,5
74133,11.114103,32143.907,34
74134,12.509296,5095.105,19
74135,14.242607,20513.118,35
74136,12.933025,22050.079,31
74137,9.251928,16866.15,12
74145,14.178383,17013.56,28
74146,13.447314,10278.7,17
74147,9.833333,1127.073,1
74150,16.773311,272.124,2
74152,15.922936,722.227,2
74153,14.402153,664.706,2
74155,9.833333,143.005,1
74157,7.666667,841.816,1
74158,12.256568,2006.072,5
74159,14.707068,706.058,3
74169,13.780293,2028.709,4
74172,16.773311,0.665,2
74301,6.486528,11935.527,19
74330,4.668135,53.099,2
74331,5.286056,1572.208,17
74332,4.030188,1050.167,4
74333,5.138513,1336.163,10
74337,4.241934,4925.612,7
74338,5.412979,4426.287,11
74339,7.672697,2604.89,3
74340,6.137444,47.208,4
74342,4.828534,147.509,8
74343,5.274184,3332.173,6
74344,5.275246,6081.722,15
74346,6.180468,6038.237,13
74347,4.545887,3704.703,12
74349,5.333333,70.961,2
74350,6.137444,26.683,7
74352,4.678367,6187.874,13
74354,7.803796,17933.671,29
74358,7.672697,2.303,3
74359,4.020891,290.382,7
74360,4.533341,17.882,5
74361,7.432688,14567.47,16
74363,4.533341,2677.882,5
74364,3.829649,2473.664,17
74365,5.030186,4255.346,10
74366,5.552569,1760.128,7
74367,6.137444,1024.219,4
74368,4.075515,78.164,3
74369,5.123863,1888.445,3
74370,3.716466,3729.269,10
74401,7.456276,17160.541,29
74402,10.462556,1020.239,2
74403,7.690806,16135.109,23
74421,3.718335,669.71,14
74422,5.450718,1253.074,7
74425,4.211719,1534.861,4
74426,5.932441,5029.339,7
74427,4.613858,1248.488,3
74428,5.480998,784.391,10
74429,4.608033,7614.818,8
74430,4.211719,25.225,4
74431,4.822244,12.193,3
74432,5.786109,5720.191,17
74434,3.992455,530.436,3
74435,5.705474,2932.739,5
74436,5.65606,5022.269,11
74437,6.318127,10186.776,16
74438,2.706704,3.387,3
74441,3.556557,1199.823,9
74442,4.111654,942.544,6
74445,4.681573,2919.085,14
74446,3.992455,8.119,3
74447,6.933088,16773.883,27
74450,3.23204,1876.898,2
74451,4.613858,213.736,3
74452,3.462731,420.715,7
74454,4.488202,3039.991,8
74456,3.712314,6.52,3
74457,3.194632,607.736,7
74458,4.56022,165.964,3
74462,5.122942,7873.892,11
74463,5.457235,3.485,2
74464,6.539667,13909.824,13
74465,8.845863,1422.049,3
74467,5.725921,15588.518,13
74471,3.987243,889.105,5
74472,3.907056,575.428,3
74501,6.514174,28170.481,41
74502,8.523515,1421.453,3
74521,4.231514,133.723,3
74522,6.057355,21.72,4
74523,3.368498,457.508,12
74525,5.053047,9553.845,22
74528,5.34617,93.956,7
74529,4.687613,120.571,2
74530,4.477965,13.443,2
74531,4.692026,734.275,5
74533,3.636714,699.294,3
74534,3.596091,741.997,2
74535,3.596091,37.533,2
74536,4.285017,1517.719,12
74538,5.697182,3825.786,8
74540,4.52889,366.11,5
74543,3.322113,292.238,2
74546,6.110648,158.248,5
74547,6.085906,3694.616,11
74549,4.137706,223.757,7
74552,3.907056,997.7,3
74553,4.320293,1434.379,7
74554,6.057355,2110.224,4
74555,2.35233,848.888,3
74556,5.7259,1.332,4
74558,4.146713,416.4,5
74560,4.954938,534.127,9
74561,4.314277,1139.04,5
74562,3.328053,958.169,4
74563,4.063796,1925.097,16
74565,6.179359,50.869,3
74567,3.322113,259.54,5
74569,4.576147,794.818,5
74570,4.070307,1226.317,7
74571,3.963258,2967.639,13
74572,3.649238,1164.266,5
74574,3.917776,1345.078,5
74576,4.328438,447.317,4
74577,4.01711,120.628,4
74578,5.074047,6428.247,13
74601,7.818814,17928.159,36
74602,9.281701,1172.695,3
74604,6.029565,12743.991,22
74630,4.688035,386.879,10
74631,7.325721,7513.93,12
74632,6.697161,555.248,3
74633,4.778309,446.088,7
74636,6.107134,230.624,3
74637,4.461662,1514.235,7
74640,4.682695,362.107,8
74641,5.325852,804.416,4
74643,6.256601,312.994,6
74644,6.855141,410.149,5
74646,7.365989,214.955,13
74647,5.391757,3440.471,7
74650,3.320043,648.312,9
74651,6.825602,610.621,5
74652,4.84746,667.754,5
74653,7.699351,3734.22,6
74701,7.181321,10841.304,18
74702,10.447048,1129.707,2
74720,3.683983,10.762,2
74723,2.75577,1469.085,5
74724,4.768467,53.486,3
74726,3.809768,2272.686,8
74727,3.518125,2257.269,9
74728,6.351844,6947.508,12
74729,4.177202,2719.452,11
74730,4.886694,5515.181,9
74731,4.665347,1854.529,4
74733,4.526962,2575.791,6
74734,5.01654,17.069,8
74735,4.040904,1462.362,5
74736,4.939288,1309.325,9
74738,4.287794,446.092,3
74740,2.134356,2255.448,8
74741,3.52903,1427.83,4
74743,6.999296,8860.463,17
74745,7.430452,9634.581,13
74748,4.284941,668.777,5
74750,4.418915,19.858,4
74754,4.149678,766.217,8
74755,4.418915,282.423,4
74756,4.24743,865.837,6
74759,3.614373,1045.829,7
74760,4.246246,237.813,3
74764,4.404683,3537.68,9
74766,4.296762,1041.435,2
74801,7.266022,19915.431,25
74802,8.271321,1562.274,4
74804,8.167067,14906.487,27
74820,7.231579,22247.517,27
74821,11.832021,967.047,2
74824,4.61918,1562.755,18
74825,4.308358,2310.874,12
74826,3.662601,1438.419,5
74827,4.792612,440.06,3
74829,4.520178,807.656,3
74830,3.133644,29.619,2
74831,2.91891,875.102,7
74832,4.337186,1090.671,3
74833,3.302019,884.541,6
74834,6.506441,8321.239,17
74837,2.678996,2.177,2
74839,5.97262,609.804,5
74840,5.007791,1660.15,11
74842,4.121708,6.74,2
74843,4.087448,376.995,5
74845,2.706704,431.846,3
74848,6.869417,7814.387,16
74849,5.074133,3158.654,9
74850,3.766836,360.814,5
74851,3.691619,2338.805,6
74852,3.981738,712.869,8
74854,3.839837,1821.82,4
74855,4.849341,493.38,6
74856,4.011037,840.285,4
74857,3.803635,6971.371,14
74859,5.327596,6198.174,17
74860,4.520178,2401.527,3
74864,5.7592,3708.858,6
74865,4.079226,1687.78,10
74867,4.054304,722.138,6
74868,6.026011,13152.757,20
74869,5.668058,750.769,5
74871,3.941121,2295.777,11
74872,4.911595,3357.792,10
74873,5.590144,5002.195,10
74875,4.337186,1025.399,3
74878,3.443922,1379.108,6
74880,5.78371,2140.205,12
74881,3.41349,3926.721,15
74883,5.628647,2691.761,10
74884,6.449005,5836.439,17
74901,5.767589,1893.146,2
74902,6.362473,4108.551,5
74930,4.71177,2780.105,11
74931,3.278513,3410.367,16
74932,4.522575,2346.108,5
74936,5.115004,1013.096,2
74937,5.043723,5908.604,10
74939,4.423104,730.747,10
74940,4.458333,2904.962,12
74941,3.531771,2674.595,12
74944,3.903431,757.083,9
74945,3.648431,26.973,3
74948,5.325851,1590.736,6
74949,4.01711,178.319,4
74953,7.264112,12631.35,20
74954,7.166667,2525.938,1
74955,5.382374,8818.181,9
74956,4.549699,2215.152,8
74957,4.42953,1170.67,10
74959,4.227541,7163.921,11
74960,4.56193,12499.319,13
74962,5.533201,4538.579,11
74963,4.768467,543.418,3
74964,4.646288,2940.479,5
74965,4.290182,5100.339,5
74966,5.102009,4031.82,11
75001,12.731169,9446.302,12
75002,8.470808,20931.075,13
75006,12.622501,40673.851,30
75007,11.704754,51127.568,59
75009,5.349602,809.439,7
75010,9.511477,2407.922,10
75011,14.405305,5374.308,5
75013,11.766366,8457.985,8
75015,14.439447,1484.326,3
75017,14.439447,977.052,3
75019,8.606744,42051.347,32
75020,6.788655,22284.204,28
75021,5.892109,9528.573,27
75022,8.026277,16606.922,18
75023,9.820412,41563.449,42
75024,9.589938,28709.252,23
75025,9.089663,30732.072,16
75028,8.909444,42295.351,38
75029,14.298041,2300.369,4
75030,13.481403,1670.429,2
75032,10.391335,6721.217,3
75033,7.312541,30618.89,22
75034,9.431072,28186.319,24
75035,7.66145,54625.732,30
75036,7.666667,1440.484,1
75038,12.025125,5325.773,7
75039,11.581069,3864.388,7
75040,11.232533,53538.327,46
75041,13.027688,30760.747,51
75042,13.174355,24117.067,27
75043,12.571659,50033.2,36
75044,12.196502,28809.602,18
75046,18.93639,945.76,2
75047,14.595208,1316.612,3
75049,14.120409,3174.679,3
75050,8.785748,25597.231,28
75051,6.830608,29652.432,33
75052,6.920342,34775.665,21
75053,6.123768,1723.275,2
75056,7.899769,23111.803,17
75057,12.884477,13013.59,10
75058,6.507886,18.655,3
75060,11.69807,21806.843,19
75061,13.270468,42373.987,34
75062,13.08815,21964.148,39
75063,12.970239,14902,11
75067,11.995351,66676.021,68
75068,7.174297,9273.801,5
75069,9.72564,15793.231,14
75070,8.976451,25176.843,29
75071,6.632673,27800.216,24
75072,7.868905,16289.529,11
75074,13.545477,24475.776,17
75075,12.984791,30422.033,38
75076,5.597373,2839.301,2
75077,9.613037,35626.869,38
75078,7.724532,17945.237,13
75080,13.367407,22949.737,26
75081,13.711288,28761.613,27
75082,12.509744,2105.88,7
75083,13.722278,2081.918,4
75085,13.77962,2056.669,6
75086,14.307991,4324.422,9
75087,8.826904,8109.144,10
75088,7.991663,16981.605,13
75089,7.739117,5732.517,5
75090,6.785208,20639.027,50
75092,6.88618,18582.179,24
75093,13.365245,28366.599,26
75094,12.506059,2.696,3
75098,6.336416,9425.525,4
75102,3.000355,662.663,6
75103,8.094537,4878.731,13
75104,8.162277,25798.053,25
75105,5.366377,232.374,2
75109,5.953549,406.372,10
75110,7.307766,10652.659,15
75114,2.860402,531.219,3
75115,11.220988,28938.544,21
75116,9.79902,12873.068,17
75117,4.482426,3838.119,3
75119,6.261762,19875.588,19
75124,4.794735,2323.717,4
75125,5.537883,310.046,5
75126,7.209482,5966.753,2
75127,3.623612,1664.512,3
75134,7.037752,4464.658,13
75135,6.407739,637.386,4
75137,9.158156,7183.851,9
75138,11.830133,2465.04,3
75140,5.54516,6989.485,6
75141,8.334508,6068.042,8
75142,6.430245,17543.324,19
75143,5.191101,5274.96,7
75144,5.179598,3210.977,6
75146,6.184848,10620.192,11
75147,4.164482,768.707,6
75148,5.316533,4619.287,9
75149,8.807839,37343.434,36
75150,8.681735,40919.822,35
75151,12.624798,1177.127,2
75152,3.329783,601.112,5
75153,5.31897,554.581,6
75154,6.396325,25707.914,15
75155,5.366377,2761.041,2
75156,6.50928,5903.671,9
75157,4.642402,1.498,3
75158,4.642402,2520.265,3
75159,5.666667,169.698,2
75160,10.325408,14173.39,17
75161,3.365175,2310.103,3
75163,3.927006,844.44,2
75165,6.437595,21173.102,26
75166,4.870911,3781.226,5
75167,5.056044,11286.902,15
75168,7.218953,950.184,4
75169,4.675634,12233.789,17
75172,5.591004,4451.203,8
75173,5.345651,2556.449,5
75180,12.309441,8811.944,18
75182,9.445266,595.524,11
75189,4.599964,8182.034,9
75201,17.725727,1043.581,5
75202,18.122109,450.285,2
75203,14.551838,4362.385,26
75204,15.124072,9087.656,18
75205,14.768311,21371.447,32
75206,14.719183,28721.491,47
75208,14.459691,29106.74,56
75209,13.313759,11281.849,20
75210,8.632741,1957.05,7
75211,13.81043,56188.729,42
75212,12.467091,26551.449,20
75214,13.39805,34892.094,46
75215,12.866794,5938.503,11
75216,12.058744,50165.741,53
75217,11.025539,54517.672,46
75218,14.274554,8174.606,22
75219,15.949179,11516.635,19
75220,12.555135,26300.979,27
75221,18.122109,37.486,2
75222,15.420803,1278.665,3
75223,14.375005,14358.233,14
75224,12.95473,36399.174,37
75225,13.18141,16309.339,29
75226,15.522372,1551.777,12
75227,12.40851,33986.203,29
75228,11.417795,56448.25,53
75229,11.804387,30688.037,45
75230,12.782406,17266.394,24
75231,13.134499,26428.507,42
75232,10.777929,20696.772,18
75233,12.523061,8538.534,9
75234,13.987207,19460.195,37
75235,17.959218,3492.291,4
75236,11.095448,11511.927,10
75237,12.320931,8595.154,7
75238,13.19106,26726.611,35
75240,13.209192,26611.551,23
75241,11.025844,15372.868,19
75243,12.552648,46013.831,51
75244,13.974916,13744.865,21
75246,15.204001,3104.321,13
75248,12.958573,37028.712,32
75249,12.542665,3115.506,2
75250,18.122109,12.194,2
75251,14.269803,8.534,7
75252,12.807076,24419.565,27
75253,5.651116,9290.494,7
75254,13.145312,18229.788,34
75287,12.37105,34213.59,37
75313,18.122109,751.529,2
75315,16.644766,1278.041,3
75339,11.431036,1507.092,6
75354,11.047414,856.307,2
75355,12.803412,1179.35,2
75357,11.336382,1627.526,2
75360,12.54379,690.922,3
75367,11.095015,714.6,2
75370,13.741649,1800.616,4
75371,16.644766,60.786,3
75372,12.54379,377.184,3
75374,14.407411,1899.052,4
75376,13.694056,1633.628,2
75378,11.047414,22.942,2
75379,15.035549,1848.55,3
75380,14.252719,1369.884,2
75381,14.332947,2558.661,4
75382,15.350827,1603.253,2
75401,7.050235,17564.741,30
75402,7.280366,9647.102,22
75403,7.606465,1437.746,4
75404,8.213361,1082.13,4
75407,5.445196,5467.431,2
75409,5.435906,399.705,7
75411,3.018323,1174.584,7
75412,4.044538,686.364,3
75414,3.985397,3141.394,9
75415,3.013934,215.44,2
75416,7.375426,33.518,8
75417,3.985838,2651.327,3
75418,5.892047,14278.807,24
75420,3.762789,1262.703,6
75421,2.8692,1102.679,9
75422,3.818043,2554.347,8
75423,3.507829,2764.545,11
75424,5.468888,192.284,5
75426,3.518816,548.843,5
75428,7.754129,10928.034,13
75431,3.519527,1486.766,7
75432,4.551929,3622.466,4
75433,3.789782,2735.913,8
75435,3.985838,127.374,3
75436,4.040138,1514.535,6
75437,1.567596,1324.396,2
75438,3.713755,903.525,8
75439,3.714819,814.958,10
75440,3.349181,425.685,2
75441,3.013934,62.047,2
75442,3.387075,769.352,9
75446,5.211113,3372.491,13
75447,2.795651,1087.617,4
75448,3.021977,633.559,4
75449,3.411939,1342.987,11
75450,3.013934,298.169,2
75451,4.850047,1476.081,8
75452,5.896011,4752.315,11
75453,3.761219,3262.575,10
75454,5.69145,1475.146,4
75455,6.435982,19315.374,23
75456,10.820914,1046.056,2
75457,8.801802,2690.265,8
75459,5.263341,4447.002,7
75460,7.982721,21766.111,33
75461,8.041771,1680.565,4
75462,6.955797,10020.826,19
75468,3.340515,58.11,6
75469,3.060728,264.468,4
75470,3.159917,302.768,7
75471,3.508635,1525.438,8
75472,3.35251,4224.735,6
75473,4.045645,3836.486,3
75474,5.12574,13617.24,22
75476,2.958486,1423.837,12
75477,3.165671,549.047,3
75478,3.50927,1170,5
75479,3.47336,1922.37,6
75480,3.197745,1581.496,5
75481,1.567596,416.239,2
75482,7.165449,18358.469,24
75483,7.071763,761.168,3
75486,2.67267,2352.538,7
75487,2.561178,737.42,2
75488,2.795651,773.603,4
75489,3.832122,1155.752,2
75490,5.563357,2348.019,10
75491,4.372821,5482.693,13
75492,3.713408,475.879,6
75494,5.06303,9435.747,22
75495,6.11627,7855.697,11
75496,4.425259,3579.563,16
75497,3.626749,423.283,2
75501,9.078491,11880.973,25
75503,10.553691,8906.126,16
75504,8.335331,1349.877,4
75505,8.335331,1563.586,4
75550,2.980652,756.107,2
75551,6.80279,6323.043,13
75554,2.980652,1352.539,2
75555,2.144518,1783.126,5
75558,3.182175,1270.968,8
75559,2.855438,679.726,9
75560,2.248157,612.404,2
75563,2.24329,24.15,5
75564,1.720825,1.198,2
75566,2.248157,507.317,2
75567,5.43241,2136.437,2
75568,3.677654,2756.699,17
75570,4.301808,10554.704,8
75571,4.103698,3093.593,17
75572,4.598479,1854.185,8
75574,2.777269,1663.711,2
75601,8.370065,12570.115,39
75602,7.213991,16652.966,24
75603,2.765331,1652.269,6
75604,7.462722,31055.688,36
75605,7.033836,16478.251,38
75606,9.920286,2417.308,3
75607,7.517891,2557.226,4
75608,6.044618,1308.693,4
75615,6.044618,680.225,4
75630,4.244038,2176.399,10
75631,3.587962,2798.04,3
75633,4.219554,7045.752,17
75638,5.519007,6276.206,18
75639,3.16065,3631.508,6
75640,3.206996,42.013,5
75642,3.931782,1.754,2
75643,3.350509,2429.253,15
75644,5.931875,7036.26,9
75645,4.078831,4716.533,15
75647,3.992671,4868.457,4
75650,5.059415,10162.225,13
75651,3.627702,47.44,3
75652,6.089483,14870.177,28
75654,5.997541,12174.291,24
75656,5.523143,4296.868,12
75657,4.525437,7648.164,17
75660,6.044618,488.809,4
75661,3.399544,1189.581,3
75662,6.048759,14210.329,16
75663,8.074939,2872.842,5
75666,5.040253,1090.795,4
75667,3.298119,1115.131,6
75668,3.505366,1537.979,12
75669,3.160496,680.053,7
75670,7.528464,13838.864,35
75671,10.452276,1514.741,4
75672,5.44102,15988.36,29
75681,3.433873,2546.69,8
75683,3.221288,623.298,7
75684,5.430846,7694.353,18
75686,4.977269,13300.381,17
75691,3.638055,339.708,8
75692,3.713968,957.768,9
75693,5.695403,4234.914,9
75701,8.615839,30015.173,40
75702,8.922417,23707.509,37
75703,7.964735,14375.315,19
75706,7.010166,643.059,4
75707,6.261594,4921.663,12
75708,7.064926,767.214,6
75709,7.00577,3955.172,4
75710,8.154305,1913.09,5
75711,9.562511,1950.759,4
75712,8.154305,1477.956,5
75713,9.15774,1535.9,3
75750,4.798592,2139.923,6
75751,6.366199,8348.389,12
75752,3.93738,1662.757,12
75755,4.349099,312.001,6
75757,7.705675,2.554,5
75760,4.056387,2405.872,7
75762,6.036799,3577.215,4
75763,4.40437,3120.844,3
75765,4.739584,7272.904,4
75766,6.312191,19321.021,17
75770,3.456679,30.487,4
75771,5.709681,6668.083,3
75773,5.549544,12257.084,17
75779,3.065219,1.43,4
75783,5.187366,6374.556,8
75784,2.602742,673.62,6
75785,4.44203,11055.414,15
75789,4.436077,7609.837,14
75790,3.623612,4.12,3
75791,6.542556,12724.702,9
75801,6.57801,15006.372,27
75802,7.93817,2719.997,4
75803,5.046834,19665.234,24
75831,5.385635,695.487,4
75832,3.456679,1.452,4
75835,5.936871,12342.558,17
75838,5.287201,997.95,5
75839,3.544745,78.691,8
75840,8.554958,2952.377,6
75844,4.365676,189.184,4
75845,4.084987,2035.529,9
75846,3.282621,495.392,2
75847,3.435039,1563.65,8
75848,4.812621,2.086,2
75851,2.200816,4041.064,9
75852,1.736924,4578.749,8
75853,3.459478,865.038,6
75855,5.000768,1279.132,4
75856,4.635257,243.49,4
75859,4.842836,1027.686,7
75860,6.453408,5924.154,6
75861,3.457693,1650.428,8
75862,5.035869,11871.456,21
75865,3.498577,7.912,3
75901,8.679096,20041.52,27
75903,8.349714,817.188,4
75904,5.736644,24292.902,30
75925,4.614894,4541.681,7
75926,3.498577,1470.02,3
75928,1.593696,458.849,2
75929,3.773311,1820.683,5
75930,3.966329,2433.918,15
75931,4.148963,311.123,3
75932,2.655851,1510.955,3
75933,1.804005,2427.361,8
75935,3.17369,8340.909,14
75936,3.703936,640.067,6
75937,2.741497,1465.66,3
75938,3.542889,2709.494,7
75941,5.786299,8663.398,7
75943,4.391009,1575.237,4
75944,2.741497,1221.68,3
75946,4.241049,2702.633,5
75948,4.495078,5677.904,10
75949,4.434832,5105.742,6
75951,5.853329,12941.732,17
75954,4.570559,3412.333,6
75956,4.481674,7082.588,11
75959,3.545012,1231.276,2
75960,6.255008,292.998,7
75961,4.32835,4872.218,17
75963,6.79958,2813.408,3
75964,7.410727,8386.354,10
75965,7.624793,13665.645,17
75966,2.781273,65.212,12
75968,4.165916,1482.562,8
75969,4.411718,206.33,6
75972,4.469298,5707.248,13
75973,3.792857,2942.015,5
75974,4.10954,2615.36,12
75975,4.791231,3474.551,15
75976,4.666667,298.58,1
75977,2.655851,432.529,3
75979,5.253436,5347.424,9
75980,3.754068,2426.984,6
76001,6.865806,26597.204,20
76002,7.670649,7157,10
76003,7.703227,3706.145,3
76004,12.580159,1584.101,3
76005,10.556256,1044.509,6
76006,8.478794,19677.503,18
76008,6.05924,2044.997,10
76009,4.159439,1034.896,9
76010,8.032667,41091.396,30
76011,9.353485,17786.301,22
76012,7.350664,11919.717,21
76013,9.389475,22571.257,29
76014,7.247435,11514.627,9
76015,8.194989,14706.445,15
76016,7.271472,31300.19,34
76017,8.393363,39332.552,45
76018,8.075828,18968.401,19
76020,6.615158,18753.696,21
76021,8.729949,27206.444,33
76022,8.608871,13774.471,17
76023,7.090548,29.269,3
76028,5.561721,34169.319,28
76031,7.315889,11685.241,19
76033,7.458078,23701.187,37
76034,9.32403,13275.514,23
76035,5.019518,128.051,5
76036,5.506906,8282.836,15
76039,8.202241,30792.39,26
76040,8.436431,21014.119,21
76041,4.397113,277.779,5
76043,8.663859,1757.075,6
76044,4.165512,4779.298,10
76048,8.043932,9604.68,10
76049,5.678349,10349.817,9
76050,5.157637,639.829,12
76051,8.178502,26819.708,21
76052,4.451625,438.04,3
76053,8.557552,22393.077,26
76054,10.27487,10153.069,16
76055,6.429812,2566.318,8
76058,4.779138,17435.407,20
76059,6.234801,5285.799,6
76060,7.026963,3481.59,8
76061,3.865674,2.399,4
76063,8.150737,52832.923,33
76064,3.669072,1094.417,3
76065,5.989601,22067.657,19
76066,5.501374,2570.339,4
76067,8.460066,14642.868,25
76070,4.637668,12.218,2
76071,4.451625,4596.923,3
76073,4.066895,5116.09,5
76078,4.451625,443.037,3
76082,4.789911,15832.832,14
76084,4.279349,1965.861,8
76085,4.234958,8362.134,13
76086,7.151182,14318.124,13
76087,5.540051,2352.833,13
76088,5.44313,7342.816,15
76092,8.408261,13446.327,19
76093,2.763963,49.951,3
76094,7.381858,1792.727,2
76095,9.004195,2395.379,6
76096,7.348581,3348.599,4
76102,13.636819,4112.555,4
76103,13.087714,14455.201,33
76104,13.564687,17566.292,19
76105,12.684167,23637.549,38
76106,13.994078,14573.186,19
76107,14.708207,23408.957,43
76108,6.726211,33628.619,31
76109,12.341911,17021.284,17
76110,13.828668,24281.371,38
76111,13.393366,22040.576,32
76112,11.313846,34611.726,45
76114,10.09596,25963.402,41
76115,12.79888,22150.21,35
76116,11.895494,31028.592,38
76117,8.876221,23570.262,27
76118,8.834247,10386.271,16
76119,11.762132,48418.859,50
76120,9.941291,9390.07,12
76121,14.235006,1766.819,4
76123,4.281609,548.577,2
76124,14.108962,1781.315,4
76126,6.589845,22222.152,28
76127,7.950751,274.894,5
76131,6.208905,18245.988,8
76132,12.814913,12790.991,16
76133,12.325731,36483.024,34
76134,9.425118,7136.279,10
76135,7.565739,14324.938,21
76136,10.085428,1161.116,4
76137,10.180254,50439.112,38
76140,7.264774,22998.499,32
76148,9.629357,23196.078,27
76155,12.959498,5566.143,5
76163,12.299135,1559.731,4
76164,13.60976,9676.4,17
76177,8.710677,1205.601,2
76179,8.475371,7402.46,12
76180,9.158705,28505.557,46
76182,8.778148,33900.096,20
76185,14.592009,505.883,3
76201,13.812633,26552.514,31
76202,13.280222,1542.692,3
76204,13.280222,1676.223,3
76205,13.069506,17526.54,20
76207,9.054436,9470.801,13
76208,6.737905,3632.598,10
76209,8.792659,7548.993,21
76210,9.245292,2490.309,9
76225,4.952935,2889.848,7
76226,8.616307,1275.056,7
76227,3.094225,1271.135,5
76228,3.015341,753.295,3
76230,5.894561,799.106,8
76234,5.065894,3456.256,12
76238,4.887092,160.168,3
76239,4.877423,1035.146,5
76240,7.218772,21229.671,25
76241,9.092083,1469.113,4
76244,9.71877,570.338,15
76245,4.630219,2265.73,3
76247,4.614165,3.552,2
76248,8.190855,24563.693,18
76249,4.925887,50.43,5
76250,6.361633,1434.441,3
76251,4.913365,701.5,4
76252,6.307319,2313.573,8
76253,6.361633,14.659,3
76255,7.114645,6057.885,9
76259,4.637666,363.48,8
76261,3.710893,192.503,9
76262,6.540327,7613.919,11
76263,4.887092,80.746,3
76264,4.630219,758.153,3
76265,5.859206,1181.276,7
76266,5.695186,11759.166,12
76270,4.927948,198.526,4
76272,4.886127,2984.73,5
76273,4.328281,2816.385,9
76301,8.693163,14041.215,21
76302,7.336974,10362.505,13
76305,3.441346,5917.763,29
76306,4.074492,12211.778,18
76307,11.235287,921.618,2
76308,8.689868,5293.671,9
76309,8.486289,13043.473,20
76310,5.319569,4767.842,27
76311,8.344077,8753.266,5
76351,5.907109,312.298,4
76354,5.18796,6450.989,12
76357,2.899495,555.185,4
76360,6.891304,3425.898,11
76363,7.405652,390.265,2
76364,4.777118,199.91,2
76365,5.86031,4917.152,12
76366,4.326659,1956.399,5
76367,6.349627,10134.937,20
76370,4.246626,6.362,3
76371,7.399048,1509.512,4
76372,5.136248,88.251,2
76373,4.777118,154.168,2
76374,6.976144,3973.89,13
76377,2.899495,46.265,4
76379,5.903512,1288.271,7
76380,5.465194,146.412,2
76384,7.552181,12328.187,13
76388,4.364309,173.545,2
76389,5.630209,2083.607,12
76401,5.917769,8743.421,10
76424,7.300852,8384.423,10
76426,7.095699,9593.044,10
76427,3.242612,343.27,2
76429,4.386839,252.908,8
76430,5.804894,2122.725,9
76431,7.166667,101.398,1
76432,3.406832,1254.573,7
76433,4.246499,1546.979,7
76435,4.46081,707.906,4
76436,4.953661,319.86,6
76437,5.468736,598.483,9
76442,6.873635,7222.923,16
76443,6.394245,1976.816,10
76444,4.399646,22.572,2
76445,4.411149,231.348,5
76446,3.5349,989.937,9
76448,5.05532,48.706,5
76449,5.146341,3069.18,7
76450,7.610685,8644.603,19
76453,4.455691,1270.691,6
76454,4.399646,1122.967,2
76455,3.475185,923.356,5
76457,5.673032,3882.622,10
76458,6.57635,6425.929,9
76459,4.022709,198.354,3
76460,7.176939,499.956,6
76462,4.745543,1998.776,6
76463,4.722512,437.113,4
76464,5.702099,762.898,11
76465,4.323339,1.781,2
76468,3.47267,1.983,2
76470,5.656894,3642.107,10
76471,4.82067,1859.602,7
76472,4.060905,1262.731,2
76474,4.157438,271.544,5
76475,5.218814,669.986,2
76476,5.252339,1103.103,4
76481,4.192369,1.913,3
76483,5.136248,1028.882,2
76484,4.0628,915.821,4
76486,3.868114,998.783,8
76487,4.054172,1030.005,10
76490,4.958405,100.644,3
76491,5.119927,442.45,5
76501,7.097749,14026.163,25
76502,7.655671,17808.766,17
76503,12.635945,677.09,2
76504,8.074141,18261.257,18
76511,4.822832,2038.911,16
76513,7.200647,14304.847,12
76518,3.153669,1161.237,7
76519,3.406374,298.033,4
76520,6.95386,7971.782,12
76522,6.385295,35203.9,29
76524,3.961121,2500.584,6
76525,3.794653,904.58,7
76527,4.487876,1433.424,8
76528,5.485791,23471.837,25
76530,5.683659,2598.171,9
76531,7.112548,4789.633,12
76533,4.590379,1.641,3
76534,4.132782,2226.692,9
76537,6.251547,6087.976,9
76538,3.6189,740.472,7
76539,4.314022,1824.541,14
76540,8.114438,1801.858,5
76541,9.271501,14830.675,30
76542,6.478678,15805.598,15
76543,7.668962,28916.142,32
76544,5.273457,18901.211,21
76547,9.528725,1204.633,2
76548,10.07668,3886.437,6
76549,7.990042,5702.535,9
76550,6.111557,12601.814,14
76554,4.590379,2283.983,3
76556,3.04879,1330.595,6
76557,4.05361,3718.61,11
76561,2.095046,975.178,6
76565,5.042055,153.338,2
76566,2.817415,357.04,2
76567,6.170052,9634.509,17
76569,4.098928,2769.039,9
76570,6.521452,2600.027,6
76571,4.006865,2814.274,2
76573,5.725947,2.328,4
76574,7.310055,19030.411,18
76577,4.706544,2902.971,13
76578,3.300423,1059.489,9
76579,4.985597,171.3,7
76621,5.224185,983.078,10
76622,4.515426,57.041,2
76624,3.507389,2376.178,8
76626,3.09344,1359.743,8
76627,2.763963,1198.818,3
76629,5.2819,1849.132,10
76630,4.091074,1368.175,10
76631,6.185115,443.989,2
76632,2.901028,1440.244,4
76633,3.628523,4668.46,7
76634,6.949384,7155.895,13
76635,3.817721,1151.048,4
76636,4.852441,1375.477,5
76637,4.632765,464.123,6
76638,4.329106,2789.403,8
76639,2.866474,1349.231,6
76640,4.286187,362.653,8
76641,3.0397,1454.918,8
76642,5.969316,7304.44,15
76643,6.883469,5100.737,3
76645,7.168875,11155.411,18
76648,5.722768,3160.732,11
76649,4.275235,855.318,10
76651,4.522552,3236.898,6
76652,4.331397,1215.198,5
76653,3.843424,1193.63,8
76655,4.246778,9305.909,18
76656,5.410614,2435.751,6
76657,4.193464,931.118,16
76660,5.99829,458.181,5
76661,7.635102,7396.903,7
76664,5.335124,3728.708,17
76665,6.127037,2672.828,8
76666,6.185115,232.178,2
76667,6.726089,11626.58,19
76670,5.260446,1394.464,12
76671,4.68323,1635.257,5
76673,5.238737,1432.008,8
76676,5.995765,328.779,3
76678,3.795148,165.333,2
76679,2.938897,1500.574,6
76680,4.628125,303.065,3
76681,2.866254,484.59,2
76682,4.950039,3085.375,12
76685,2.692169,88.351,2
76687,3.932016,1850.166,5
76689,5.491573,3922.011,16
76690,4.32923,932.7,6
76691,5.997365,6308.502,10
76692,6.010166,5915.543,6
76693,4.568385,1879.396,9
76701,10.273948,2212.707,11
76702,8.830518,1720.679,3
76704,10.123029,1843.149,14
76705,6.133958,26010.008,29
76706,6.675841,30543.935,29
76707,8.41572,15888.913,30
76708,7.228929,17210.594,34
76710,8.540355,22135.874,35
76711,8.671918,9267.267,9
76712,6.931328,14924.616,26
76714,10.642303,1333.279,3
76798,7.833333,3911.958,1
76801,7.646484,20579.436,30
76802,6.874887,4659.192,8
76803,7.684383,717.142,2
76804,9.93963,860.895,2
76820,4.326161,67.85,2
76821,7.726062,4574.746,9
76823,5.017611,2352.6,8
76824,4.527658,1.335,3
76825,7.654985,6875.032,15
76827,4.802646,507.446,2
76828,3.325559,158.612,2
76831,3.25858,27.729,7
76832,5.879385,413.198,2
76834,7.596855,5547.131,11
76836,3.217767,74.833,2
76837,5.130009,1997.873,6
76841,5.751688,371.323,3
76842,4.326161,247.914,2
76844,7.818785,3870.385,8
76845,4.331108,268.097,3
76848,5.751688,221.987,3
76849,6.686741,3876.863,5
76852,3.277193,286.872,5
76853,4.556576,1385.236,8
76854,5.370515,537.604,5
76856,6.1563,3718.5,10
76857,2.253894,1753.335,7
76858,3.67324,280.716,5
76859,5.705477,1419.034,5
76861,4.772263,1775.377,11
76862,5.12875,660.152,3
76864,4.104499,816.999,6
76865,5.510208,165.415,9
76866,5.12875,1226.633,3
76869,4.043696,105.739,7
76870,4.040758,50.787,3
76871,5.758826,896.863,4
76872,3.886844,880.035,6
76873,4.331108,77.607,3
76874,5.346833,51.18,6
76875,4.916665,879.511,10
76877,7.924803,4401.028,5
76878,4.289961,1564.772,7
76882,5.513865,340.01,10
76883,5.162678,16.236,2
76884,4.331108,59.969,3
76885,2.916999,80.763,3
76886,4.674337,1.959,4
76887,2.814161,40.012,2
76888,4.331108,282.207,3
76890,3.401483,969.585,8
76901,8.388267,26927.79,48
76902,9.985427,1623.663,3
76903,8.002679,25662.218,51
76904,7.100719,26593.614,39
76905,5.766699,12330.133,21
76906,9.061573,1671.506,2
76908,7.333333,2693.324,1
76909,8.212352,3618.172,7
76930,5.388451,5.404,2
76932,9.291533,3716.198,4
76933,4.893178,946.196,13
76935,5.832107,281.319,6
76936,5.793532,2799.459,3
76937,4.89631,118.707,7
76940,4.720788,43.635,7
76941,5.388451,1242.979,2
76943,8.217084,3633,5
76945,6.781498,1723.583,7
76950,5.375809,3820.778,4
76951,6.666667,1141,1
76955,4.990092,70.611,7
76957,4.674337,105.772,4
77002,16.456687,10.736,7
77003,15.457741,5179.349,12
77004,14.110326,18553.662,21
77005,15.026529,20327.223,17
77006,16.043154,4186.91,8
77007,15.97098,7749.16,11
77008,15.900228,15147.59,23
77009,16.094476,28078.961,31
77011,14.893596,11295.097,17
77012,14.071062,11517.895,12
77013,10.493011,14209.091,6
77014,14.166667,101.71,1
77015,10.430669,33983.544,28
77016,10.680911,30626.281,28
77017,12.851222,25805.569,29
77018,13.580149,24360.915,28
77019,15.530429,11865.624,16
77020,13.767732,14583.758,23
77021,14.951157,14115.791,16
77022,13.643356,23338.009,25
77023,14.24442,27224.016,23
77024,13.281521,30943.026,32
77025,13.010979,13780.777,23
77026,12.434478,16001.629,25
77027,15.076499,5814.661,9
77028,11.965191,16859.954,25
77029,13.464518,9035.951,23
77030,13.612418,44.281,3
77031,11.396477,5652.333,16
77032,11.099295,4791.164,10
77033,12.115314,29979.154,24
77034,9.743148,1844.39,22
77035,12.897236,23134.508,40
77036,14.169349,32474.018,16
77037,12.296431,4040.158,15
77038,10.632107,20750.779,20
77039,10.779084,28445.128,17
77040,7.603681,15914.999,16
77041,7.667155,24211.46,15
77042,14.117482,10164.324,10
77043,14.623248,17888.659,10
77044,6.166667,2274,1
77045,11.15177,15426.053,17
77047,7.716773,62.137,6
77048,9.851712,6239,8
77049,6.539503,10345.325,7
77050,4.849141,4769.385,9
77051,12.099903,14061.791,25
77053,9.73726,24691.297,24
77054,13.612418,2760.719,3
77055,14.96015,32038.701,33
77056,14.957717,4545.615,8
77057,15.118041,8321.205,12
77058,8.104632,5938.316,10
77059,7.366197,14614.171,9
77060,10.548962,16290.842,11
77061,11.314335,10902.52,11
77062,9.175085,11188.23,10
77063,15.00758,15241.447,15
77064,8.716229,15874.869,12
77065,8.809704,16142.171,16
77066,10.152264,18015.802,10
77067,9.930164,21258.212,13
77068,9.618558,10611.51,5
77069,11.229817,1530.903,6
77070,9.315355,15684.232,15
77071,11.821773,22551.542,13
77072,12.80632,26081.528,15
77073,9.462559,7609.179,8
77074,13.807763,20651.484,22
77075,8.998418,4162.164,7
77076,13.680641,12697.544,6
77077,13.640702,8571.933,11
77078,9.723127,12883.205,9
77079,13.632934,20099.987,13
77080,13.579253,12520.298,18
77081,14.884818,19751.685,20
77082,11.663553,18203.743,13
77083,9.290304,37458.536,19
77084,7.477863,21647.197,9
77085,9.22575,18637.452,16
77086,10.240279,19189.991,21
77087,13.801343,30863.542,18
77088,9.990932,38753.484,28
77089,11.478655,33621.328,18
77090,8.724766,6377,2
77091,11.665592,14498.181,26
77092,14.115387,16868.841,15
77093,11.605199,38677.293,34
77094,14.119048,1050.882,3
77095,8.257752,13029.556,11
77096,13.035144,14530.69,22
77098,15.824468,954.574,12
77099,11.859538,24393.919,16
77206,14.530071,765.573,2
77207,14.22562,2578.909,3
77217,12.203987,417.7,2
77219,19.012584,460.271,3
77221,12.203901,1020.971,2
77223,13.646825,1007.305,2
77224,15.795461,614.919,2
77226,13.077581,742.668,2
77228,7.112746,1981.349,3
77231,13.203567,1578.33,3
77233,11.666667,1205.293,1
77235,13.203567,717.921,3
77240,8.166667,540.513,1
77241,8.166667,688.202,1
77243,13.177669,1001.308,4
77245,13.667868,2299.9,4
77248,15.334474,296.403,2
77249,15.659909,741.98,4
77259,7.252761,1021.904,2
77261,13.646825,435.718,2
77262,17.5,671.497,1
77266,16.709945,717.469,3
77267,11.151301,2691.469,2
77270,15.337471,839.581,5
77279,15.795461,640.306,2
77280,13.177669,1459.437,4
77287,12.203987,922.234,2
77289,7.252761,704.734,2
77292,14.322502,1636.871,2
77293,11.303853,1588.637,2
77301,7.081246,5370.657,5
77302,3.467383,3307.041,4
77303,8.666667,4508.521,1
77304,9.19287,3679.776,2
77306,3.321238,237.648,2
77316,3.460162,80.87,3
77320,5.067676,22403.003,25
77325,7.424264,1898.98,5
77327,4.511381,15865.227,21
77328,5.076722,6708.053,5
77335,7.35639,1090.623,3
77336,3.95502,5975.646,2
77338,7.948137,6214.478,8
77339,7.955645,30279.173,19
77340,6.28906,20587.548,24
77342,6.870808,3540.1,4
77345,5.76764,7454.137,3
77346,8.582908,15639.888,7
77351,6.072026,23787.226,20
77354,5.006331,5157.891,3
77355,5.006331,25.495,3
77356,3.121313,2707.786,2
77357,4.133826,9386.982,8
77358,4.410366,4181.884,5
77360,5.691704,5076.498,10
77362,5.006331,423.614,3
77363,3.460162,2261.416,3
77365,5.666667,1841.358,1
77371,3.69917,24.906,2
77372,3.995173,1758.073,5
77373,6.435211,18802,7
77375,7.542365,12848.555,7
77376,2.889401,4.006,3
77377,7.844331,11221.204,6
77378,4.410366,23.82,6
77379,9.974022,14232.618,13
77380,10.455459,16096.558,11
77381,7.254669,22813.129,12
77382,8.046827,2081.675,4
77385,8.516233,510.738,3
77386,8.516233,6173.262,3
77387,13,827.88,1
77388,9.102034,20944.828,8
77389,6.013359,17018.561,5
77391,10.947879,1107.844,2
77393,7.248849,1877.758,2
77401,13.384843,16877.519,15
77402,17.515897,1913.524,2
77404,5.598405,2199.362,3
77406,5.110158,13258.94,7
77407,6.692214,446.304,8
77412,4.214946,4.048,2
77414,7.390877,15076.062,19
77417,3.89998,1398.137,3
77418,5.8793,10518.236,10
77419,4.955524,110.125,4
77420,4.288632,2784.147,3
77422,4.345635,14752.327,27
77423,5,1250.853,1
77426,5.507155,250.459,6
77429,7.971307,31855.644,30
77430,4.802639,1867.118,7
77433,7.392705,8373.89,8
77434,8.187479,4416.222,9
77435,5.669549,4961.657,16
77437,6.949624,10268.413,12
77441,4.441697,4115.013,2
77442,4.214946,1934.857,2
77444,4.795815,651.583,7
77445,4.871714,7.204,3
77447,4.6596,7861.186,6
77448,6.391656,5.929,5
77449,8.991604,11573,3
77450,9.605991,23219.612,12
77451,3.89998,2.802,3
77454,6.391656,7.906,5
77455,3.945772,1953.226,10
77458,4.955524,48.944,4
77459,7.770071,22085.434,19
77461,4.045227,4724.73,2
77465,6.599179,11145.388,15
77467,6.333333,1.744,1
77469,6.808874,22136.938,21
77471,8.088449,18696.968,20
77474,5.138217,343.699,10
77475,5.630039,4.323,6
77477,8.966884,22292.39,22
77478,9.894471,16150.389,17
77479,8.397213,37815.927,18
77480,4.080124,7594.041,9
77482,3.666667,592.564,1
77484,4.502356,3434.981,7
77485,4.482911,3491.588,12
77486,5.343112,7738.69,14
77487,9.881758,1842.492,2
77488,6.448092,14693.685,21
77489,9.066737,20526.473,23
77492,10.342279,1507.805,2
77493,6.863585,24073.295,8
77494,9.195783,10375.649,11
77497,7.729955,1586.594,2
77498,7.777407,13647.826,10
77501,11.051747,2006.319,5
77502,9.111592,36694.051,40
77503,7.942669,17840.02,25
77504,9.087958,16080.026,21
77505,8.540194,21321.819,31
77506,9.282722,32845.204,28
77507,4.52414,904.489,11
77508,11.431149,1946.511,2
77510,5.167576,4254.333,11
77511,6.277655,39818.122,40
77512,8.26204,2494.673,3
77514,6.838052,4495.275,6
77515,5.975966,28250.79,29
77516,8.974989,2631.73,4
77517,3.617496,9.454,3
77518,9,659.622,1
77519,2.889401,917.459,3
77520,8.214279,31834.076,30
77521,7.192998,14303.396,21
77522,10.121541,2637.804,4
77523,6.494586,6116.526,10
77530,6.850382,9978.737,8
77531,6.582028,16753.832,30
77532,5.794867,18584.299,13
77533,4.953018,3.321,4
77534,6.25208,2402.081,11
77535,4.664276,24957.572,17
77536,9.425341,23660.788,14
77538,6.53949,607.324,10
77539,7.199724,16228.152,16
77541,5.978236,15578.45,36
77542,7.041425,2272.472,5
77545,3.03132,8289.901,4
77546,7.691262,38044.866,30
77547,6.919803,10064.594,7
77549,8.62546,1781.385,3
77550,9.466112,21557.713,42
77551,9.344091,19832.263,27
77552,9.025615,2278.388,2
77553,13.666667,571.557,1
77554,6.78223,6123.192,17
77560,4.935176,1238.948,3
77562,4.367428,3059.173,6
77563,5.832512,10235.353,15
77564,4.406084,2707.017,12
77565,9,1556.378,1
77566,6.286621,30519.99,29
77568,6.886753,17159.413,23
77571,6.55512,32675.809,27
77572,7.150347,1762.763,3
77573,9.112756,4493.252,6
77575,6.212013,17633.137,27
77577,3.630269,1539.773,5
77578,4.237002,5418.644,10
77580,6.311387,2174.751,3
77581,7.191042,10321.244,9
77583,4.404012,4330.717,6
77584,5.822385,3904.952,2
77585,2.889401,1394.217,3
77586,8.342493,22527,11
77587,10.571176,17568.517,9
77590,7.559511,24259.065,25
77591,6.438532,10104.574,13
77592,8.98391,3504.098,6
77597,4.963685,775.756,9
77598,9.195264,9166.281,7
77611,6.929391,4671.951,5
77612,5.503981,3093.095,7
77616,2.367242,470.083,4
77617,5.112588,137.235,4
77619,7.134726,15781.5,21
77622,4.009326,1451.751,5
77623,5.112588,137.235,4
77624,2.367242,282.421,4
77625,6.23068,3902.351,11
77627,8.958042,15874.642,21
77630,6.771457,22958.716,34
77631,7.167497,1608.414,4
77632,4.315552,23371.594,18
77639,4.407101,838.911,2
77640,7.365493,15428.356,33
77641,8.675567,611.411,3
77642,7.448525,32471.465,46
77650,5.112588,2058.529,4
77651,7.66962,12406.994,14
77655,4.419722,56.572,2
77656,5.671504,16022,15
77657,4.058138,8279.084,7
77659,4.63858,5245.132,6
77660,2.367242,888.141,4
77662,5.255047,10672.687,11
77663,3.013053,1.919,2
77664,3.00269,3242.106,6
77665,6.246955,7329.334,10
77670,6.614391,2100.087,3
77701,8.810116,12622.111,18
77702,9.488102,2772.684,5
77703,7.112344,13710.419,22
77704,11.488822,1165.008,2
77705,6.219109,24908.927,47
77706,7.424579,17137.368,24
77707,7.198881,17036.162,19
77708,7.074519,12275.869,17
77713,6.599637,6356.468,5
77720,6.45354,1839.444,2
77725,8.893884,1000.715,4
77801,10.027621,2469.332,2
77802,9.302096,4899.526,8
77803,8.618154,7060.911,14
77806,8.114373,2332.231,4
77807,3.652494,759.451,3
77808,2.628448,2002.573,4
77830,3.435523,255.962,2
77831,3.429516,2504.754,4
77833,9.123065,14944.965,16
77834,7.157976,1382.96,3
77835,4.683581,69.233,5
77836,6.542822,7556.183,9
77837,3.944773,1837.407,7
77840,7.90628,28596.275,25
77842,9.587504,2533.84,2
77845,7.145099,34057.134,23
77853,3.039035,1115.246,3
77856,5.218266,5061.948,9
77857,3.042106,845.777,3
77859,3.100406,1512.094,4
77861,3.273691,14.631,4
77864,6.945912,6882.645,8
77865,5.486872,29.873,3
77868,5.281727,10088.333,11
77871,3.251913,847.723,4
77872,3.248557,1811.42,4
77873,3.32932,882.29,4
77879,4.688285,1356.889,2
77901,8.280216,41588.681,42
77902,11.225515,1534.177,2
77903,9.285812,2897.538,4
77904,7.384836,19204.81,24
77905,4.313062,9326.59,19
77950,6.885364,14.817,4
77951,4.300123,73.675,4
77954,6.61567,6405.85,15
77957,6.258614,9012.718,7
77960,4.489926,2.329,3
77961,5.274688,3.533,4
77962,5.295555,2664.449,11
77963,4.36969,5941.33,6
77964,5.694847,8216.617,15
77967,6.457322,38.745,3
77968,3.712538,1943.616,8
77969,6.429327,63.929,4
77970,5.274688,3.533,4
77971,5.264556,493.706,6
77974,4.47986,213.12,3
77975,5.080497,1458.091,6
77976,5.242348,2.166,3
77977,3.537439,21.838,2
77978,4.46232,12.315,2
77979,8.814582,11183.35,15
77984,7.315303,4128.025,20
77986,3.904188,75.719,3
77988,4.592003,2.33,3
77990,6.936987,711.573,8
77991,6.429327,12.294,4
77994,4.874236,37.303,5
77995,5.959967,10064.78,22
78002,5.086745,4995.309,6
78003,6.93281,4098.825,7
78005,4.981712,114.381,2
78006,7.512249,21110.836,17
78007,5.833333,294.759,1
78008,7.333786,35.955,4
78009,5.272161,5427.389,10
78010,3.684601,2764.391,8
78011,4.981712,1533.421,2
78012,6.850795,27.26,2
78013,3.887574,1265.355,9
78015,6.578718,8947.753,6
78016,4.380593,3099.905,13
78019,4,9.952,1
78022,6.817696,4566.711,10
78023,6.7093,21514.252,11
78024,5.193653,695.044,6
78025,5.185686,726.052,3
78026,4.994892,936.694,3
78028,6.381894,19417.731,20
78039,5.275334,905.124,7
78040,9.577421,39977.392,54
78041,9.318796,42952.949,57
78042,10.734224,2004.482,3
78043,8.225396,35602.166,32
78044,10.473454,2513.942,3
78045,6.885004,42839.112,21
78046,6.126993,41289.463,25
78050,2,27.935,1
78052,4.698254,1315.36,17
78054,3.5,2.679,1
78055,4.997246,1788.311,5
78057,6.681409,69.228,4
78058,4.32749,134.209,6
78059,4.747779,5742.527,9
78060,7.333786,161.797,4
78061,4.333333,17.944,1
78062,6.811342,2.027,4
78063,5.732644,2622.133,7
78064,2.815003,219.37,5
78065,6.110422,4270.551,3
78069,5.429327,1693.063,6
78070,5.991488,8747.226,9
78071,7.304282,3770.776,6
78072,5.833333,352.745,1
78073,5.426886,7696.58,12
78075,7.333786,386.515,4
78101,4.59418,2893.453,10
78102,6.42595,14422.587,19
78104,9.862199,1394.674,2
78107,4.25049,8.326,3
78108,5.534733,12481.234,13
78109,9.371472,43019.182,40
78111,5.064741,44.106,2
78112,4.205744,8249.296,12
78113,4.856659,2576.625,8
78114,5.044794,19371.08,17
78115,10.531893,247.685,7
78116,5.064741,372.697,2
78117,5.417404,712.918,6
78118,6.708692,4303.862,7
78119,5.716857,1645.525,14
78121,4.046822,13591.385,12
78122,5.843449,336.174,6
78123,5.29031,2260.81,4
78124,4.1726,3543.588,8
78125,5.565834,17.98,2
78130,7.964282,37558.137,30
78131,11.33572,1588.789,4
78132,5.884325,13602.884,20
78133,5.397011,7882.117,11
78140,5.821087,3859.298,8
78141,6.142705,706.653,7
78142,5.565834,17.98,2
78146,5.565834,35.959,2
78147,4.567715,1755.604,3
78148,8.185348,21933.864,18
78150,8.988609,376.685,6
78151,6.328156,1171.563,6
78152,4.039525,3137.713,7
78154,7.442134,36981.589,30
78155,7.012426,28981.697,26
78156,10.531893,2615.905,5
78159,3.68349,558.58,2
78160,5.049037,4625.763,10
78161,2.826248,435.713,2
78162,5.565834,17.98,2
78163,6.724661,3945.44,9
78164,5.345741,3280.536,12
78201,14.359846,45008.115,69
78202,14.539773,11645.463,16
78203,13.890237,6313.359,27
78204,13.741876,12317.577,25
78205,18.444148,1073.908,16
78206,18.507415,1.251,6
78207,14.908652,53647.28,63
78208,15.702166,4743.978,6
78209,14.520129,21800.73,33
78210,13.195269,36844.433,59
78211,12.355725,32459.162,45
78212,14.936491,27459.757,54
78213,13.318802,42801.982,53
78214,13.21722,24657.367,34
78215,16.245846,1880.537,17
78216,12.39793,40947.229,65
78217,10.881879,33094.008,40
78218,11.814169,28381.092,31
78219,9.868773,16119.913,36
78220,12.332101,18564.091,30
78221,11.373242,40163.023,67
78222,10.986236,24515.676,20
78223,10.556608,55531.917,57
78224,11.054914,20444.219,32
78225,12.39063,13899.309,20
78226,10.809513,7744.975,17
78227,11.558844,46623.52,37
78228,12.558373,63998.339,77
78229,12.620637,32447.306,40
78230,13.197937,43985.727,53
78231,11.484244,10262.245,15
78232,10.939834,28224.37,26
78233,8.180675,48361.891,41
78234,12.666667,5271.977,1
78235,13.052127,1915.949,2
78236,12.294507,7454.049,7
78237,12.588648,39682.921,46
78238,13.206762,24084.585,40
78239,10.319207,27310.149,27
78240,11.759967,58000.733,47
78242,10.69785,34566.227,20
78244,9.72843,26542.364,19
78245,8.458456,62411.747,35
78247,7.262745,53340.918,55
78248,11.441104,13847.463,11
78249,11.216804,57161.19,43
78250,9.796652,58685.439,51
78251,10.691041,48395.68,46
78252,5.689963,15605.607,14
78253,6.673515,32902.691,13
78254,8.607343,51792.472,27
78255,7.465154,15631.816,15
78256,9.232018,11254.471,6
78257,8.565987,6902.664,13
78258,8.872285,34320.556,26
78259,6.916663,23013.454,10
78260,6.292265,27881.864,17
78261,6.443673,6780.934,4
78263,3.972865,3334.232,6
78264,3.488221,11944.937,12
78265,12.68265,1224.62,4
78266,5.580988,6080.84,10
78268,13.287348,2186.037,4
78269,15.21838,1761.975,2
78270,11.697768,2090.446,3
78278,9.298386,1670.149,3
78280,12.326549,593.366,7
78283,16.393249,646.794,2
78288,10.221357,4.967,2
78291,18.507415,110.071,3
78292,18.507415,101.941,3
78293,18.507415,108.195,3
78294,18.507415,111.947,3
78295,18.507415,90.683,3
78296,18.507415,92.56,3
78297,18.507415,92.56,3
78298,18.507415,87.556,3
78299,18.507415,83.804,3
78330,5.719117,81.05,2
78332,8.141699,14713.242,19
78335,7.650764,1675.462,3
78336,8.373852,7867.365,14
78340,6.885364,151.133,4
78341,4.004807,1339.371,3
78343,5.550866,4873.023,10
78344,3.522987,356.594,3
78349,4.004807,1265.78,3
78350,5.875475,1.995,2
78352,3.901252,2.093,3
78353,4.245267,519.569,2
78355,6.483987,7157.128,11
78357,5.547967,2819.23,7
78359,8.561114,934.533,4
78360,5.584117,3.396,2
78361,5.387353,5278.604,4
78362,5.698736,9670.537,8
78363,9.12089,4471,7
78368,5.076193,9462.036,14
78369,3.666667,71.794,1
78370,5.038116,4967.889,9
78371,3.521362,253.153,2
78372,5.875475,11.969,2
78374,8.902728,17715.893,13
78375,6.866563,2708.303,4
78376,4.004807,681.951,3
78377,8.868697,3728.879,8
78380,6.078721,6014.002,12
78382,9.254016,6018,5
78383,2.960691,1908.168,4
78384,6.83697,4885.426,10
78387,6.363937,10093.832,13
78389,3.943408,2197.673,6
78390,7.175161,6461.408,14
78391,3.5,108.39,1
78393,6.888468,2629.598,8
78401,16.620483,2009.81,11
78402,5.950995,1369.059,2
78403,17.431605,1583.535,3
78404,14.336005,10942.951,26
78405,13.709828,16443.001,28
78406,5.860163,1098.341,7
78407,12.210617,2483.898,9
78408,11.30716,5669.85,11
78409,7.620687,2882.517,9
78410,8.916841,26652.987,20
78411,13.627723,24702.402,49
78412,12.534487,26674.074,28
78413,11.843977,38332.3,35
78414,8.529699,40896.833,27
78415,12.801861,33010.264,51
78416,14.28433,6461.145,18
78417,9.539095,4595.387,9
78418,8.63041,14731.355,11
78427,11.683578,1273.651,2
78463,14.846405,1623.272,4
78465,14.852339,1555.991,4
78466,15.146521,1810.334,5
78467,14.093796,2237.215,5
78468,11.406758,1681.106,5
78480,10.975283,1647.645,3
78501,9.914569,15424.342,21
78504,10.671731,4474.132,3
78505,12.432837,1536.284,3
78516,7.876246,9542.549,9
78520,7.981822,36211.635,39
78521,6.791973,76901.397,62
78522,8.935282,1043.935,2
78523,10.666667,1365.115,1
78526,6.99668,12611.264,15
78535,3.166667,1831.928,1
78536,3.333333,279.967,1
78537,7.031829,12697.201,14
78538,5.835092,15557.935,8
78539,8.284927,7280.192,8
78541,2.833333,434.851,1
78542,5.770713,3848.221,8
78543,9.284225,163.949,2
78550,8.328836,26580.928,27
78551,9.610577,999.154,2
78552,4.914661,10678.902,13
78559,4.501741,1923.957,5
78561,3.520408,2.464,2
78562,4.716389,12.521,3
78563,2.844081,132.906,2
78566,6.974236,6126.907,5
78569,3.631423,6041.214,21
78570,5.575344,21318.097,19
78572,7.468774,15310.651,10
78573,5.129835,7430.445,3
78574,4.583654,10131.555,8
78575,6.51613,4338.65,2
78576,3.965209,89.591,2
78577,9.835857,13932,11
78578,7.189015,8701.897,6
78580,6.939117,15050.036,13
78582,4.701509,30423.125,23
78584,6.362979,19755.218,14
78586,7.756965,7371.975,11
78588,3.333333,171.408,1
78589,8.232976,10038.114,8
78591,3.333333,311.391,1
78593,3.890496,3885.47,2
78595,2.697408,60.034,2
78596,8.15746,9315.424,20
78597,8.166667,2420.196,1
78598,3.520408,744.128,2
78599,6.751165,17597.745,19
78605,4.559535,195.557,2
78606,4.260282,118.091,2
78607,2.916999,253.826,3
78609,5.118387,1652.719,5
78610,5.109241,2054.807,6
78611,4.631257,2522.482,6
78613,7.489255,13832.581,12
78614,4.371367,698.793,5
78615,3.241944,583.994,9
78616,3.873803,2639.13,5
78617,8.411885,4784.489,5
78618,4.130682,255.353,3
78619,7.497909,1699.547,4
78620,6.937449,8075.18,6
78621,3.422605,1821.898,7
78623,4.260282,930.119,2
78624,5.019051,8741.651,11
78626,7.410182,9606.351,22
78627,9.552504,2120.791,4
78628,6.960488,24840.41,25
78629,6.83325,12827.414,16
78631,4.152097,2235.392,5
78632,3.567238,1175.377,7
78633,5.608444,10751.098,13
78634,3.171764,16.829,2
78635,3.481996,1.844,2
78636,5.810311,1.134,2
78638,3.520637,1768.504,2
78639,5.039242,596.239,9
78640,6.683881,12893.529,7
78641,7.236365,14711.236,16
78643,6.525487,6482.64,8
78644,6.651251,15493.978,13
78648,3.595227,1328.54,7
78650,3.935374,218.133,3
78652,7.54723,1981.048,2
78654,5.047052,3369.674,2
78655,3.643816,801.771,4
78656,3.958246,70.164,2
78659,3.278053,319.165,6
78662,3.958246,298.196,2
78664,11.21404,23391.031,16
78665,6.225394,8736.329,6
78666,7.15833,27587.688,22
78667,10.133545,1282.265,2
78670,3.520637,2.178,2
78671,3.481996,459.262,2
78672,2.916999,1218.034,3
78674,4.772442,8.762,2
78675,3.481996,295.108,2
78676,5.908788,617.625,7
78677,3.68349,82.291,2
78680,8.228731,2458.176,3
78681,8.644901,17653.515,17
78701,16.179529,1765.495,18
78702,16.178248,24280.364,29
78703,14.568018,21296.313,28
78704,14.320791,20143.185,24
78705,16.609413,13435.814,17
78711,16.333333,598.975,1
78713,18.707264,5324.888,2
78716,11.335948,1869.225,3
78717,7.511457,20229.04,15
78719,4.166667,1637.308,2
78720,9.729433,2219.138,4
78721,13.43607,12008.388,10
78722,15.000522,5873.216,9
78723,13.024795,28753.619,25
78724,6.82254,5250,3
78725,14.247656,393.324,3
78727,8.586172,23.986,4
78729,10.214868,25221.929,14
78731,14.011198,7178.939,5
78733,8.468463,2005.49,4
78735,7.996448,8230.581,4
78736,7.116364,73.605,2
78737,7.120273,1978.771,4
78738,8.69212,472.708,4
78741,12.055379,29703.825,25
78742,6.676517,1113.032,3
78744,10.770296,28502.329,17
78745,12.887824,27554.44,20
78746,8.816948,27009.823,22
78747,5.601269,935.492,6
78748,10.19582,10625.811,8
78750,11.530566,12329.471,13
78751,15.465515,14427.843,21
78752,15.651345,4330.579,12
78756,15.840613,7216.837,18
78757,14.071663,12441.174,15
78759,10.294089,4934.222,12
78762,17.583573,378.374,4
78763,14.082708,1680.595,5
78765,17.167455,2329.875,5
78766,11.756099,2030.39,4
78801,9.182636,13735.505,15
78802,8.702126,2401.26,3
78827,5.646957,535.674,2
78828,6.575136,484.712,5
78829,4.338199,1227,3
78830,5.646957,889.602,2
78832,5.289206,3664.191,3
78833,6.208702,844.445,5
78834,5.646957,28.697,4
78836,5.646957,660.027,2
78838,6.170464,960.698,3
78839,7.15435,9239.056,8
78840,8.01562,19638.246,18
78842,8.32685,1563.945,3
78850,4.666667,609.963,1
78851,4.666667,668.05,1
78852,7.884705,18702.983,16
78853,8.777335,3714.017,4
78861,6.141532,7121.981,12
78870,6.170464,22.342,3
78872,4.666667,1647,1
78873,6.177584,1457.214,3
78877,5.289206,10.809,3
78879,6.177584,547.153,3
78880,7.551831,1835.62,5
78881,6.170464,1798.516,3
78883,5.068009,324.517,4
78884,5.485701,585.36,6
78885,4.996226,152.677,2
78886,6.283452,538.432,5
78931,4.642018,165.551,6
78932,5.582914,407.865,2
78933,5.601291,1080.075,11
78934,6.274882,6504.9,20
78935,6.994154,1042.988,14
78938,5.672553,278.6,2
78940,5.517769,2255.261,14
78941,5.840737,2640.9,8
78942,6.197746,8815.388,15
78943,7.129006,351.859,4
78944,4.644512,383.176,3
78945,3.919534,4641.358,16
78946,3.968501,950.69,8
78947,3.870497,4534.688,9
78948,3.078595,824.211,6
78949,5.756278,782.18,6
78950,4.951591,2307.704,9
78951,5.630039,69.176,4
78953,3.528615,211.53,4
78954,5.511992,1147.695,7
78956,5.377805,1432.294,16
78957,7.98455,4844.13,13
78959,4.061195,1314.464,10
78962,5.656989,5041.003,8
78963,3.911482,997.298,3
79001,6.096121,404.006,5
79002,5.238897,44.216,4
79003,7.372379,2.912,2
79005,4.789002,1759.506,3
79007,6.479279,13819.966,18
79008,9.166667,567.419,1
79009,5.992458,1907.674,9
79010,6.228389,30.29,2
79011,7.190972,204.984,6
79012,4.690832,1.876,3
79014,6.952274,4075.777,7
79015,5.824467,9911.834,12
79018,6.442749,102.131,4
79019,5.467588,1750.333,6
79022,7.414703,12445.476,12
79024,4.833333,407.303,1
79027,6.621264,5366.625,9
79029,10.519401,5187.986,12
79031,4.457096,1112.003,6
79032,4.524058,3.834,3
79033,3.972812,30.902,2
79034,5.481615,1045.636,2
79035,7.409791,5291.208,14
79036,6.628474,713.953,3
79039,5.114848,1118.647,13
79040,7.274452,2263.342,7
79041,5.527822,3031.685,11
79042,3.726212,663.336,10
79043,4.709145,764.819,7
79044,6.442749,95.322,4
79045,6.891399,19224.087,22
79046,5.5,158.1,1
79051,3.03888,47.723,2
79052,4.132254,1185.959,4
79056,5.5,71.3,1
79057,5.491934,861.187,13
79058,4.690832,28.14,3
79059,5.612934,860.469,5
79061,7.320569,622.524,10
79062,5.511059,54.024,6
79063,3.960063,581.947,4
79064,6.049682,2099.198,7
79065,7.401493,20540.215,27
79066,7.713271,1130.068,2
79068,6.563207,3113.718,9
79070,7.690884,10181.696,11
79072,7.15495,25300.684,27
79073,6.309899,1662.167,4
79079,6.892618,2805.581,9
79080,5.0787,982.782,3
79081,8.250028,3886.669,11
79082,5.094115,492.518,4
79083,5.38719,1914.917,8
79084,7.922088,1525.877,4
79085,2.993242,102.584,2
79086,5.361374,2535.515,4
79087,3.03888,298.895,2
79088,6.800729,6124.554,11
79091,3.2846,1.711,3
79092,6.130404,1636.076,5
79093,3.972812,14.421,2
79094,5.019165,52.233,8
79095,6.636167,2614.73,6
79096,7.372379,1948.049,2
79097,5.088381,325.18,7
79098,5.311986,367.32,11
79101,15.42601,1161.357,10
79102,14.317394,7438.601,20
79103,11.801398,9147.202,16
79104,13.197372,7693.007,18
79105,16.433558,1462.333,3
79106,12.76713,24730.167,40
79107,11.876731,32636.678,34
79108,5.073842,12853.872,33
79109,12.418084,39346.593,62
79110,11.49358,18350.792,31
79111,4.063278,5101.85,3
79114,11.543707,2438.74,5
79116,11.457069,693.014,2
79117,15.16845,1570.265,3
79118,6.017139,19255.192,28
79119,10.940722,5091.876,16
79120,15.934103,1461.824,2
79121,12.568246,5795.315,10
79124,6.09129,10301.621,17
79159,10.649417,1621.871,3
79201,7.210666,7545.633,15
79220,5.352888,157.989,3
79221,5.468746,6.228,3
79225,7.572607,666.893,7
79226,6.36798,3173.919,11
79227,6.230596,1562.77,3
79229,5.352888,78.994,3
79230,6.396102,189.513,6
79234,7.239043,399.261,2
79235,6.032066,3632.653,13
79236,4.166667,14.71,1
79237,4.910165,307.277,2
79239,6.89075,206.561,3
79240,4.910165,91.866,2
79241,5.485592,2263.702,10
79243,5.491228,74.262,6
79244,7.239043,306.41,2
79245,6.866955,2496.481,9
79247,4.855986,72.956,7
79248,7.580691,1471.386,5
79250,4.733616,1174.304,5
79251,6.509558,81.044,6
79252,7.974957,3443.322,8
79255,5.15933,457.233,6
79256,7.152274,316.319,5
79257,4.833333,1072.521,1
79258,5.468746,6.228,3
79259,5.601859,83.419,5
79261,6.872187,289.923,4
79311,7.305966,2905.698,9
79312,4.995551,1028.218,7
79313,4.289936,1497.873,13
79314,5.897727,2.484,3
79316,7.110347,11496.723,14
79322,8.216577,1795.443,5
79323,6.656939,7292.855,11
79325,5.990283,2164.066,5
79326,6.125555,114.323,2
79329,6.15793,2833.39,4
79331,7.757612,12594.722,17
79336,6.744435,18577.435,21
79339,7.580425,7041.268,15
79342,7.395643,446.328,5
79343,5.254937,1685.581,5
79345,4.066026,929,4
79346,5.897727,2876.674,3
79347,5.432203,929.004,15
79351,3.403888,1049.597,5
79353,5.045527,33.982,4
79355,6.496406,1409.571,9
79356,4.873608,223.78,5
79357,7.221762,2165.244,3
79358,4.405905,1362.989,2
79359,7.165336,2592.541,13
79360,10.065169,6864.5,10
79363,4.579214,5392.75,9
79364,5.44103,1544.223,6
79366,5.419229,959.305,2
79367,5.045527,13.07,4
79370,5.717488,2169.631,6
79371,4.681249,1336.221,2
79372,4.666667,459.246,1
79373,6.408821,3365.018,7
79376,6.246756,503.861,4
79377,3.653,22.237,2
79381,6.168801,1382.269,4
79382,7.117943,3157.774,4
79401,10.012542,7458.283,14
79403,6.913288,7457.955,21
79404,6.165707,5939.077,12
79407,6.634888,4392.64,24
79408,11.333333,837.001,1
79410,8.561119,9984.341,17
79411,9.809385,2474,3
79412,7.62916,3075,2
79413,9.244837,5725.563,8
79414,9.012099,7324.862,5
79415,7.496159,8413.926,15
79416,7.968885,8854.361,10
79423,9.470447,24361.147,19
79424,10.249431,9149.669,14
79453,10.098755,1046.487,4
79464,10.975545,867.331,4
79501,6.341115,3004.201,7
79502,6.054152,1087.624,2
79503,5.070907,198.263,12
79504,6.47562,3424.054,16
79505,5.465194,148.98,2
79506,5.019142,1222.031,6
79510,5.090115,7522.927,10
79511,5.216347,730.678,6
79512,6.024136,8024.707,8
79517,4.410603,290.053,2
79518,6.166667,126.52,1
79519,3.55775,70.261,4
79520,9.133332,2192.922,9
79521,8.819313,3745.874,10
79525,4.137701,2275.728,6
79526,6.98447,1187.967,13
79527,4.510198,376.72,7
79528,6.154395,227.214,3
79529,5.471449,1352.89,4
79530,4.023718,9.347,2
79532,3.952967,572.191,16
79533,4.943057,275.135,18
79534,5.575779,181.802,5
79535,5.206865,256.176,4
79536,4.150377,583.078,10
79537,5.206865,119.549,4
79538,3.619244,99.989,4
79539,4.364309,199.577,2
79540,6.054152,201.004,2
79541,4.069816,33.796,4
79543,3.234327,1103.712,5
79544,4.364309,531.481,2
79545,5.18234,1460.602,15
79546,7.076395,1871.04,10
79547,4.37442,817.508,6
79548,4.364309,203.915,2
79549,7.292637,15983.839,15
79553,5.080232,3185.179,12
79556,7.714296,13073.2,19
79560,3.873258,108.683,4
79561,4.109451,229.255,8
79562,5.393248,20.895,4
79563,6.999144,1317.651,2
79565,3.555001,44.305,2
79566,4.023718,76.333,2
79567,6.2427,3487.182,10
79601,6.170466,26624.465,49
79602,7.886447,23657.516,41
79603,7.323643,22825.595,32
79604,13,758.459,1
79605,9.119998,28760.285,43
79606,6.471707,16392.456,19
79607,4.514793,3224.561,10
79608,11.383117,1912.069,3
79701,10.242609,27257.361,44
79702,11.947695,2626.5,2
79703,8.521633,23159.773,25
79704,10.071038,1362.545,3
79705,8.651882,30546.756,44
79706,6.852896,574.51,4
79707,8.586088,19430.48,21
79708,9.859545,1631.253,3
79710,10.486947,1840.521,4
79712,10.486947,714.509,4
79713,3.708428,371.359,6
79714,8.38795,17818,11
79719,5.993309,2.956,3
79720,6.961155,36223.312,33
79730,5.875341,52.333,3
79731,8.657161,4727.311,5
79733,3.833333,2.072,2
79734,4.799836,2222.405,2
79735,7.106943,14827.782,15
79738,5.166667,17.124,1
79739,5.033385,1182.73,6
79740,4.162338,70.318,3
79741,4.046265,12.838,4
79743,5.875341,104.667,3
79744,5.875341,680.333,3
79745,8.000713,7735.876,9
79748,3.781873,178.896,3
79749,3.666667,447.409,1
79752,8.522906,2452,2
79755,6.5,414.582,1
79756,8.494391,11577.132,10
79759,3.79562,18.193,2
79760,9.614918,2484.513,3
79761,8.341681,33423.447,34
79762,7.698649,38886.549,63
79763,7.316146,27502.267,26
79764,7.257775,10725.348,20
79765,6.131829,7387.419,9
79766,3.964508,3298.163,18
79768,7.826285,1980.953,4
79772,9.634194,9680,9
79777,5.993309,5.912,3
79778,6.5,767.418,1
79781,5.875341,104.667,3
79782,6.556154,4852.024,4
79783,3.666667,139.288,1
79789,7.949306,66.124,2
79821,7.796991,5418.022,7
79830,8.072364,8765.442,9
79835,5.471994,3727.548,7
79836,6.440996,8024.902,13
79838,7.358466,1569.953,10
79839,4.396047,1951.429,3
79842,5.242006,23.268,4
79843,9.265958,2493.581,6
79845,7.357853,4629.419,3
79847,5.000631,812.39,7
79848,4.666667,150.85,1
79849,4.137542,5691.703,6
79851,4.396047,72.275,3
79852,5.242006,427.29,4
79853,5.612815,5543,7
79854,4.799836,11.595,2
79855,5.860553,1905.625,4
79901,15.483696,10067.366,23
79902,13.937807,20332.771,34
79903,13.789418,14770.582,32
79904,11.854585,29311.925,24
79905,13.51846,19345.257,34
79906,9.342177,8180.8,8
79907,12.500085,37809.219,29
79908,6.144216,4652.899,2
79911,5.70092,5052.797,7
79912,10.992064,55060.62,33
79913,12.305426,2989.053,2
79914,14.092069,1458.832,3
79915,12.430339,34450.757,44
79916,10.409989,6.02,5
79922,8.857593,7246.779,9
79923,15.305058,1159.558,5
79924,11.864948,50491.461,54
79925,13.248145,38645.931,53
79926,13.094631,1364.079,5
79927,7.214886,23639.247,19
79928,3.603592,12256.788,14
79929,10.431485,1953.195,3
79930,14.221327,17228.43,35
79931,13.791629,1077.745,5
79932,9.048381,7767.707,10
79934,10.176465,18077.706,10
79935,13.360498,15563.276,16
79936,12.163383,93008.599,69
79937,13.281553,1846.555,3
79938,8.906092,10786.924,11
79940,17.416728,13.241,2
79941,17.416728,25.158,2
79942,17.416728,33.544,2
79943,17.416728,94.453,2
79944,17.416728,74.591,2
79945,17.416728,57.819,2
79946,17.416728,57.378,2
79947,17.416728,77.681,2
79948,17.416728,93.57,2
79949,17.416728,52.523,2
79950,17.416728,54.288,2
79951,17.416728,94.894,2
79952,17.416728,90.48,2
79953,17.416728,105.928,2
79954,17.416728,52.523,2
79955,17.416728,104.604,2
79995,13.266545,1723.635,4
79996,13.344348,2916.639,3
79997,15.806639,1971.324,2
80001,13.399407,1678.247,4
80002,14.03299,17359.373,39
80003,13.037507,36449.099,53
80004,12.944216,36007.724,36
80005,10.447339,22425.284,34
80006,13.344938,1984.966,3
80007,7.124325,10195.194,13
80010,13.253458,40315.511,41
80011,12.616029,39147.049,49
80012,13.778194,43641.141,47
80013,12.963406,66158.76,55
80014,12.987029,39121.571,45
80015,12.713438,57637.562,53
80016,9.36285,43164.82,21
80017,12.773605,32773.014,27
80020,11.151324,43135.324,51
80021,11.331374,25594.311,21
80022,12.620014,38353.759,29
80023,8.802234,15755.759,21
80024,10.117634,375.34,3
80025,12.277916,321.839,4
80026,13.508916,19585.42,23
80027,13.062337,28668.981,24
80030,13.10122,14647.854,24
80031,12.895612,36378.354,34
80033,14.568516,25486.491,42
80034,17.225046,1408.245,3
80035,12.920727,1580.168,2
80036,16.049191,1306.984,2
80037,14.819794,1962.393,3
80038,12.79577,1418.854,2
80040,14.727339,1795.673,2
80041,12.379177,1481.146,4
80042,14.518058,1901.766,3
80044,13.567753,1052.597,4
80045,12.843371,1223.066,4
80046,13.656273,2186.309,3
80047,13.647662,3267.82,3
80101,4.000731,420.718,4
80102,5.496054,5942.122,17
80103,4.862334,2080.679,6
80104,6.700467,31249.24,18
80105,4.301265,1792.577,10
80106,4.504514,1101.103,9
80107,5.100289,13645.109,11
80108,7.608873,13577.883,13
80109,7.402916,7711.926,6
80110,13.192036,19172.546,33
80111,10.61729,20026.245,24
80112,10.693221,24174.211,26
80113,12.725626,22359.655,35
80116,5.043606,5514.419,17
80117,5.282002,2875.308,11
80118,4.51605,3002.605,4
80120,12.948751,30463.595,26
80121,10.746893,16504.247,28
80122,12.954841,32797.643,41
80123,11.152455,39099.118,71
80124,10.548172,21233.751,13
80125,7.021103,7571.434,10
80126,10.312618,40932.64,26
80127,9.365083,44743.188,50
80128,8.253641,35452.606,35
80129,11.459953,28938.346,18
80130,12.688082,13925.762,13
80131,7,1.523,1
80134,8.462873,51136.051,37
80135,6.227421,2121.477,7
80136,4.81149,5351.03,6
80137,5.607391,1065.705,5
80138,6.937763,24339.773,20
80150,14.909457,991.85,3
80151,14.79951,920.406,4
80155,12.883055,1294.921,4
80160,18.333333,693.031,1
80161,11.787012,1749.704,4
80162,9.802969,1491.451,3
80202,17.634559,1322.1,7
80203,15.62772,6457.318,13
80204,14.751276,21365.011,32
80205,14.789686,21932.359,26
80206,14.853875,19819.11,28
80207,13.762263,22816.07,35
80209,15.291191,18390.759,18
80210,14.75219,30096.559,37
80211,16.283606,23771.505,35
80212,15.043697,20039.601,42
80214,14.451485,17060.056,39
80215,13.653225,16117.699,24
80216,12.997138,5760.632,21
80218,15.72439,7079.817,15
80219,13.628543,67962.955,66
80220,14.619874,24249.693,51
80221,13.295323,40449.206,39
80222,14.863613,18217.155,37
80223,13.30056,17330.715,26
80224,15.489898,9121.604,17
80226,13.189041,27179.202,43
80227,11.347817,35141.219,43
80228,9.386999,34420.913,41
80229,12.322295,44273.951,25
80230,14.050981,1346.625,11
80231,14.249209,19154.258,29
80232,12.639816,23759.57,41
80233,11.846863,49711.296,39
80234,11.25298,28526.31,34
80235,10.488179,8944.201,15
80236,12.603879,18633.311,25
80237,14.86012,13713.051,10
80238,12.441253,453.101,14
80239,12.739716,45135.639,30
80241,11.626789,25796.816,21
80246,15.505762,15151.679,34
80247,14.651501,18979.882,17
80249,13.940979,29651.98,10
80250,15.405606,1282.092,2
80260,14.052618,34232.526,37
80301,11.653824,18561.467,17
80302,14.880761,20441.916,39
80303,13.114986,21084.827,23
80304,14.51896,16543.757,20
80305,12.749369,16940.485,16
80306,17.877437,2301.828,3
80307,14.294585,738.695,3
80310,16.401694,170.226,5
80401,9.226796,26239.331,40
80403,9.277344,6139.841,10
80420,7.219867,896.613,2
80421,4.140954,3684.522,6
80423,5.350716,176.351,5
80425,4.687209,186.887,4
80426,5.166667,72.818,1
80427,13.333333,1.925,1
80428,4.301237,363.713,2
80430,6.600836,243.68,4
80432,4.642361,296.732,2
80433,5.562417,9007.195,19
80434,6.612654,61.975,2
80436,6.479343,624.017,2
80437,7.389458,1881.042,3
80438,6.479343,703.573,2
80439,7.080819,18679.874,27
80440,6.858126,2629.976,4
80444,6.479343,827.879,2
80448,4.212398,115.912,4
80449,4.263234,851.022,5
80452,12.769797,1814.243,3
80453,6.275895,311.906,6
80454,5.96557,849.587,3
80455,4.640779,19.475,2
80456,4.642361,678.864,4
80457,6.708306,526.792,10
80459,7.058471,2425.5,2
80461,4.101242,1573.806,2
80463,4.971104,157.344,3
80465,6.959499,16515.218,37
80467,4.325931,2717.276,4
80468,7.058471,274.4,2
80469,4.681788,281.763,4
80470,5.50074,2838.275,7
80473,6.612654,109.367,2
80475,4.13661,183.007,2
80476,6.479343,293.363,2
80477,7.647653,2240.411,6
80479,3.798788,46.721,2
80480,6.612654,882.228,2
80481,4.640779,70.11,2
80483,3.798788,456.824,2
80487,7.600127,11240.616,14
80498,7.04658,476.12,4
80501,14.023707,42162.146,48
80502,14.400596,1726.349,5
80503,10.769266,23127.826,23
80504,9.624149,49062.122,50
80510,4.640779,345.681,2
80512,7.607077,1029.653,2
80513,10.276849,6208.215,8
80514,7.880249,5448.092,10
80515,10.344834,85.904,3
80516,8.45089,16029.227,21
80517,10.221194,3543.096,4
80520,8.5,1200.937,1
80521,12.985947,37021.146,30
80522,17.264932,929.601,2
80524,10.088233,29307.495,37
80525,12.581728,47646.321,44
80526,11.846618,42534.467,37
80527,12.93448,1933.008,3
80528,10.230897,16817.197,7
80530,8.52072,4888.605,6
80533,7.000974,753.858,3
80534,6.026031,133.802,5
80535,5.243694,2808.559,5
80536,3.617457,986.168,3
80537,8.041946,30017.193,31
80538,10.596076,25931.654,25
80539,9.446662,2629.404,5
80540,6.66208,2346.428,5
80543,6.024652,6004.482,7
80544,9.232103,1515.046,3
80545,4.307229,968.102,2
80546,5.168402,147.292,3
80549,3.060268,1259.614,3
80550,7.430118,24381.028,20
80601,13.111097,17926.823,11
80602,10.688657,26106.308,27
80603,8.173276,1329.597,15
80610,5.867338,3660.778,7
80611,4.194319,733.128,2
80612,3.929013,630.069,3
80615,6.383861,7758.946,17
80620,7.760981,20055.166,20
80621,5.523087,7300.963,13
80622,4.194319,221.92,2
80623,5.345843,948.215,4
80624,5.286754,919.252,5
80631,7.709686,52298.45,73
80632,11.631362,1648.896,2
80633,10.184037,1143.014,2
80634,8.621092,59327.857,57
80640,9.621334,5500.642,9
80642,5.920227,2623.872,7
80643,5.850654,4109.149,7
80644,5.63512,3071.869,10
80645,5.400592,4445.098,14
80646,6.718808,70.179,4
80648,4.194319,1218.577,2
80649,4.170267,372.255,11
80650,5.629047,1597.447,7
80651,6.679221,3891.231,11
80652,5.854504,549.775,3
80653,3.247289,1096.34,7
80654,5.513613,2657.829,8
80701,7.32814,15634.023,22
80705,5.333333,1091.165,1
80720,6.295193,2821.935,7
80721,8.00876,184.963,9
80722,5.251637,393.308,7
80723,6.547527,6951.521,15
80726,5.336271,446.911,3
80727,5.671196,545.54,9
80728,5.413419,1213.216,2
80729,4.194319,445.821,2
80731,6.000134,1407.437,16
80732,4.194319,53.499,2
80733,4.055611,512.335,5
80734,8.033215,2980.277,10
80735,6.653466,387.944,4
80736,4.885924,685.572,4
80737,6.562411,1502.459,3
80740,4.581595,106.429,2
80741,4.673294,899.839,9
80742,4.090229,262.494,5
80743,4.704388,983.122,5
80744,6.595243,486.6,9
80745,4.69554,142.658,4
80746,6.080194,47.734,2
80747,5.333333,428.495,1
80749,6.562411,351.746,3
80750,2.878205,392.373,3
80751,8.127525,9714.265,10
80754,4.172448,124.924,5
80755,6.653466,169.356,4
80757,4.581595,216.8,2
80758,6.651995,3535.546,9
80759,5.533523,4759.743,11
80801,4.581595,157.673,2
80802,6.127677,248.496,3
80804,5.10728,299.049,2
80805,7.489014,309.072,4
80807,7.488355,4990.923,8
80808,4.273485,3448.54,11
80810,6.127677,1213.638,3
80812,4.600729,233.291,7
80815,5.10728,45.169,2
80816,4.251946,539.026,3
80817,10.311403,970.228,10
80818,5.794951,430.111,7
80820,4.251946,760.412,3
80821,5.150457,892.271,5
80822,5.538363,296.264,5
80823,5.10728,182.233,2
80824,5.709178,308.535,9
80825,6.127677,494.774,3
80827,4.343011,548.986,7
80828,6.057129,3603.955,7
80830,4.678889,265.22,2
80831,4.385754,2849.535,7
80832,4.416282,324.273,6
80833,4.640431,604.25,7
80834,4.581595,1.971,2
80835,4.678889,787.562,2
80836,7.489014,13.943,4
80840,6.333086,2025,4
80841,2.666667,4543.477,2
80861,5.538363,2.333,5
80862,6.127677,59.905,3
80863,8.109505,934.121,3
80864,4.378293,1397.502,3
80866,9.899228,1555.894,2
80901,16.730906,936.683,2
80902,7.105567,7462.753,4
80903,15.17788,14389.622,23
80904,13.419036,15799.346,21
80905,13.69833,4600.03,16
80906,10.22561,34016.896,31
80907,14.743048,27474.735,32
80908,5.629857,3384.445,5
80909,15.327291,32142.353,44
80910,13.611363,21412.541,31
80911,9.989773,28498.754,21
80913,7.527489,29.284,7
80914,7.333333,1505.448,3
80915,14.062607,17053.131,30
80916,12.557854,40035.677,28
80917,10.907955,26678.628,19
80918,10.334814,42587.761,46
80919,8.106357,21707.225,12
80920,9.437415,27552.873,23
80923,8.66499,6006.01,7
80925,3.941546,5429.174,3
80926,5.29305,1901.958,7
80928,4.188544,997.48,5
80929,3.973879,256.451,3
80930,4.110252,1173.948,4
80931,8.744422,2371.781,3
80933,15.39552,754.234,3
80934,17.817724,759.694,3
80935,14.913504,2836.705,4
80936,14.229297,1332.322,2
80937,10.182558,644.571,3
80960,10.182558,1293.864,3
80962,8.804915,2119.504,4
80970,13.045043,1971.01,4
81001,7.242799,30733.768,28
81002,15.63059,700.963,2
81003,8.930873,13602.932,17
81004,8.336561,25449.643,38
81005,6.859885,31980.935,33
81006,5.260111,11481.344,19
81007,5.721067,24474.848,12
81008,8.319536,4139.346,18
81019,5.970386,176.39,3
81020,6.519436,775.381,6
81021,6.434421,37.199,4
81022,3.663418,1458.282,5
81023,5.443879,1922.191,6
81024,5.002653,229.523,6
81025,3.985014,1013.112,5
81027,4.890124,184.094,3
81029,5.122216,308.723,4
81030,4.290175,138.676,2
81036,6.779643,944.156,5
81039,9.16188,1892.062,11
81041,3.912272,608.076,6
81043,6.876898,13.832,2
81045,6.434837,121.794,7
81047,6.379589,1699.765,10
81049,4.890124,355.916,3
81050,8.671676,9406.399,15
81052,10.655634,9143.805,12
81054,4.989224,18.066,5
81058,6.124988,841.295,3
81059,4.981623,227.386,4
81062,4.398723,4.052,2
81063,5.10728,63.859,2
81064,5.081208,275.467,5
81067,7.827312,5663.888,13
81069,5.970386,2649.178,3
81071,6.785829,374.505,2
81073,5.889938,1843.975,4
81076,5.10728,3.115,2
81077,5.915152,600.24,4
81081,4.890124,104.32,3
81082,6.956428,11449.663,17
81084,5.136993,123.59,4
81087,5.902715,107.73,4
81089,5.462978,3144.227,7
81090,5.115484,930.352,4
81091,4.500537,803.962,6
81092,5.129146,618.417,4
81101,5.633873,9131.167,13
81120,4.735388,3152.679,6
81121,2.754741,183.754,2
81122,5.286923,1063.901,8
81123,6.084259,607.896,4
81124,4.955714,190.945,4
81125,7.377383,2772.765,8
81126,4.535031,155.509,2
81128,6.579756,108.312,5
81129,4.572423,66.302,2
81130,7.127617,806.502,2
81131,5.110168,37.003,3
81132,7.785854,2273.15,8
81133,6.089576,1519.582,2
81136,4.485633,190.742,5
81137,5.069029,5420.483,8
81138,4.535031,55.247,2
81140,4.904696,2013.203,6
81141,4.572423,964.138,2
81143,5.110168,1428.318,3
81144,7.578627,5217.914,9
81146,4.274119,601.74,2
81147,6.031231,6374.412,8
81148,4.572423,331.509,2
81149,5.110168,1055.82,3
81151,4.847864,1457.447,10
81152,4.54157,1224.671,4
81154,7.166667,79.485,1
81155,5.110168,466.238,3
81157,6.568124,345.548,3
81201,8.360016,8992.735,9
81210,9.929729,414.504,5
81211,8.512562,3234.645,2
81212,6.206319,28437.182,25
81215,6.955696,1607.191,4
81220,4.327082,200.912,5
81221,3.472767,322.889,4
81223,6.955696,1.345,4
81224,9.929729,4112.884,5
81225,9.929729,78.613,5
81226,3.879492,8810.336,8
81228,8.239936,71.332,4
81230,4.412512,261.091,5
81235,6.666667,803.561,1
81236,6.557416,1607.269,5
81240,5.788223,3630.735,12
81242,5.066959,529.427,6
81243,4.27901,158.231,2
81244,3.333333,497.743,1
81248,5.110168,143.078,3
81251,4.101242,515.785,2
81252,4.460615,7.78,2
81253,3.444918,86.882,4
81301,8.015795,23304.22,20
81302,12.144257,2059.906,3
81303,4.932453,7217.26,16
81320,6.297477,346.873,4
81321,6.683726,8941.989,11
81323,4.573989,4158.29,9
81324,6.341638,1255.757,3
81325,6.166667,264.823,1
81326,4.007156,2543.495,6
81327,3.482154,571.465,2
81328,5.739492,5088.225,12
81330,5.956674,42.455,2
81331,3.507834,311.696,4
81332,6.345283,199.896,2
81334,4.674435,1285.503,5
81335,3.482154,200.785,2
81401,4.794408,10584.606,20
81403,4.815098,10457.741,18
81410,4.878807,1472.612,6
81411,5.257562,114.172,3
81413,4.877283,670.113,3
81415,5.329915,570.907,3
81416,8.013389,14386.805,14
81418,4.877283,1688.552,3
81419,5.005434,492.956,4
81422,5.257562,489.586,3
81423,6.139522,1620.232,4
81424,5.257562,1085.603,3
81425,4.491654,4466.69,8
81426,7.533333,32.945,2
81428,5.005232,3033.364,6
81429,5.257562,127.718,3
81430,7.387257,53.282,3
81431,5.257562,344.452,3
81433,7,535.856,1
81434,4.291393,89.526,6
81435,7.439277,6019.468,5
81501,9.653675,18861.92,22
81502,12.180226,1098.807,2
81503,6.17985,6474.084,7
81504,6.921038,13215.482,26
81505,8.013274,10565.611,14
81506,7.683541,11922.757,18
81507,6.31332,14965.052,9
81520,7.666199,15353.463,15
81521,3.423881,2568.76,8
81522,2.908497,189.781,2
81523,2.908497,1300.5,2
81524,3.46052,2033.767,3
81525,3.46052,1277.596,3
81526,6.176726,5720.567,8
81527,2.908497,1861.853,2
81601,9.347046,13712.923,22
81602,15.966841,1847.152,4
81610,3.333333,399.195,2
81611,8.457513,4846.438,4
81612,8.851655,5.336,2
81620,9.768345,4181.721,3
81621,12.365246,5070.265,7
81623,10.026089,15093.861,20
81624,5.832577,1315.483,2
81625,6.472323,12265.099,17
81630,5.78347,982.427,6
81631,6.474296,3.088,3
81632,7.030576,9970.142,5
81633,3.333333,15.621,2
81635,5.414602,6555.167,6
81637,6.296777,8597.487,8
81638,3.455656,174.278,10
81639,7.146135,2400.651,6
81640,3.333333,171.828,2
81641,7.434231,3613.719,13
81642,8.017944,160.633,4
81643,5.832577,691.847,2
81645,5.833333,1380.192,1
81646,5.832577,198.784,2
81647,6.326585,7106.735,5
81648,7.731898,2643.542,3
81649,5.833333,103.808,1
81650,5.53069,5113.96,15
81652,6.546929,5050.282,7
81653,3.333333,62.483,2
81654,7.754335,263.194,2
81655,6.398011,49.069,3
81656,7.754335,438.657,2
81657,8.440762,4086.134,5
81658,9.768457,1763.866,2
82001,8.910559,16249.164,27
82003,7.897077,1503.066,3
82005,6.567246,5.786,3
82007,7.114993,13827.491,13
82009,6.328702,23190.845,25
82051,5.364148,130.94,2
82052,5.238241,83.685,5
82055,5.364148,226.749,2
82058,5.364148,43.647,2
82059,4.511674,238.371,3
82063,5.364148,129.875,2
82070,7.597064,19173.979,22
82072,7.89938,8507.818,18
82073,9.577112,1440.593,4
82081,3.426887,40.853,3
82083,4.930664,275.218,4
82084,5.364148,78.777,2
82201,5.318104,290.113,7
82210,3.932794,14.273,6
82212,3.708966,438.996,5
82213,5.318057,617.531,2
82214,5.318057,1204.513,2
82215,5.318057,154.928,2
82217,3.365741,164.031,3
82218,3.365741,3.605,3
82219,3.7331,148.543,2
82221,3.365741,369.52,3
82222,6.963235,135.924,3
82223,3.710129,1066.585,5
82224,3.900354,26.419,6
82225,6.949576,2097.151,5
82227,6.91703,155.391,5
82229,3.545083,53.803,3
82240,6.910321,10577.293,12
82242,6.763502,71.709,5
82243,3.365741,174.846,3
82244,3.365741,472.265,3
82301,7.947671,8504.692,10
82321,5.555292,1068.859,2
82322,3.709524,80.033,2
82323,5.555292,225.91,2
82324,4.492219,160.017,2
82325,6.148086,1139.832,3
82327,4.492219,939.231,2
82329,4.57411,396.718,4
82331,6.148086,2161.168,3
82332,5.555292,121.385,2
82334,5.555292,627.154,2
82336,3.709524,238.046,2
82401,7.617236,7398.979,12
82410,6.46679,2056.543,5
82411,9.424984,515.582,5
82412,6.173709,494.925,4
82414,11.089175,4465,3
82420,6.173709,721.766,4
82421,5.630878,470.533,8
82422,9.968999,26.805,3
82423,5.723447,231.109,8
82426,9.943086,2706.002,5
82428,6.420539,225.84,2
82430,4.244685,93.288,2
82431,6.173709,3546.964,4
82432,6.420539,409.335,2
82434,8.357758,136.777,5
82435,7.053549,11343.99,13
82440,3.887305,111.712,4
82441,7.819372,344.842,5
82442,5.612284,855.952,5
82443,7.721083,4568.055,4
82501,6.854981,14346.592,15
82510,3.05844,890.128,4
82512,4.760937,990.916,4
82513,6.484887,1687.019,4
82514,4.756128,219.649,3
82515,3.05844,168.181,4
82516,4.284632,752.579,10
82520,7.693248,9724.131,11
82523,4.210906,917.038,6
82524,3.05844,12.306,4
82601,8.792445,17578.44,26
82602,14.743707,1633.574,3
82604,7.902529,25096.041,24
82605,10.59185,1388.788,2
82609,9.497217,14725.719,17
82615,4.492219,13.915,2
82633,7.120502,10046.566,9
82635,5.367192,174.833,2
82636,8.579478,5061.251,7
82637,6.214809,3806.241,5
82639,4.83464,881.817,3
82640,4.833333,25.99,1
82643,5.367192,410.102,2
82644,7.563962,2281.362,4
82649,3.629062,592.46,7
82701,6.496991,5578.544,8
82710,4.970363,452.285,5
82711,4.426938,161.014,3
82712,6.517897,56.596,2
82714,6.062954,194.746,5
82715,5.187766,4.483,2
82716,8.432789,7714.532,11
82717,11.441112,2059.171,4
82718,7.356443,18311.32,11
82720,4.438243,1207.779,5
82721,4.430244,2578.955,5
82723,5.187766,309.323,2
82727,6.121745,424.977,8
82729,6.458847,2728.075,7
82730,5.155293,1240.946,5
82801,8.681065,19942.88,16
82831,4.833333,21.991,1
82832,4.833333,129.949,1
82834,4.833333,1513.412,1
82835,4.833333,1.999,1
82836,6.09098,998.772,3
82838,6.09098,235.005,3
82839,6.09098,1294.704,3
82844,6.09098,32.64,3
82901,8.245943,18765.506,24
82902,8.770601,2328.846,3
82922,5.992553,234.094,2
82932,3.709524,564.332,2
82934,7.652697,165.124,2
82935,7.050535,13576.325,14
82941,5.992553,147.581,2
82943,8.263013,274.378,4
82945,3.709524,252.41,2
83001,7.781321,2932,2
83101,7.350033,3378.577,5
83110,5.847824,3734.076,4
83111,5.847824,397.188,4
83112,5.847824,78.426,4
83113,5.977432,2660.608,4
83114,3.607614,122.304,2
83115,5.992553,376.586,2
83116,7.759462,600.596,3
83119,5.847824,106.254,4
83122,5.847824,101.194,4
83123,3.607614,1134.478,2
83124,3.607614,236.174,2
83126,5.847824,397.188,4
83128,5.847824,2132.673,4
83201,8.547573,29269.329,33
83202,5.16754,14688.04,26
83204,6.958009,18857.357,26
83205,11.319807,1009.203,2
83206,9.233203,1084.283,3
83210,5.230862,3109.008,5
83211,7.001909,6136.1,15
83212,5.632428,209.781,2
83213,5.553549,1458.925,3
83214,4.705506,665.714,4
83215,5.230862,101.982,5
83217,5.038295,813.67,5
83218,4.046709,295.93,3
83220,3.964366,97.568,3
83221,5.290762,19897.255,22
83223,3.964366,170.33,3
83226,6.244695,2059.611,6
83227,6.245714,313.682,4
83228,5.6819,609.716,5
83229,5.160811,1.934,2
83232,5.6819,311.131,5
83233,6.744863,112.554,4
83234,4.705506,1166.251,4
83235,5.028601,69.162,7
83236,4.075385,2102.118,15
83237,5.967415,1499.368,5
83238,6.744863,112.554,4
83239,3.964366,380.35,3
83241,5.040023,1869.783,10
83243,6.28818,123.943,3
83244,5.553549,264.282,3
83245,3.716988,1820.162,7
83246,4.705506,1223.813,4
83250,4.705506,1651.772,4
83251,6.245714,1260.647,4
83252,6.28818,4184.066,3
83253,4.38402,187.323,7
83254,6.412518,3638.685,7
83255,5.660047,1038.593,7
83256,4.604174,233.946,4
83261,3.964366,378.696,3
83262,4.776492,1470.216,8
83263,5.840486,9566.589,10
83271,5.632428,554.037,2
83272,4.328043,199.766,7
83274,4.164491,1434.391,12
83276,4.406302,4305.236,10
83277,5.230862,174.827,5
83278,6.245714,286.062,4
83281,4.705506,10.011,4
83283,5.6819,115.419,5
83285,4.383452,180.761,6
83286,5.6819,1171.759,5
83287,3.964366,722.664,3
83301,8.983791,22622.098,21
83302,3.934363,37.745,5
83303,11.341087,2677.433,8
83311,4.81516,573.549,3
83312,4.81516,147.262,3
83316,6.591655,9440.311,14
83318,7.423458,17349.051,23
83321,4.531673,227.473,5
83322,5.833333,141.133,1
83323,4.45769,1788.706,8
83324,4.775105,716.73,4
83325,5.024035,997.272,2
83327,5.829255,743.814,5
83328,5.266329,5377.255,8
83330,4.775105,2.867,4
83335,5.021821,2004.11,4
83336,6.901921,5507.696,10
83338,7.163584,13356.907,16
83341,4.562475,291.43,3
83342,4.833544,1441.529,6
83344,3.221383,275.56,2
83346,3.265635,1581.844,5
83347,4.396537,3155.187,15
83349,4.775105,1032.091,4
83350,6.318438,12610.472,21
83352,4.776298,3478.625,5
83401,7.15701,28512.937,39
83402,7.356143,20672.546,37
83403,9.060107,1221.907,5
83404,8.699318,18099.795,27
83405,7.879717,1201.263,4
83406,8.496586,11377.47,12
83420,5.261749,2718.778,6
83421,5.213523,142.412,4
83423,6.160986,936.703,4
83425,3.983792,558.248,3
83427,6.208904,1195.405,6
83428,4.666131,381.317,4
83429,6.166667,897.062,2
83431,3.892526,797.677,3
83434,3.896185,1459.305,6
83435,4.002799,496.753,4
83436,5.213523,445.037,4
83440,8.495601,7615,8
83442,3.957865,1905.567,11
83443,4.757084,441.343,8
83444,3.98277,1164.832,5
83445,5.7961,82.418,6
83446,6.166667,138.41,1
83448,5.213523,7.121,4
83449,4.666131,129.375,4
83450,3.983792,916.599,3
83451,5.213523,630.173,4
83454,4.990955,217.016,4
83462,7.308138,107.002,3
83463,5.597018,118.941,5
83464,4.006731,478.013,3
83465,4.006731,14.322,3
83466,5.899912,250.706,5
83467,5.670588,6542.961,8
83468,4.006731,1.79,3
83469,5.160811,87.043,2
83501,7.823799,35018.311,35
83522,5.71619,2227.03,8
83523,5.244156,904.012,4
83524,4.450554,1385.406,8
83525,2.996637,482.426,2
83526,3.799852,221.631,7
83530,5.371844,300.648,7
83533,3.603643,167.285,7
83535,4.760427,1131.062,9
83536,5.307962,4482.193,9
83537,4.7066,1186.12,13
83539,3.207522,2016.246,7
83540,4.37282,1618.618,10
83541,4.336736,1019.532,10
83542,6,139.061,1
83543,5.575148,400.425,5
83544,4.208008,1314.353,8
83545,4.532786,484.272,8
83546,4.199461,485.464,5
83547,6,262.562,2
83548,4.982742,186.117,8
83549,6,691.547,1
83552,3.375514,991.477,7
83553,4.199461,793.767,5
83554,6,18.792,1
83555,5.405911,529.686,9
83604,3.934363,782.572,5
83605,14.560023,10764.866,10
83606,17.208548,1341.134,5
83607,5.237914,4316.422,14
83610,5.996027,873.779,2
83611,5.490993,1643.464,3
83612,5.455631,2153.281,3
83615,5.490993,486.347,3
83616,8.503804,5754.634,7
83617,6.558703,8969.356,10
83619,5.732478,173.106,6
83623,5.803109,1266.176,7
83624,3.934363,805.219,5
83626,5.307724,177.412,3
83627,5.493562,630.102,8
83628,7.233695,4730.16,10
83629,5.310068,137.468,4
83632,5.473848,281.608,4
83633,5.789977,381.283,3
83634,5.208914,7042.918,3
83636,7.49325,169.966,3
83638,5.713433,3224.154,3
83639,5.191358,3131.516,10
83641,4.342073,1875.062,10
83643,5.450534,112.483,2
83644,8.082684,5390,2
83645,5.996027,763.052,2
83647,9.533066,4610.873,7
83648,6.333333,3150,1
83650,3.934363,598.881,5
83651,11.491929,11135.509,6
83653,18.666667,668.001,1
83654,5.995909,1562.751,4
83655,5.66857,4499.878,11
83656,4.84294,484.739,2
83657,5.310068,128.599,4
83660,4.962072,5792.729,12
83661,6.321723,9761.087,12
83670,5.310068,541.003,4
83672,6.618166,8369.215,10
83676,5.296832,4952.809,7
83677,5.493379,72.983,5
83686,8.621107,10617.913,11
83687,10.476993,8357.117,5
83702,6.674798,6489.37,10
83703,13.004465,7195.793,7
83704,13.245705,8289.787,11
83705,15.054758,13625.566,18
83706,13.799927,8579.868,21
83709,13.162425,13281.905,16
83712,14.243055,5548.159,6
83713,12.577585,21.645,4
83714,12.981145,8077.615,13
83715,3.980696,1038.514,2
83716,2.690611,3421.664,12
83717,2.5,1198.776,1
83802,4.74343,19.852,7
83805,5.725775,7754.231,9
83806,5.147604,180.215,4
83808,4.74343,93.058,7
83810,4.74343,29.779,7
83811,5.750985,1082.833,2
83812,4.74343,29.779,7
83814,8.727105,22174.455,26
83815,7.370024,5677.303,6
83816,13.07158,1708.125,2
83821,3.946955,432.139,3
83822,7.094875,332.248,4
83823,5.137977,1526.008,8
83824,4.418567,301.437,9
83827,4.199461,119.64,5
83830,7.477383,481.396,11
83832,5.497905,1522.588,12
83833,4.199477,222.881,8
83834,4.113553,227.312,4
83835,7.427189,4530,2
83836,5.75576,948.146,6
83837,5.88594,3876.967,18
83839,4.749794,1136.561,12
83841,7.094875,136.307,4
83842,4.173659,23.365,3
83843,5.950827,13545.208,20
83845,4.553085,1475.665,4
83846,5.339253,808.844,6
83847,6.735849,975.038,5
83848,3.946955,265.518,3
83849,5.339253,1651.296,6
83850,4.74343,1988.966,7
83851,4.512284,1539.092,8
83853,4.553085,1344.066,4
83854,7.769921,25329.095,15
83855,4.113553,2031.598,4
83856,6.15443,4479.788,7
83857,4.113553,774.28,4
83858,5.333305,2537.677,2
83861,6.046081,6850.985,19
83864,10.374954,3607.021,4
83866,7.542309,5.782,4
83867,5.339253,53.774,6
83868,5.872175,81.7,12
83870,4.948588,294.628,9
83871,5.154343,1847.941,7
83872,4.113553,876.097,4
83873,5.258133,2661.126,13
83874,4.74343,79.41,7
83876,4.191342,1518.424,10
83877,8.099281,2318.28,3
84001,4.082526,657.383,5
84002,4.082526,288.4,5
84003,10.38377,35034.139,42
84004,8.587677,10833.684,11
84005,4.111196,2717.778,2
84006,5.459502,939.707,2
84007,4.082526,648.901,5
84008,4.621912,63.863,5
84009,9.135655,7044.096,8
84010,12.301765,44354.547,39
84011,15.912928,1515.631,4
84013,3.964748,705.655,4
84014,13.584044,16989.797,12
84015,12.487595,36266.023,33
84016,9,212.187,1
84017,6.668188,2879.936,5
84020,9.402961,26767.633,21
84021,5.422664,2617.112,8
84022,6.496874,549.61,3
84023,7.166667,107.075,1
84025,12.760785,10723.177,16
84026,4.621912,2365.28,5
84027,5.596908,1170.088,3
84028,6.789504,1257.189,2
84029,12.09753,5558.109,7
84031,5.596908,263.043,3
84032,9.93394,4453,2
84033,6.006362,779.14,2
84034,6.496874,252.678,3
84036,6.349004,5359.913,7
84037,11.737707,24976.587,25
84038,6.789504,485.525,2
84039,4.662783,428.957,7
84040,8.693782,23308.84,29
84041,12.367359,38503.64,38
84042,9.856951,10668.058,11
84043,9.762492,28048.065,26
84044,10.703713,21941.942,16
84046,7.166667,504.925,1
84047,14.619839,21606.018,30
84050,3.339385,1298.277,3
84051,5.596908,441.429,3
84052,4.083307,1635.22,10
84053,4.082526,746.448,5
84054,8.603083,20123.516,14
84055,6.447157,1334.322,2
84056,10.966436,18.393,5
84057,14.439011,33916.469,33
84058,14.464887,27879.484,22
84060,8.467206,6865.611,12
84061,6.427454,523.765,5
84062,10.023075,33854.626,32
84063,4.621912,619.703,5
84064,6.789504,508.355,2
84065,14.67515,22399.425,15
84066,4.277181,4784.545,10
84067,11.736143,32200.637,24
84068,6.888251,2171.108,3
84070,13.59478,18287.468,31
84072,5.596908,172.339,3
84073,5.596908,272.114,3
84074,10.494162,15587,9
84075,12.439053,4298.857,6
84076,4.621912,108.803,5
84078,7.413119,14051.652,13
84079,7.768548,1292.603,2
84081,13.266833,14311.834,8
84083,6.496874,963.602,3
84084,13.858848,26503.82,23
84085,4.621912,305.121,5
84086,6.789504,98.931,2
84087,8.15314,7786.079,13
84088,13.482105,35284.261,38
84089,13.778665,1415.359,3
84090,14.172525,2935.364,3
84091,14.96564,2342.356,4
84092,10.856139,26762.35,19
84093,12.006372,20127.075,27
84094,13.846446,28142.552,34
84095,11.71607,23861.822,19
84096,7.556297,6580.152,6
84097,13.827611,21617.87,34
84098,7.554887,17437.587,18
84101,17.346092,3291.794,10
84102,15.046138,17584.095,31
84103,13.487094,22869.736,23
84104,13.865328,24042.972,21
84105,14.957561,21160.038,37
84106,14.896544,35448.796,51
84107,15.145623,28485.212,41
84108,12.426273,18710.863,27
84109,13.140718,24888.538,47
84111,16.184554,11550.954,19
84115,14.878896,24399.476,31
84116,13.444607,35650.247,34
84117,14.167244,15562.038,35
84118,12.71295,30271.888,29
84119,13.650164,32199.734,36
84120,13.694633,45847.324,29
84121,12.998384,27571.892,36
84123,12.998741,32973.263,38
84124,12.992955,22515.48,35
84125,12.852846,555.493,3
84126,12.852846,673.045,3
84127,12.852846,1611.159,3
84128,9.966744,11380.443,9
84129,13.89913,36809.066,45
84152,17.280809,1782.312,3
84157,16.578536,1577.874,4
84170,14.854202,3265.278,3
84171,15.257807,2104.227,3
84301,2.983007,103.219,3
84302,12.03663,25081.567,31
84305,3.834612,675.016,2
84306,4.439055,597.794,6
84307,2.995219,1746.819,6
84308,3.834612,270.007,2
84309,4.439055,727.113,6
84311,4.380932,934.806,9
84312,4.337922,3955.031,11
84313,3.384744,198.33,3
84314,4.382678,1393.502,9
84315,9.572897,395.75,4
84316,3.384744,10.932,3
84318,7.127669,4978.756,10
84319,6.32034,8359.772,8
84320,5.370801,2421.567,5
84321,8.404087,35056.91,44
84323,9.854513,2291.999,4
84324,7.825736,1165.544,18
84325,5.123896,1863.325,3
84326,7.669286,2130.503,3
84328,4.908487,1513.314,2
84329,3.384744,562.194,3
84330,3.384744,235.809,3
84331,3.384744,415.399,3
84332,9.067306,7976.285,10
84333,5.703714,3103.174,5
84334,4.433507,296.799,9
84335,7.123404,11946.286,12
84336,3.384744,313.892,3
84337,3.154087,3195.581,12
84338,3.834612,185.948,2
84339,5.151115,5144.831,10
84340,7.582845,3259.219,7
84341,9.415713,20471.761,16
84401,13.081315,21324.038,40
84402,14.910214,1280.198,2
84403,12.122603,36000.592,46
84404,11.963571,33835.814,31
84405,11.115498,30973.257,29
84408,11.624619,1068.754,4
84409,11.177694,1667.596,2
84412,14.550004,1645.508,2
84414,10.813658,22946.694,18
84415,12.895495,793.532,3
84501,7.605101,13025.129,18
84510,3.662906,934.45,2
84511,11.364964,3574.466,4
84512,11.364964,463.283,4
84513,7.759241,1318.907,2
84516,5.573388,238.595,3
84518,5.134991,794.137,4
84520,4.098425,1192.607,3
84521,5.134991,781.729,4
84522,5.573388,575.81,3
84523,5.573388,728.511,3
84525,5.573388,1616.085,3
84526,6.185258,4062.117,8
84528,5.223082,2537.918,6
84529,6.833011,228.827,5
84530,6.912087,433.424,3
84531,3.403054,908.297,6
84532,8.861587,5213.823,7
84533,11.364964,481.255,4
84534,3.662906,2832.55,2
84535,6.912087,2781.752,3
84536,3.385511,1955.7,2
84537,7.759241,1643.901,2
84539,4.098425,301.902,3
84542,6.128521,1557.827,5
84601,11.809979,20054.116,28
84602,10.437669,3815.846,15
84603,19,641.328,1
84604,11.834876,31788.054,42
84606,13.200467,30368.169,29
84620,5.524857,990.088,4
84621,6.103474,1660.631,4
84622,6.103474,1104.189,4
84623,6.468571,420.358,2
84624,6.114261,6306.081,11
84626,3.478876,169.134,2
84628,4.895276,1047.131,3
84629,4.912203,66.044,4
84630,6.103474,1330.244,4
84631,6.316225,2851.564,4
84632,6.468571,1162.331,2
84633,3.478876,699.339,2
84634,6.103474,1651.936,4
84635,3.979544,656.243,3
84636,6.316225,500.623,4
84637,6.316225,646.178,4
84638,7.059437,95.176,4
84639,4.895276,32.265,3
84640,7.059437,169.532,4
84642,6.603939,3845.179,3
84643,6.603939,59.339,3
84644,6.316225,491.801,4
84645,4.895276,3860.012,3
84646,6.468571,1667.325,2
84647,6.468571,36.675,2
84648,9.191765,6008.593,7
84649,7.059437,562.132,4
84651,9.345109,18720.228,21
84652,5.524857,903.796,4
84653,8.598284,10137.981,13
84654,5.524857,2491.116,4
84655,6.707041,12928.213,17
84656,6.316225,339.629,4
84657,6,593.377,2
84660,9.937629,26801.916,29
84663,10.327774,32332.717,30
84664,7.849222,8168.351,13
84665,6.603939,495.482,3
84667,6.468571,516.278,2
84701,8.922286,8780.372,8
84710,5.748818,88.742,3
84711,6,789.088,2
84712,5.353823,267.904,4
84713,8.540036,3322,3
84714,4.990467,929.86,2
84715,6.56929,311.632,2
84716,5.309843,166.049,2
84718,5.309843,149.234,2
84719,7.006393,360.114,4
84720,8.718215,9892.835,10
84721,5.000546,2355.962,8
84722,4.665106,1285.706,2
84723,5.559436,287.174,2
84724,5.222929,1168.982,4
84725,4.665106,49.198,2
84726,5.309843,1568.003,2
84728,3.979544,114.042,3
84729,5.748818,2.465,3
84730,6.176953,556.345,8
84731,7.850315,217.145,3
84732,5.559436,141.62,2
84734,6.56929,15.326,2
84735,8.84197,497.904,2
84736,5.309843,184.966,2
84737,7.665274,4195.498,3
84739,5.222929,443.65,4
84740,5.559436,3.934,2
84741,6.192038,6129.804,7
84742,7.958574,46.795,2
84743,5.559436,637.289,2
84744,6.341357,612.545,8
84745,7.629366,3832.874,3
84746,7.666667,5.346,1
84747,6.56929,803.772,2
84749,6.56929,189.023,2
84750,5.559436,786.777,2
84751,7.850315,2145.688,3
84752,7.850315,758.167,3
84753,4.990467,36.677,2
84754,5.465981,3645.452,8
84755,5.748818,2.465,3
84756,4.990467,8.63,2
84757,7.958574,109.865,2
84758,5.748818,19.72,3
84759,8.84197,1837.096,2
84760,7.006393,1106.691,4
84761,7.006393,2309.998,4
84762,5.748818,1106.804,3
84764,5.309843,58.853,2
84766,5.222929,143.189,4
84770,9.404204,9034.238,10
84772,7.006393,307.414,4
84773,6.56929,565.365,2
84774,7.629339,279.495,2
84775,6.56929,808.881,2
84776,5.309843,334.199,2
84779,7.629339,73.787,2
84780,7.326079,6659.163,4
84781,4.665106,1029.877,2
84782,4.665106,508.379,2
84790,8.088744,20123.895,11
84791,10.292122,1504.704,2
85001,16.670588,623.71,2
85002,16.670588,521.129,2
85003,16.174707,6470.314,12
85004,16.324226,6584.167,12
85005,10.666667,1290.63,1
85006,14.204694,19140.454,24
85007,13.929527,14690.09,28
85008,12.871327,46169.485,30
85009,13.089565,43302.652,49
85010,14.5,789.568,1
85011,14.713287,640.51,3
85012,15.247902,7479.471,18
85013,14.464491,16694.67,33
85014,14.046197,26104.932,35
85015,13.124277,36896.042,39
85016,14.936246,35703.861,58
85017,12.952423,38439.788,38
85018,13.768099,37603.222,62
85019,12.194183,19152.824,17
85020,13.733089,34175.837,49
85021,13.269129,39542.73,50
85022,12.694948,52620.649,64
85023,12.912952,33866.709,40
85024,11.341922,16597.073,27
85027,12.070937,28336.583,39
85028,12.626723,18281.176,20
85029,13.773965,43631.869,37
85030,16.670588,236.129,2
85031,13.304123,24604.335,33
85032,14.038086,68834.603,83
85033,12.947056,57518.347,40
85034,16.16548,2831.383,13
85035,12.481161,33344.087,27
85036,14.290323,557.238,2
85037,12.000404,55203.971,27
85040,12.856289,34910.479,34
85041,12.023581,42155.281,31
85042,12.797178,31596.38,28
85043,9.739643,12178.056,11
85044,13.231887,38334.513,30
85045,6.383321,7276.138,8
85046,14.043478,1019.42,3
85048,11.214762,33132.891,28
85050,9.456343,14976.149,24
85051,14.047854,42889.132,35
85053,13.798062,29871.022,27
85054,6.462435,493.817,9
85060,12.630767,2122.51,2
85061,12.246556,1285.586,2
85064,12.625509,1572.277,5
85066,12.065895,2940.905,3
85067,14.713287,795.875,3
85068,16.593961,1538.982,3
85069,14.930578,1752.66,2
85070,9.044952,1631.153,4
85071,12.691968,1912.736,4
85074,14.290323,331.741,2
85076,13.235682,1416.305,4
85078,14.043478,1032.335,3
85079,12.246556,1321.473,2
85080,12.056738,1814.164,3
85083,6.775035,18907.734,10
85085,6.093026,14738.131,17
85086,6.574638,21290.35,20
85087,5.143294,3910.802,12
85117,8.166667,1385.956,2
85118,5.527648,13547.124,9
85119,6.100493,12970.111,20
85120,8.441882,18973.29,29
85121,7.247203,908.333,3
85122,8.231794,37459.137,27
85128,6.178024,19858.979,17
85130,8.70617,2146.581,3
85131,6.275769,5595.882,7
85132,4.189621,5837.205,13
85135,3.853751,670.612,2
85137,5.836364,2644.598,7
85138,6.395255,21987.692,15
85139,6.0412,8629.395,14
85140,6.582187,17232.537,5
85141,3.137534,19.833,3
85142,8.202534,26476.33,20
85143,4.934887,11235.658,11
85147,7.247203,2.462,3
85172,4.195948,7.533,4
85173,7.577756,3018,4
85178,8.166667,1266.275,2
85191,3.137534,116.165,3
85192,4.193696,1675.444,9
85193,5.813449,4217.041,14
85194,5.026947,7230.085,12
85201,13.242795,44118.36,48
85202,13.181865,33652.304,26
85203,13.245435,38218.295,45
85204,13.395723,67908.868,53
85205,12.269492,44292.523,43
85206,13.184984,35509.691,36
85207,7.917765,49302.049,35
85208,8.923421,25902.042,19
85209,10.298876,29979.511,28
85210,13.331933,40936.707,49
85211,15.54638,1431.308,4
85212,7.801929,8068.034,14
85213,10.134035,35457.535,37
85214,13.479923,1080.765,3
85215,8.650681,16832.045,27
85216,9.435064,2300.793,2
85224,13.265251,43587.257,47
85225,12.408631,58566.929,56
85226,13.824255,38726.853,31
85233,11.41324,34436.825,31
85234,11.70637,43185.946,52
85244,13.672722,2839.249,3
85246,15.487663,2216.998,4
85248,8.239405,34383.644,34
85249,8.168015,39117.537,24
85250,13.784481,17501.405,28
85251,13.954803,41834.473,62
85252,14.222095,1918.189,4
85253,9.063738,19145.925,46
85254,12.379631,47418.421,44
85255,7.834882,29597.838,25
85256,5.568305,4536.666,5
85257,13.600046,31112.913,31
85258,12.450741,23473.458,23
85259,9.934594,17145.61,18
85260,12.196603,34228.389,36
85261,15.526031,1513.815,3
85262,5.493411,9845.602,12
85263,4.525924,78.017,3
85264,3.936482,1266.9,8
85266,7.233769,11387.488,22
85267,11.647602,1452.045,3
85268,6.043716,17324,14
85271,14.222095,547.408,4
85274,12.671255,2097.368,5
85275,13.479923,1507.103,3
85277,7.117159,1099.195,2
85280,16.253374,1147.633,2
85281,13.886436,36056.19,31
85282,14.323167,42558.39,49
85283,13.523412,50381.239,40
85284,14.172573,19022.147,28
85286,9.349053,35371.332,29
85288,14.030797,19155.073,25
85295,10.142923,19034.018,20
85296,9.639646,27806.15,29
85297,9.060864,21755.941,11
85299,11.207806,2666.816,2
85301,13.347263,67037.735,84
85302,13.50941,37732.275,42
85303,11.92824,33188.604,29
85304,12.878479,27846.689,23
85305,9.475744,14297.315,15
85306,13.080192,26265.046,31
85307,9.018404,10979.059,16
85308,11.418029,64224.133,58
85309,10.282062,1755.34,5
85310,8.13434,20216.634,31
85311,15.574257,1930.601,2
85312,14.416582,2093.122,2
85318,10.698799,1134.914,2
85320,4.400128,229.408,2
85322,4.993723,496.353,5
85323,11.103035,39702.209,26
85324,5.000227,3282.949,4
85325,3.89872,4.631,2
85326,5.631706,31448.051,17
85327,7.171129,2185.663,3
85328,5.330244,142.881,2
85329,11.03624,2745.552,6
85331,7.530021,28209.021,39
85332,4.156592,809.712,5
85333,4.088168,341.689,7
85334,5.330244,1098.119,2
85335,7.586595,35004,36
85336,10.651739,10273.619,8
85337,10.447336,2526.771,6
85338,6.942964,7530.749,11
85339,9.945757,24264.185,18
85340,8.081688,28406.305,21
85342,4.454747,172.163,5
85343,5.065574,73.151,2
85344,6.043083,11087,11
85345,10.981057,55608.23,57
85347,4.232654,651.33,3
85348,3.89872,1792.369,2
85349,13.687467,206.414,2
85350,9.977509,8263.591,6
85351,8.581214,29399.473,43
85352,4.333333,468.862,1
85353,7.014203,30845.344,18
85354,4.939036,8097.705,5
85355,4.783251,11062.199,10
85356,4.333333,684.349,1
85361,4.337601,1342.212,4
85362,4.004056,175.621,5
85363,10.640573,6607.044,3
85364,12.907964,63525.691,66
85365,9.570147,32172.597,55
85366,15.862287,3177.201,5
85367,6.613411,13955.327,12
85372,7.248429,922.941,4
85373,6.464492,13502.526,16
85374,7.857372,36396.816,42
85375,5.873602,26288.279,18
85376,8.158806,924.092,5
85377,7.387071,4102.659,11
85378,7.94275,9038.235,23
85379,7.313915,47791,27
85380,12.710449,2249.612,3
85381,11.656024,23829.639,38
85382,9.720171,36599.208,39
85383,6.605857,23411.665,16
85385,14.080591,1522.031,3
85387,4.991337,4719.875,11
85388,7.256518,9550.751,3
85390,6.236064,9992.511,11
85392,11.369773,38202.873,27
85395,8.356763,8711.844,8
85396,4.040312,4788.929,5
85501,6.805873,12929.859,17
85532,5.724117,954.906,4
85533,3.66673,2081.64,8
85534,3.222885,2762.02,3
85535,4.855959,13.222,3
85536,4.855959,13.222,3
85539,5.394292,3280.152,14
85540,4.096543,4433.908,5
85541,6.039571,19009.834,17
85542,3.40615,5729,4
85543,4.855959,4217.729,3
85544,4.725439,2487,4
85545,4.054945,766.842,5
85546,5.432851,19869.003,26
85547,7.595451,2410.906,2
85548,8.826449,1083.42,4
85550,2.411187,4714,3
85552,6.700822,6764.267,9
85553,4.5,1801.577,1
85554,3.28376,938.683,2
85601,3.349693,491.563,3
85602,5.913419,8039.687,15
85603,5.181632,6851.531,8
85606,4.683235,1122.074,5
85607,6.349988,13539.565,20
85608,8.466231,1380.576,4
85609,4.94744,31.301,6
85610,5.576442,75.181,2
85611,5.17325,1473.568,9
85613,6.528623,5477.506,9
85614,6.611023,11638.536,19
85615,4.205512,9537.35,16
85616,6.781978,14.153,3
85618,4.356331,1919.394,7
85619,2.833333,565.388,1
85620,6.201559,511.038,3
85621,6.339358,18970.444,16
85622,4.51215,7000.604,20
85623,3.892344,6625.313,9
85624,5.443485,1013.813,6
85625,4.675827,1196.605,5
85626,7.125956,1447.441,2
85628,6.859951,2389.556,3
85629,5.598728,11987.108,15
85630,5.576442,210.924,2
85631,5.245644,3793.523,6
85634,4.342124,4797,3
85635,7.916432,25432.518,33
85636,8.310699,2002.097,4
85637,5.292058,742.009,6
85638,5.48641,1903.19,7
85640,6.260052,299.852,3
85641,4.49002,10616.65,5
85643,5.784841,8617.667,15
85645,3.381122,1207.265,6
85646,6.260052,746.37,3
85648,6.260052,1228.741,3
85650,5.675636,12711.769,15
85652,6.803428,2042.683,2
85653,4.890312,15886.942,10
85658,4.825546,1887.83,4
85701,16.405499,1898.105,9
85702,17.590184,498.854,2
85703,15.298921,1072.137,2
85704,8.856664,29724.324,31
85705,14.014254,47240.757,52
85706,12.696288,56267.32,35
85710,13.06003,39536.623,45
85711,13.757102,25357.857,53
85712,14.209264,24844.731,38
85713,11.885767,41305.474,48
85714,12.929388,12158.296,28
85715,12.361266,15823.694,19
85716,14.272949,27844.886,47
85717,15.895198,933.645,5
85718,8.479517,26911.619,33
85719,14.395195,32151.079,46
85725,14.733616,1637.129,7
85726,14.025151,1469.991,7
85728,13.29307,976.003,3
85730,10.679173,36587.79,35
85731,13.065556,1271.988,4
85732,16.135113,1794.617,3
85733,15.895198,1296.159,5
85734,12.307073,2869.081,3
85735,3.525966,4348.207,16
85736,3.389401,4960.308,9
85737,8.147315,18937.06,11
85739,4.376432,15073.86,13
85740,9.030218,859.807,2
85741,10.759036,30157.992,25
85742,6.282473,28504.221,25
85743,5.123761,13087.259,21
85745,10.432878,28131.817,22
85746,8.869612,36529.156,31
85747,9.725156,22846.611,11
85748,9.913032,17646.41,15
85749,5.974683,16004.15,17
85750,6.35327,11810.026,13
85751,13.677547,1784.858,3
85752,11.891355,2150.829,3
85754,8.915379,1109.523,2
85755,5.556641,15985.548,9
85756,8.547183,12800.728,10
85757,9.404738,9087.073,13
85901,4.373787,1842.597,6
85920,3.956158,27.599,3
85922,3.642679,226.432,2
85923,3.166667,449.108,1
85925,6.596479,5283.608,10
85927,3.956158,312.784,3
85928,4.618225,3955.792,14
85929,5.10927,6443.474,5
85930,3.956158,13.799,3
85931,4.857906,385.869,4
85932,3.956158,22.999,3
85933,6.597632,2654.981,5
85934,3.166667,7.411,1
85935,2.678168,1592.526,2
85936,6.562851,3318.588,3
85937,5.293771,7149.367,6
85938,6.360364,2513.698,10
85939,7.095105,4392.303,5
85940,3.956158,27.599,3
86001,12.651277,27237.49,14
86003,13.884497,2587.247,5
86004,8.804638,23055.733,31
86005,8.326677,3317.148,7
86017,4.857906,1406.391,4
86020,3.12945,3487,7
86022,5.943224,1764.726,2
86024,4.857906,512.8,4
86025,5.156339,5854.369,7
86029,5.580167,4.092,5
86035,3.094852,328.583,4
86036,5.943224,102.274,2
86038,4.857906,254.252,4
86040,2.16864,7262,6
86044,3.094852,1774.35,4
86045,5.602963,9225,6
86046,6.324472,3481.063,6
86047,8.180993,10268.93,13
86053,3.12945,951,6
86301,6.555393,14.42,7
86303,7.470787,3425.776,5
86304,6.969158,1295.303,3
86305,6.904233,2020.322,4
86314,5.969234,14150,7
86320,5.148894,72.753,2
86321,3.5,2155.19,1
86322,6.188763,10576.616,9
86325,5.673412,5311.862,3
86326,12.356671,16004.756,11
86332,4.094459,2405.612,5
86333,5.162107,1608.221,4
86334,5.148894,36.377,2
86335,4.343333,12.766,3
86336,10.024222,2172.097,6
86337,5.148894,2491.807,2
86340,10.032596,1221.418,2
86343,4.889263,3.204,3
86351,6.699444,2700,2
86401,8.606161,5893.479,8
86402,8.529077,3069.54,6
86403,9.449572,4831.386,9
86404,5.512906,3807.085,5
86405,10.27354,1790.282,3
86406,7.184248,1757.246,6
86409,6.772781,16229.089,13
86413,3.833333,273.104,1
86426,7.497567,8595.092,9
86427,4.518604,1152.29,4
86429,4.788947,5268.168,3
86431,4.326764,15.744,4
86434,5.166667,1514,1
86440,4.518604,692.778,3
86441,3.256113,2182.875,3
86442,11.952403,20778.589,20
86446,4.518604,747.251,3
86503,5.81373,4727,3
86505,3.555696,3950,5
86512,2.299077,2637,2
86514,2.395665,4771.863,4
86544,2.395665,41.137,4
86547,3.783197,5741,5
87001,7.469738,3928.295,7
87002,7.162753,18083.194,19
87004,10.756337,9735.331,12
87005,2.284754,3.242,2
87006,4.821589,746.37,5
87007,4.453916,1976.57,5
87008,5.353714,2498.949,5
87009,3.907368,96.643,2
87010,4.093358,1087.899,5
87011,4.911429,168.335,2
87012,6.266384,13.607,3
87013,4.622557,5048.591,9
87014,5.128352,2624.553,2
87015,5.404062,13112.261,17
87016,4.252995,2.686,5
87017,6.266384,25.513,3
87018,7.881399,242.905,2
87020,6.679867,10039.143,8
87022,4.32392,1645.337,2
87023,3,579.765,1
87024,8.205266,2529.176,3
87025,4.813992,1608.591,2
87027,7.881399,100.224,2
87028,4.911429,205.742,2
87029,6.266384,486.452,3
87031,8.552726,20327.569,12
87034,5.128352,156.916,2
87035,6.159879,4904.596,10
87036,3.907368,1147.003,2
87037,3.625845,2717.519,5
87038,4.453052,848.809,3
87040,4.453052,1153.152,3
87041,9.649349,764.187,2
87042,8.029794,1723.602,4
87044,4.813992,130.048,2
87046,6.536306,91.487,10
87047,4.633528,4661.695,12
87048,7.035376,8692.63,5
87052,9.649349,2642.813,2
87053,4.813992,504.185,4
87056,1.972834,1094.413,5
87059,4.894857,9719.83,10
87062,4.867972,2317.187,3
87063,3.907368,480.673,2
87064,6.266384,216.012,3
87068,6.939589,3103.658,5
87070,7.157246,352.098,2
87102,15.37848,18952.699,39
87103,18.666667,634.396,1
87104,13.097503,8268.156,17
87105,10.815588,41942.281,35
87106,12.564498,9940.533,27
87107,13.045995,28726.554,32
87108,14.112532,14618.666,13
87109,13.345296,29926.676,37
87110,14.615132,36684.586,54
87111,13.177808,50211.593,51
87112,13.731795,39717.004,65
87113,14.575465,9490.911,18
87114,11.330068,30241.586,27
87120,10.253758,59162,32
87121,11.332365,58508.048,39
87122,7.322359,10499.684,15
87123,13.157113,23030.512,26
87124,8.022857,30025.802,31
87125,16.966627,1239.353,5
87144,7.054075,11499,12
87153,14.131313,395.964,3
87154,13.763219,1249.307,3
87174,9.701672,1620.995,2
87176,15.942859,1136.171,3
87181,13.737112,1312.259,3
87184,8.080543,1194.841,5
87187,14.166667,676.892,1
87190,15.942859,761.397,3
87191,13.763219,935.289,3
87192,14.131313,1270.601,3
87193,13.51695,1796.916,3
87194,15.161071,543.794,3
87195,12.158547,2146.687,4
87197,14.074658,1187.919,4
87198,16.971645,1802.982,2
87199,13.372975,2261.135,5
87301,11.103178,3439.416,4
87305,13.309063,1704.735,2
87312,5.833333,1.803,1
87313,6.247476,3830,3
87316,5.833333,10.818,1
87317,10.5149,181.711,2
87321,5.710731,750.733,3
87323,5.833333,1.803,1
87326,13.309063,2.137,2
87347,5.833333,230.781,1
87357,2.284754,2152.82,2
87401,11.46086,37715.518,37
87402,9.437655,8769.559,11
87410,7.144691,12956.906,15
87412,4.669234,730.584,6
87413,5.901423,16087.662,18
87415,4.589763,2674.841,4
87416,3.992512,907.497,2
87417,3.992512,8.3,2
87418,3.5,904.536,1
87419,4.77968,1005.407,3
87420,2.830354,4475,6
87421,3.992512,1065.203,2
87501,11.66188,6676.247,17
87502,16.584223,1243.122,2
87504,18.666667,257.41,1
87505,12.229531,29511.113,37
87506,4.915463,12254.987,22
87507,11.417881,32255.43,30
87508,5.807689,14600.643,11
87511,5.389979,973.182,7
87513,4.583433,542.475,2
87515,6.266384,277.244,3
87517,4.583433,612.983,2
87518,6.266384,227.918,3
87519,4.583433,641.761,2
87520,6.266384,2217.951,3
87521,3.498722,1312.966,4
87522,4.23428,1395.356,5
87523,3.352431,2195.285,2
87524,4.583433,1.439,2
87528,3.565131,2913.643,6
87532,6.095806,22121.035,22
87535,5.117456,924.83,4
87537,5.388677,528.718,5
87540,4.189403,673.521,3
87544,6.245146,12542.936,17
87547,6.603752,5804.006,10
87549,4.583433,306.491,2
87551,3.831408,611.399,6
87552,5.307364,3.692,2
87553,3.5,832.03,2
87556,4.583433,1.439,2
87560,2.023937,1345.427,2
87562,2.023937,129.014,2
87565,2.023937,6.911,2
87566,5.388677,1329.349,5
87567,5.487259,558.133,3
87569,2.023937,354.787,2
87574,5.333333,752.847,1
87575,6.266384,51.026,3
87577,4.583433,414.411,2
87578,3.352431,11.375,2
87579,3.5,82.379,2
87583,2.023937,36.861,2
87594,16.666667,1004.293,1
87701,7.745224,15233,15
87710,6.531827,2324.838,5
87711,6.204853,464.435,4
87714,6.531827,425.534,5
87718,6.531827,1331.509,5
87724,6.204853,216.264,4
87728,6.531827,77.37,5
87729,6.531827,101.08,5
87730,6.333333,34.995,1
87733,6.333333,215.665,1
87740,6.949552,7153.925,16
87743,6.333333,72.431,1
87746,6.333333,113.122,1
87747,6.531827,579.026,5
87749,6.531827,348.164,5
87801,7.40832,10490.027,11
87821,3.216039,4.373,2
87823,4.884591,575.641,4
87825,4.833333,301.941,2
87828,4.924282,540.771,6
87831,4.853562,346.602,4
87832,5.103644,272.857,4
87901,9.010164,6695.978,8
87930,2.428394,533.268,2
87931,2.428394,701.038,2
87933,7.125192,144.841,2
87935,7.125192,1739.393,2
87936,7.125192,27.402,2
87939,2.428394,200.725,2
87942,2.527749,559.087,6
87943,2.428394,260.642,2
88001,9.299124,24475.928,43
88002,3.5,1137,1
88003,6.065235,3693.004,5
88004,12.307348,1320.266,3
88005,7.881771,15099.902,21
88007,7.354641,4287.497,14
88008,4.879015,8896.565,4
88011,6.631237,12318.231,12
88020,6,595.141,1
88021,5.250004,7902.64,9
88022,5.919311,2736.528,5
88023,5.779398,2052.021,7
88025,2.751137,172.579,2
88030,8.209465,17489.517,13
88031,4.986402,1825.483,3
88034,5.763908,159.473,4
88041,4.839481,963.421,9
88042,2.428394,272.626,2
88043,4.849464,1866.055,6
88044,3.411844,3219.342,5
88045,9.119766,3249.388,3
88046,8.323617,2040.311,2
88047,6.411737,9.793,2
88049,3.424877,1017.019,6
88051,2.751137,225.922,2
88053,3.216039,382.647,2
88055,2.751137,166.304,2
88056,6,526.471,1
88061,6.530155,8561.245,14
88063,10.472839,13388.522,9
88065,2.751137,9.413,2
88101,7.062036,32314.452,34
88102,8.108737,3051.944,8
88112,4.563367,202.512,7
88113,3.2095,131.767,3
88114,4.944405,235.742,9
88115,3.2095,2.059,3
88116,3.573157,271.06,8
88118,4.006917,275.128,5
88119,6.772573,1740.578,2
88120,4.849127,248.655,7
88121,6.492514,239.403,4
88123,3.2095,4.118,3
88124,6.691227,823.495,12
88125,3.2095,98.825,3
88126,3.2095,92.649,3
88130,6.920107,18017.94,22
88132,3.2095,261.475,3
88133,7.242665,23.502,6
88134,6.592846,158.691,5
88135,4.461391,1059,9
88136,6.318077,364.245,4
88201,7.716857,20156.67,23
88202,9.749687,2197.018,4
88203,8.255029,28159.66,38
88210,5.971224,11418.159,8
88213,4.87932,61.692,5
88220,7.645647,35925.956,33
88221,12.666667,1202.171,1
88230,5.780484,5528.302,11
88232,5.77503,2199.144,4
88240,8.114501,36837.21,43
88241,8.011254,3585.495,7
88242,5.509842,7696.201,17
88250,4.843698,58.51,6
88252,6.680378,2115,5
88253,5.110476,754.713,5
88256,7.200141,1643.673,6
88260,7.186288,15719.102,19
88262,4.87932,61.692,5
88264,4.87932,217.39,5
88265,6.809662,55.946,2
88267,4.87932,132.196,5
88301,5.917939,975.981,2
88310,7.331462,22860.961,27
88311,7.112052,2482.292,3
88312,5.50147,152.496,2
88314,4.120063,22.158,2
88316,5.505749,1450.153,4
88317,5.576007,1673.68,3
88318,5.684599,109.569,4
88321,3.907368,144.965,2
88330,5.298072,3267.923,2
88337,4.838712,2182.753,7
88338,5.50147,20.931,2
88339,5.546855,801.742,6
88340,4.120343,3703.157,4
88341,5.597787,1256.365,4
88344,5.234451,66.474,3
88345,8.447001,253.105,2
88346,8.447001,3.356,2
88351,5.50147,146.515,2
88353,6.204853,795.922,4
88355,8.447001,1677.3,2
88401,8.367268,6645.413,12
88410,7.833998,123.502,4
88411,6.492514,79.262,4
88414,7.843952,92.016,3
88415,7.83686,3293.758,4
88417,6.204853,58.498,4
88418,7.843952,162.381,3
88419,7.817253,97.196,9
88422,7.669146,74.936,8
88424,7.843952,142.535,3
88426,6.491772,872.715,5
88427,6.497994,127.768,6
88430,6.790249,105.158,8
88431,6.204853,53.18,4
88434,6.492514,231.315,4
88435,6.204853,2793.702,4
88436,7.843952,193.053,3
88888,14.674339,1.062,3
89001,5.912638,1069.195,2
89002,10.422423,25311.473,21
89003,5.523019,353.754,2
89004,4.666667,270.825,1
89005,9.780796,14125.833,22
89006,14.451294,1579.404,3
89007,6.143089,44.89,4
89008,5.785705,1207.077,4
89009,13.233487,2843.476,3
89010,4.101427,719.4,2
89011,10.36506,7832.79,7
89012,11.500467,29011.755,20
89013,4.101427,246.508,2
89014,12.651591,26694.829,21
89015,11.796749,39739.303,38
89016,10.790557,901.322,4
89017,5.912638,557.591,2
89018,1.878435,4814.83,6
89019,3.474373,556.484,5
89020,5.523019,1934.246,2
89021,4.709008,4265.493,9
89022,3.917621,364.474,2
89024,8.589443,2080.728,3
89025,5.493694,765.227,2
89027,6.863928,14661.881,13
89028,6.927503,2025.116,3
89029,5.101917,5681.884,6
89030,12.813372,46463.213,70
89031,13.492251,52278.112,36
89032,12.84986,33749.163,29
89033,15.285883,1921.792,2
89034,8.166667,2409.57,1
89036,12.340773,1836.722,5
89039,3.474373,106.295,3
89040,6.110003,2496.202,11
89041,4.501403,992.562,2
89042,5.171967,746.646,2
89043,5.171967,1593.491,2
89044,7.884191,11157.503,11
89045,3.917621,2335.2,2
89046,3.474373,228.221,3
89047,4.101427,15.092,2
89048,4.501403,2680.997,2
89049,5.624374,2396,2
89052,10.877618,41145.418,30
89053,10.307037,1082.84,2
89054,6.055267,49.045,2
89061,4.501403,9.44,2
89074,12.115755,38892.938,37
89077,15.357783,1130.506,2
89081,12.478249,11761.846,11
89084,11.222521,14702.257,12
89086,13.627534,17.688,2
89101,13.821813,34444.278,54
89102,14.243793,34376.675,58
89103,14.3616,51710.319,52
89104,13.95834,37509.734,73
89105,10.398839,2212.966,2
89106,13.054594,24475.777,41
89107,13.018948,38842.054,46
89108,13.164307,68104.89,60
89109,13.408197,6531.171,33
89110,12.474258,74239.634,72
89111,13.76236,698.393,4
89112,11.768531,2262.248,2
89113,12.69571,26900.951,16
89114,14.39048,1323.139,6
89115,12.376712,57457.817,53
89116,13.978903,1218.626,3
89117,13.681654,44330.702,53
89118,12.960528,21142.481,27
89119,13.808185,45821.71,61
89120,12.007604,21365.148,22
89121,13.645878,57412.469,67
89122,10.357859,48880.419,32
89123,13.099474,49280.609,41
89124,4.771227,3319.625,5
89125,14.903937,2435.262,4
89126,14.39048,2355.049,6
89127,13.504827,2104.091,5
89128,13.455159,37357.212,34
89129,11.528736,49874,42
89130,11.2834,31369.656,39
89131,10.451892,42474.193,25
89132,13.76236,758.748,4
89133,13.840411,2760.623,5
89134,10.017596,22820.115,21
89135,10.131886,27458,20
89136,10.905897,3356.547,2
89137,13.921226,1589.885,3
89138,9.345152,10534,6
89139,11.961035,28873.11,17
89140,11.532416,1007.599,2
89141,8.242447,20308.563,9
89142,12.186302,33318.495,30
89143,8.618804,13872.35,12
89144,9.551545,20004.449,11
89145,13.283105,23753.96,25
89146,14.866501,19755.185,35
89147,13.833773,45450.907,35
89148,10.777146,21692.453,8
89149,9.998421,26066,18
89156,10.254534,28549.641,18
89157,13.036446,2104.916,2
89158,14.742304,206.435,4
89160,16.31778,1295.645,2
89161,4.666667,187.272,1
89162,9.167372,1707.065,2
89166,5.770898,3920.677,3
89169,12.798295,22875.271,49
89170,12.268359,2282.406,3
89173,16.692541,1077.916,2
89178,8.625385,26415.67,7
89180,13.697853,1862.291,3
89183,12.085271,35293.374,23
89191,10.677961,61.429,7
89193,14.109335,1887.831,2
89301,7.300093,7207.919,9
89311,6.49458,153.57,2
89314,6.243999,14.334,4
89316,4.320765,961.26,2
89317,6.243999,186.338,4
89318,6.49458,1560.877,2
89319,6.243999,613.961,4
89402,5.654723,927.962,3
89403,3.227456,5488.133,6
89406,5.509638,20424.742,20
89407,8.691031,3439.567,8
89408,8.378297,1873.691,9
89409,3.917621,7.326,2
89410,9.616524,10968.766,11
89411,7.333333,928.768,1
89412,2.824114,242.788,3
89413,5.712066,326.441,4
89414,2.733374,345.659,2
89415,4.913347,4393,4
89418,5.177406,410.127,5
89419,5.177406,4333.878,5
89420,4.833333,18.333,1
89422,4.833333,18.333,1
89423,6.341001,10538.645,20
89424,6.166667,39.036,1
89427,4.833333,18.333,1
89428,5.090152,111.132,2
89431,13.007745,23770.5,27
89433,8.925866,20110.424,14
89434,9.397818,21121.125,27
89435,11.161033,2256.8,4
89436,6.814334,29363.467,27
89438,2.733374,12.735,2
89439,6.544922,1633.603,2
89440,3.616256,507.067,3
89441,5.3392,3266.766,11
89442,5.772914,424.79,6
89444,4,1525.453,1
89445,5.280359,12637.601,14
89448,6.070795,2622.582,6
89449,7.839693,2154.977,4
89450,14.793333,1456.933,2
89451,11.525198,3930.105,8
89460,6.7695,13611.083,12
89501,17.262774,426.59,3
89502,13.039255,38438.529,34
89503,11.620952,20448.602,17
89506,7.900695,31249.859,34
89508,4.952563,12795.339,23
89509,9.143405,19017.458,17
89510,7.172064,3683.698,6
89511,7.675358,20378.679,23
89512,11.175942,17402.402,16
89513,12.761555,1724.711,2
89515,16.749213,491.951,2
89519,7.915287,8427.105,10
89521,8.364482,13285.736,13
89523,9.952052,19465.076,16
89533,10.023205,1542.008,3
89570,16.749213,104.671,2
89701,7.716225,19952.874,35
89703,10.759876,9625.53,9
89704,6.156052,33.504,2
89705,5.715415,5185.743,7
89706,11.154289,17754.859,22
89721,7.343427,2344.73,4
89801,7.244173,24258.195,24
89803,11.006713,1310.379,2
89815,3.973128,9460.759,8
89821,4.320765,868.74,2
89822,4.665431,2023,2
89823,3.168136,748.076,7
89825,3.100078,110.563,3
89828,4.182422,3.303,6
89830,5.085678,76.134,4
89831,3.100078,193.486,3
89832,3.100078,838.44,3
89833,9.023731,462.93,2
89834,3.100078,810.799,3
89835,9.023731,1363.07,2
89883,5.085678,4473.866,4
90001,14.616497,58352.127,59
90002,14.495103,42433.23,47
90003,14.564653,73010.569,91
90004,15.040033,59454.295,59
90005,16.254836,38357.59,48
90006,16.26844,61892.58,59
90007,15.398366,36686.759,48
90008,13.227828,11085.657,25
90010,17.109923,4460.605,32
90011,15.282029,100132.551,72
90012,16.17273,23813.717,18
90013,18.166667,688.359,1
90014,16.860889,1199.302,2
90015,16.31596,15124.307,27
90016,15.364608,41066.602,76
90017,14.81757,15596.337,16
90018,14.61851,53823.733,62
90019,14.659908,51957.469,56
90020,14.180591,33008.359,49
90021,17.552233,1211.873,4
90022,14.591736,65179.748,62
90023,15.264834,47215.015,45
90024,13.335239,19474.331,15
90025,17.285912,19856.317,20
90026,15.460784,62238.787,64
90027,14.742367,43751.548,49
90028,16.733513,19764.439,31
90029,14.436051,38935.385,52
90030,13.027334,257.348,2
90031,14.316719,28703.388,28
90032,13.542572,47465.583,42
90033,14.675615,37505.573,36
90034,15.554688,36213.852,45
90035,16.4736,28774.953,43
90036,16.48942,27276.923,48
90037,14.574521,41573.815,40
90038,16.267796,26063.618,44
90039,14.912671,29634.659,43
90040,13.837708,12576.392,30
90041,14.850076,29267.574,33
90042,14.361006,59566.173,59
90043,13.98379,43544.75,49
90044,13.480577,88837.01,91
90045,13.633291,30982.303,42
90046,14.475022,37968.121,44
90047,14.173785,50645.381,82
90048,17.130334,18033.784,32
90049,11.271885,25707.273,27
90050,16.504658,1127.619,3
90051,13.027334,680.369,2
90053,16,900.175,1
90054,13.027334,271.737,2
90056,14.238029,9169.233,19
90057,15.456145,47631.228,37
90058,15.139697,3487.008,18
90059,14.566767,34788.229,53
90060,13.027334,258.993,2
90061,14.043142,28477.332,51
90062,15.444425,17349.675,25
90063,13.827355,48301.063,52
90064,16.084485,24814.726,41
90065,13.323528,43543.3,41
90066,14.762469,56758.798,70
90067,13.892322,2314,5
90068,12.555009,14464.621,14
90069,15.585624,23081.558,21
90070,17.790836,329.355,2
90071,18.166667,213.554,1
90072,13.971513,423.243,5
90075,17.790836,690.93,2
90076,17.790836,454.653,2
90077,9.119328,14346.57,13
90079,18.075676,413.747,2
90082,11.942125,1501.432,3
90083,13.554577,590.566,5
90086,13,7187.178,1
90087,13.027334,462.076,2
90089,17.166667,6.872,11
90091,14.423957,1036.274,3
90095,11.833333,5617.5,1
90201,13.173563,99797.19,58
90202,13.399421,1855.763,2
90209,17.394259,1242.144,3
90210,10.939826,16301.995,31
90211,16.878908,7945.398,18
90212,16.463587,12866.087,21
90213,17.394259,1467.245,3
90220,13.091463,46499.131,40
90221,14.010312,49992.228,58
90222,13.819066,26099.687,46
90223,16.45507,1513.63,4
90224,16.748884,2182.257,4
90230,14.484358,22812.544,37
90231,15.169026,2119.806,6
90232,15.867322,15209.054,22
90239,13.989511,2024.858,4
90240,13.388877,17289.835,23
90241,14.606456,26230.757,28
90242,13.828278,27054.607,23
90245,13.054115,16850,23
90247,13.209464,38197.367,48
90248,13.971174,10246.168,59
90249,14.521921,16271.143,25
90250,13.378101,74515.6,62
90251,15.322787,2433.874,3
90254,17.934103,14475.875,22
90255,13.445869,55613.366,53
90260,14.870208,19111.449,29
90262,13.445517,70094.366,54
90265,6.8487,13161.983,13
90266,15.31725,26051.687,34
90267,17.338713,1771.406,3
90270,14.308425,27505.434,17
90272,12.124111,22842.992,18
90274,12.030273,24840.6,22
90275,12.614252,27795.305,22
90277,15.128187,34223.266,34
90278,14.290781,34470.342,39
90280,13.503357,88765.217,75
90290,8.770217,323.11,5
90291,16.901732,23307.038,34
90292,17.12225,10716.14,16
90293,14.372623,4545.908,8
90294,18.433207,906.857,4
90296,15.039885,1027.429,3
90301,14.491827,36041.118,35
90302,13.461091,30428.994,25
90303,13.904785,17042.922,23
90304,13.656086,25422.845,31
90305,13.479434,15453.138,16
90306,16.81121,202.467,2
90307,16.81121,235.584,2
90308,16.81121,546.435,2
90309,16.386857,442.146,5
90401,18.425265,6627.304,24
90402,13.83977,11296.887,20
90403,15.948337,24428.936,34
90404,17.16308,21325.882,27
90405,16.094086,27828.832,49
90406,18.96223,1463.78,3
90408,17.269759,735.709,3
90409,16.185465,743.019,7
90501,14.854261,15071.328,22
90502,14.244226,10233,9
90503,14.378372,31409.572,28
90504,14.071714,33584.805,42
90505,14.868614,36917.296,50
90507,16.143273,249.835,4
90508,16.143273,682.434,4
90601,12.471206,26008.35,34
90602,13.5389,25745.76,41
90603,13.752789,14782.837,23
90604,13.059142,42297.347,37
90605,12.259906,35663.458,48
90606,14.001336,21286.152,29
90607,9.853575,1452.653,4
90608,16.481741,981.425,3
90609,14.808121,1190.201,3
90620,13.782851,42106.271,39
90621,14.749132,35652.47,33
90622,14.091969,2024.637,3
90623,14.550472,16829.698,20
90630,14.374011,49413.054,53
90631,13.935849,61085.051,51
90632,14.483347,2045.827,3
90633,15.993477,1433.148,3
90637,15.766645,1856.135,3
90638,13.295912,39838.558,46
90640,10.363415,57241.839,53
90650,13.701018,85624.077,70
90651,15.665186,2800.103,5
90660,12.713065,55672.747,41
90662,15.301042,857.799,3
90670,13.344731,13325.993,18
90680,14.844694,31540.812,29
90701,14.75385,14945.028,17
90702,14.61636,1948.921,3
90703,14.408144,50363.384,51
90704,7.395608,4076,6
90706,13.862448,63840.299,48
90707,13.719568,2101.964,3
90710,15.036732,28096.491,17
90711,12.662782,1787.86,5
90712,11.022207,24144.533,36
90713,8.996691,29324.536,39
90714,11.322438,1700.557,5
90715,12.022734,8966,7
90716,14.263471,10469.778,4
90717,15.756876,14159.848,26
90720,13.48325,23298.13,24
90721,16.664487,45.326,3
90723,14.131071,55053.632,37
90731,15.262496,51789.103,54
90732,13.437061,18940.795,26
90733,15.564401,2071.873,2
90734,15.339316,1494.459,4
90740,11.900687,24199.978,31
90742,16.376295,1171.202,3
90744,15.022761,55540.821,40
90745,12.454252,37317.712,25
90746,13.149746,24166.721,23
90748,16.801073,2400.06,2
90749,14.98356,1212.11,3
90755,11.053449,11587.271,18
90801,17.875427,2770.354,5
90802,12.568783,36483.068,35
90803,11.62926,27509.121,39
90804,10.332255,39404.669,48
90805,12.407801,80479.085,64
90806,13.035206,33879.507,48
90807,11.902859,25712.838,28
90808,9.072135,30801.317,44
90809,9.217454,1389.131,2
90810,9.715092,27334,32
90813,12.524834,58875.948,62
90814,9.874393,13433.805,15
90815,10.840144,37792.985,47
90832,18.278849,596.522,3
90853,10.637861,1103.762,10
91001,12.359947,30244.835,37
91003,14.050528,1700.479,4
91006,13.375954,31223.745,52
91007,13.582601,25080.284,19
91008,13.127832,1025.065,5
91009,16.816742,1733.784,4
91010,14.179409,17661.053,25
91011,9.978607,13597.586,34
91012,14.258738,1527.037,6
91016,13.167149,34757.861,47
91020,15.358349,758.897,13
91024,11.860019,9412.85,14
91025,14.653784,1580.524,6
91030,13.575182,16455.613,25
91031,15.026288,1678.5,4
91040,9.876498,10377.865,16
91042,11.798339,20016.061,22
91066,15.6064,2031.908,4
91077,13.85377,1266.062,2
91101,16.442728,18707.864,28
91102,19.518416,650.959,2
91103,13.34437,25256.748,29
91104,14.27852,37876.934,47
91105,13.661134,11729.792,29
91106,15.351205,24089.391,34
91107,15.036839,21094.316,38
91108,13.880025,4926.814,17
91109,15.931687,3129.899,3
91114,13.185572,1472.772,3
91115,17.266759,439.894,2
91116,16.862435,615.934,3
91117,13.693935,1413.124,3
91118,13.82194,1348.332,6
91201,13.55097,21546.203,34
91202,12.953389,22859.454,27
91203,15.026902,15122.695,14
91204,15.02669,17202.805,33
91205,14.213768,37198.243,39
91206,11.660503,22161.305,30
91207,10.850213,10662.445,17
91208,10.799013,14593.212,21
91209,15.40495,1943.386,3
91210,15.75002,742.477,2
91214,12.215393,25007.037,33
91221,14.390693,2211.863,4
91222,13.337132,751.639,4
91224,13.449219,1403.763,6
91225,17.440697,2199.738,3
91226,13.333333,1497.264,1
91301,13.018886,8338.351,6
91302,8.21795,17102.611,13
91303,16.216522,23898.206,19
91304,13.21794,36705.618,31
91305,17.833333,1053.144,1
91306,14.654958,31427.211,20
91307,12.913904,18437.246,25
91308,14.269015,1534.943,2
91309,14.5,2178.295,1
91310,5.833333,919.803,1
91311,13.061448,31289.802,28
91313,15.88957,2347.886,2
91316,13.755793,21569.612,26
91320,12.545311,27483.375,20
91321,8.005755,19518.777,29
91322,10.152155,1997.823,4
91324,15.771485,20575.195,30
91325,13.57557,34088.213,38
91326,9.553795,27329.83,16
91327,10,1303.746,1
91330,14.666667,3171.855,1
91331,13.54584,77945.88,76
91333,16.314898,1977.604,2
91335,14.040541,47791.645,30
91340,14.910292,25495.647,35
91341,17.432923,1925.648,6
91342,12.557795,91458.994,69
91343,13.41841,62848.679,34
91344,12.704525,41346.818,42
91345,13.543633,17825.853,24
91346,13.619978,1495.492,2
91350,7.087191,34746.558,42
91351,8.852659,23228.308,29
91352,12.665705,44826.783,50
91353,15.574158,1631.649,3
91354,9.671323,19531.42,10
91355,9.626518,29340.711,27
91356,11.887937,28841.754,23
91357,18.614431,1613.72,2
91358,15.853009,1236.853,2
91359,11.176245,2020.563,2
91360,13.173428,42040.363,29
91361,10.971051,16364.597,14
91362,10.930267,33279.93,22
91364,12.771231,25528.138,23
91365,14.833333,663.178,1
91367,12.839956,28609.616,29
91372,8.978689,1857.994,3
91377,7.86333,14224,7
91380,11.128829,2072.001,2
91381,7.846688,20330.423,4
91384,5.631052,27168.845,12
91385,8.199181,428.645,4
91387,7.372349,36781.504,16
91390,6.707804,13213.055,15
91392,15.536401,3740.249,2
91393,13.932812,1322.612,2
91394,16.111872,1816.406,3
91395,16.667746,56.266,3
91396,15.184466,2100.151,2
91401,15.060935,40400.286,45
91402,13.789817,68442.048,42
91403,12.685898,17289.113,24
91404,15.610584,228.281,5
91405,14.143094,54624.026,33
91406,14.628802,54948.259,41
91407,15.60698,209.679,5
91408,15.608612,506.809,5
91409,15.028273,3006.981,4
91411,15.609238,23563.424,21
91412,17.833333,1227.978,1
91413,14.242237,2264.441,3
91416,14.001256,2372.8,3
91423,15.052214,26005.148,34
91426,14.991129,1577.37,5
91436,13.787882,8745.446,10
91501,12.602312,16798.404,25
91502,14.580959,8188.227,24
91504,12.782552,26371.956,23
91505,14.982874,22176.979,52
91506,14.380934,18849.965,28
91507,14.428539,325.824,4
91510,14.428539,1699.95,4
91601,15.703232,26971.409,28
91602,14.893691,12742.188,15
91604,14.403683,16389.883,21
91605,13.933162,51678.084,54
91606,14.779253,42161.745,59
91607,14.762492,21017.111,19
91609,15.737426,1441.007,3
91615,13.384298,1833.214,3
91617,15.451536,996.656,4
91701,12.332962,39698.72,24
91702,13.069458,48471.695,37
91706,13.144754,62102.339,45
91708,14.613239,3028.453,6
91709,8.449602,54407.35,34
91710,12.859005,57208.118,44
91711,13.450782,24928.395,21
91722,14.223457,36005.511,48
91723,15.445926,7779.976,14
91724,13.354203,23535.221,30
91730,13.504289,48625.761,28
91731,13.861374,27708.465,36
91732,13.104552,52340.746,37
91733,13.582386,10250.712,15
91734,15.932883,2677.216,3
91737,10.152923,24845.937,23
91739,10.195047,5443.927,7
91740,14.040574,26521.808,30
91741,12.238349,20802.261,21
91743,7.632995,973.186,2
91744,13.509156,73599.6,62
91745,12.806634,49790.33,37
91746,13.410311,23848.914,21
91748,13.205169,32909.634,20
91750,14.145458,22239.859,23
91752,9.210628,22270.134,24
91754,16.098049,32983.814,40
91755,13.871935,23045.036,22
91761,10.719267,59396.629,40
91762,12.682552,61091.187,58
91763,13.953501,27162.124,25
91764,12.387822,51598.409,40
91765,11.495913,41413.508,26
91766,12.776571,52157.5,30
91767,13.540728,30532.925,34
91768,13.340803,34313.939,22
91769,17.641815,1989.786,3
91770,13.420754,55321.407,37
91773,11.65296,33601.878,26
91775,13.092861,24911.988,33
91776,14.877176,23003.781,38
91778,12.839752,1971.241,3
91780,14.140611,29201.204,37
91784,7.611859,25310.434,31
91785,14.563656,1829.957,3
91786,12.860156,53137.106,54
91788,14.826158,1843.066,2
91789,11.852174,27183.939,28
91790,13.322641,36128.946,41
91791,12.256119,23062.114,26
91792,13.332494,28749.723,22
91793,15.561541,2475.706,4
91801,14.041579,52118.864,49
91802,14.117085,2448.719,3
91803,14.657463,30369.304,35
91901,6.822951,15627.554,13
91902,7.915409,15436.432,14
91903,10.244363,2912.851,3
91910,13.184758,71527.165,57
91911,14.005912,75307.983,57
91912,15.65092,4707.531,4
91913,12.072742,11114.939,15
91914,10.333333,566.588,1
91916,5.25249,2867.906,4
91917,4.890684,1675.352,2
91931,6.337465,180.285,4
91932,14.102607,17676.711,18
91933,15.762447,2252.05,4
91935,4.913596,7771,4
91941,11.305618,29814.844,34
91942,14.128233,25197.864,38
91944,16.611258,1530.51,3
91945,12.872562,25653.824,24
91946,18.309736,1658.922,2
91948,6.85156,5.302,2
91950,14.707919,59606.452,41
91951,18.227258,2519.046,4
91962,6.85156,1659.592,2
91976,11.451663,1142.353,3
91977,11.852361,59534.272,47
91978,11.410229,9825,4
91979,11.451663,1929.129,3
92003,6.775317,3932.773,5
92008,13.462623,17560.354,15
92009,9.849875,13191.559,19
92010,10.096287,9431.943,12
92011,11.69183,15559.565,10
92013,8.947774,1186.08,4
92014,9.957925,9204.324,17
92019,10.410377,31224.696,28
92020,12.493529,45108.544,38
92021,12.485248,58246.98,45
92022,13.808867,2669.734,2
92023,11.992431,1077.333,4
92024,12.674384,37996.249,38
92025,12.834049,48684.35,37
92026,10.487937,45823.335,49
92027,12.655803,42226.312,38
92028,9.276434,34534.635,29
92029,8.662192,10724.991,12
92030,12.894726,2552.548,2
92033,16.600733,3332.712,3
92036,7.600171,1779.77,8
92037,11.475765,35280.009,38
92039,13.19537,958.877,2
92040,9.05646,33002.638,28
92049,17.291756,744.477,3
92051,12.893038,2428.961,4
92054,12.904948,20693.561,22
92056,10.221705,43184.887,35
92057,11.674987,18577.359,15
92058,7.400236,43505.274,16
92059,5.5,0.853,1
92060,5.767151,206.838,3
92061,5.767151,2.273,3
92064,9.788401,47429.925,46
92065,7.295814,29499.433,27
92066,5.767151,443.225,3
92067,7.513094,4597.817,10
92069,11.794888,27869.013,27
92070,6.788709,853.101,6
92071,12.14331,36575.335,33
92072,13.809959,2329.752,2
92074,11.509979,1974.339,4
92075,10.019321,6633.798,12
92078,13.073451,13737.69,9
92079,11.346576,3027.343,3
92081,10.267688,24484.708,25
92082,5.540582,8185.091,7
92083,12.536136,36506.751,44
92084,12.004502,39278.108,34
92085,10.646667,2852.645,3
92086,5.767151,1636.522,3
92088,13.027969,3397.714,3
92091,7.804369,99.921,9
92092,12.833333,2.578,2
92093,12.803763,1.775,6
92101,16.397489,5228.141,16
92102,14.736616,35903.001,41
92103,15.350674,26886.595,31
92104,14.342443,33915.307,47
92105,13.647645,68234.476,63
92106,12.9984,11517.719,17
92107,14.249934,16858.23,23
92108,11.609446,10494.302,31
92109,14.841776,37647.077,45
92110,14.337632,23479.876,29
92111,12.177345,47065.648,40
92113,13.959661,46836.216,44
92114,11.972668,66877.781,50
92115,14.093653,60347.463,51
92116,13.607619,22896.997,31
92117,12.677958,52803.217,46
92118,13.741428,22215.202,16
92119,10.715755,22494.583,36
92120,11.013864,31232.244,42
92121,6.785396,3993.539,8
92122,11.433176,30204.613,22
92123,12.892861,27815.141,19
92124,9.748082,30078.836,18
92126,12.202927,71223.337,42
92127,10.812964,5786.566,9
92128,10.7678,27100.966,20
92129,8.410313,40011.612,29
92130,9.026074,21394,7
92131,8.012869,34896.552,19
92137,17.333333,241.758,1
92138,17.333333,1189.528,1
92139,12.147325,36283.558,26
92140,8.833333,3715,4
92142,12.84941,1423.426,2
92143,16.350395,4487.685,2
92149,12.353386,1167.926,2
92150,13.635074,2917.752,2
92154,12.782976,67252.047,45
92159,13.303991,1800.157,5
92160,13.702627,1314.454,4
92163,14.238247,1591.493,3
92165,15.746419,2137.55,2
92166,14.499114,1685.712,3
92167,16.469291,1015.309,3
92169,17.243926,1692.396,2
92170,14.419032,2159.469,3
92171,11.479902,1962.071,4
92172,10.820677,2258.573,3
92173,12.875582,26994.925,19
92174,11.435842,3564.953,3
92175,16.682015,2349.123,2
92177,13.376543,2683.752,5
92178,14.247553,1387.169,2
92191,6.382028,1436.842,2
92192,13.355814,1075.387,3
92195,13.353881,2665.292,4
92196,14.320165,3108.531,4
92198,13.350505,1208.21,2
92201,11.665816,52056.502,29
92203,8.482923,22889.654,15
92210,8.503299,5649.984,10
92211,9.750254,18318.278,17
92220,7.040637,34226.453,19
92223,12.633108,50225.6,22
92225,11.954959,14773.754,21
92226,15.113601,1752.051,2
92227,8.178594,22920.383,21
92230,5.751161,2191.745,4
92231,8.455279,3820,2
92233,4.370825,7595.286,6
92234,11.051446,45645.694,30
92235,10.328433,1357.402,2
92236,12.171075,33129.933,18
92239,5.333333,144.78,1
92240,11.328812,34188.864,13
92241,8.942337,4958.447,9
92242,4.109639,1307.048,4
92243,10.601856,45728.831,29
92244,14.325481,3067.409,4
92247,13.842624,1669.638,3
92249,2.666667,4.789,2
92250,6.663058,8880.914,10
92251,8.106889,4891.083,8
92252,5.625832,8966.135,8
92253,11.586927,17532.687,15
92255,10.5,2257.547,1
92256,5.61212,3429.347,9
92257,3.675883,1185.866,7
92258,10.53256,22.026,3
92259,2.678398,6.782,2
92260,9.658034,22392.746,24
92261,14.801139,2308.157,2
92262,12.961124,27209.633,22
92263,11.322805,2338.47,4
92264,12.198172,14954.863,23
92268,3.038709,460.268,2
92270,10.41668,18415.825,18
92273,5.107887,25.602,3
92274,3.824815,10678.772,10
92275,4.791418,8.046,3
92276,10.712345,7768.307,6
92277,5.96041,17267.7,6
92280,5.880775,25.143,2
92281,8.000223,280.781,2
92282,4.527441,1425.228,9
92283,6.31018,1771.985,5
92284,6.732326,10170.373,14
92285,3.073562,573.483,5
92301,4.333333,1.061,1
92305,3.703781,640.033,2
92307,8.953498,23178.742,20
92308,8.914676,14634.259,10
92309,4.697885,51.056,4
92310,9.5,9086,1
92311,10.550465,16878.708,19
92312,14.795068,1916.619,2
92313,9.711608,8898.735,16
92314,8.066439,5180.271,12
92315,13.740286,5276.376,13
92316,10.746565,28482.025,25
92318,14.294338,110.345,2
92320,10.046848,7575.854,5
92321,6.342732,4.178,2
92323,4.697885,68.926,4
92324,11.476047,46222.32,46
92325,8.812736,5656,7
92327,4.697885,160.827,4
92328,6.708547,57.755,4
92329,8.838051,4348.342,4
92332,4.738642,60.81,6
92333,8.80091,368.236,2
92334,15.956683,2410.813,2
92335,12.097382,63127.859,54
92336,12.395929,35030.92,27
92337,11.827836,21301.344,14
92338,4.697885,86.796,4
92339,3.703781,1093.389,2
92341,9.737179,86.262,3
92342,5.333333,414.254,1
92344,6.641467,2343.62,7
92345,9.550679,62047.311,35
92346,11.895436,45075.389,35
92347,4.177126,953.896,4
92352,6.342732,12.534,2
92354,13.915829,12384.786,10
92356,5.021591,4005.744,7
92358,4.57797,1006.43,2
92359,10.262405,8902.094,8
92363,7.142797,5402.714,5
92364,4.697885,201.673,4
92365,4.697885,2902.553,4
92366,4.697885,25.528,4
92368,5.333333,1008.38,1
92369,8.181896,1585.684,3
92371,7.532575,4243.422,9
92372,8.838051,7.391,4
92373,11.489711,17087.488,27
92374,12.331819,25490.259,27
92375,15.499691,1094.429,2
92376,12.881475,83799.756,60
92377,11.743961,17574.025,12
92378,6.342732,104.452,2
92382,9.300209,4987.359,9
92385,6.342732,284.11,2
92389,6.708547,156.763,4
92392,10.672598,27829.916,13
92394,3.500728,4390.626,4
92395,12.541083,16179.621,20
92397,5.844156,4284.232,7
92398,4.177126,2.344,4
92399,11.928201,24314.66,22
92401,15.725079,1217.529,5
92402,16.341043,907.182,2
92404,12.787614,29506.967,34
92405,12.285238,17986.117,26
92406,14.026709,2401.35,4
92407,10.762927,56486.428,41
92408,13.812634,6208.368,15
92410,11.856469,24550.109,38
92411,12.774244,25781.133,23
92413,13.829967,2221.876,2
92423,13.595521,2060.327,3
92427,7.759105,3356.728,2
92501,14.031409,19679.62,29
92502,16.455969,978.352,5
92503,12.454728,70753.167,67
92504,11.735144,55576.375,56
92505,12.30364,52080.118,29
92506,12.06374,38314.046,57
92507,12.834818,45344.227,52
92508,12.605025,18796.229,22
92509,10.712884,70310.263,42
92513,11.550656,2329.396,2
92514,13.649485,1216.026,4
92516,14.709529,2186.383,5
92517,15.023582,3459.889,2
92518,11.16531,2327.042,3
92519,14.664962,2991.536,3
92530,10.340011,54341.351,29
92531,16.346182,2206.092,2
92532,9.134823,9997.408,14
92536,3.961103,1299.859,6
92539,3.925683,2672.59,3
92543,12.776513,27025.358,34
92544,9.614177,45605.7,28
92545,10.812594,24582.244,20
92546,16.182933,3912.167,3
92548,6.630004,8060.788,6
92549,7.202754,2090.715,3
92551,11.772371,35021.243,19
92552,14.275787,2528.447,2
92553,12.581662,61616.499,41
92555,8.776487,32078.533,18
92556,11.417771,1827.871,2
92557,10.14545,50267.612,26
92561,5.718182,473.166,6
92562,9.88617,42166.902,28
92563,9.461601,10759.531,6
92564,14.304059,1506.536,2
92567,5.54301,9732.734,9
92570,7.716737,31629.611,20
92571,8.044928,39.677,12
92581,10.82369,2810.15,2
92582,8.759106,10076.148,10
92583,11.242491,21161.379,9
92584,9.924136,40840.803,24
92585,7.191871,18681.198,16
92586,11.548371,17902.217,13
92587,7.146286,16298.564,11
92589,7.534141,3165.684,2
92590,8.505042,2636.005,5
92591,10.752973,36982.517,22
92592,10.032741,55760.754,25
92593,8.35283,1911.874,2
92595,9.540616,33143.778,30
92596,6.533575,8885.63,6
92603,8.853405,8484.936,9
92604,14.132198,28753.044,35
92605,14.638712,1052.104,3
92606,15.338899,12295.885,8
92607,14.102957,1468.722,2
92609,15.204467,2147.728,3
92610,13.398279,6846.619,10
92612,13.916079,21051.172,13
92614,12.953081,22529.087,22
92615,15.916386,2137.475,2
92616,16.568059,2087.821,2
92617,14.111222,17086,3
92618,15.832802,6482.311,21
92619,16.166667,1819.975,1
92620,12.588477,12945,8
92624,9.770867,6560.727,11
92625,14.467318,11128.255,21
92626,13.820188,40621.407,38
92627,14.13287,63647.377,58
92628,16.07905,1944.135,2
92629,13.269043,25455.682,28
92630,13.735466,61800.311,40
92637,11.437476,17634.986,26
92646,14.197914,52756.488,49
92647,14.775725,61723.197,45
92648,14.388247,39379.14,49
92649,13.435204,34617.105,37
92650,16.166667,50.699,1
92651,12.450621,17947.586,26
92652,16.337486,2218.789,7
92653,13.559395,21574.61,35
92654,13.693449,1147.916,4
92655,14.755912,9789.306,12
92656,10.560611,51153.82,37
92657,9.494558,11291.357,11
92658,12.759194,3158.584,4
92659,15.161792,2111.844,5
92660,12.618729,23750.654,45
92661,16.037996,3470.646,4
92662,15.469493,2606,2
92663,14.716127,20318.812,34
92672,11.121227,29440.204,28
92673,9.35719,19796.461,15
92674,14.442113,1748.886,7
92675,10.073294,21187.412,34
92676,4.354339,1796.672,15
92677,11.410885,65843.439,51
92678,5.5,829.922,1
92679,6.841739,31436.797,29
92683,14.926599,82511.587,71
92684,14.915902,3553.423,6
92685,16.6736,3647.739,4
92688,10.467943,37785.141,33
92690,13.838365,2717.571,3
92691,12.741114,49315.889,40
92692,12.043659,47655.5,61
92693,13.317876,3245.432,4
92694,8.98665,32577.456,12
92701,15.0886,47319.798,51
92702,17.426783,2260.632,4
92703,13.969219,68000.023,63
92704,14.260857,86833.427,58
92705,12.742873,43692.571,66
92706,14.053587,40756.813,31
92707,14.560796,60633.743,47
92708,15.066205,54843.533,50
92711,15.15416,2195.567,4
92728,14.506334,1984.005,3
92735,12.361006,1899.657,2
92780,13.18956,49707.003,43
92781,17.903632,1774.953,2
92782,11.716793,19684.371,16
92799,13.555925,2694.185,3
92801,14.286696,68928.462,75
92802,13.004846,42941.821,43
92803,16.606312,3110.065,3
92804,13.972408,85023.017,82
92805,14.419794,58669.479,39
92806,13.420008,35676.118,46
92807,9.983594,34897.294,43
92808,8.843504,18403.41,16
92809,11.257476,1602.929,4
92811,14.460406,1370.976,3
92812,13.166667,29.114,1
92814,15.065692,1800.775,4
92816,15.556953,849.302,3
92817,8.546423,1543.099,3
92821,13.521992,33013.632,35
92822,16.380609,1746.989,4
92823,9.871476,447.426,5
92825,14.910265,1679.427,3
92831,14.213005,35064.11,38
92832,15.108016,23596.691,37
92833,13.687491,46659.486,42
92834,15.89842,3092.871,10
92835,13.667338,15556.246,44
92836,17.318986,1355.846,3
92837,14.647175,922.935,6
92838,11.225449,1611.43,4
92840,14.291254,54771.591,53
92841,14.15549,31864.271,48
92842,13.897577,3443.547,4
92843,14.340353,45478.391,50
92844,14.858868,24660.491,33
92845,13.772793,15577.824,15
92846,13.953716,1423.744,2
92856,15.493359,1893.479,5
92857,14.964333,1375.637,4
92859,15.169281,1411.013,3
92860,7.999162,26488.321,22
92861,10.276017,5634.023,12
92863,15.052192,2973.767,4
92865,14.234493,20136.23,29
92866,15.208831,13927.229,16
92867,12.553242,41368.451,54
92868,13.999996,8908.259,18
92869,12.313795,34734.7,32
92870,13.93911,50908.856,53
92871,14.06346,1322.352,3
92877,15.71965,2102.093,3
92878,10.776097,22338.77,20
92879,12.613365,42188.939,35
92880,9.080622,27746.681,12
92881,12.316221,18071.27,16
92882,10.647694,66629.087,41
92883,6.350955,23273.062,11
92885,15.007883,1374.476,5
92886,10.594634,44548.94,44
92887,7.062386,20777.55,19
93001,11.85859,23034.3,26
93002,17.897321,1456.053,2
93003,13.580346,21619.322,27
93004,12.486178,21167.524,15
93005,15.235632,1235.325,3
93006,13.877976,1488.58,2
93007,11.618859,895.993,2
93010,8.589351,37977.341,21
93011,13.996304,2617.788,3
93012,7.84162,19612.937,19
93013,9.892438,14112.634,14
93014,14.663183,1149.24,4
93015,8.683339,15765.204,9
93016,9.42902,1430.455,3
93021,9.339799,36259.346,25
93022,10.622842,5566.041,6
93023,9.265995,18932.342,21
93024,10.036461,1131.97,2
93030,14.124031,30979.802,19
93031,16.833333,2400.337,1
93032,15.477483,1986.65,3
93033,13.934129,69359.621,46
93035,13.94508,8340.832,6
93036,15.007187,31129.754,15
93041,13.85468,21657.017,17
93044,15.525922,2622.55,4
93060,9.274656,32946.214,33
93061,15.650686,1251.427,4
93062,14.504196,1652.789,2
93063,13.156922,41764.376,30
93065,11.569046,60308.71,43
93066,7.105387,1625.558,5
93067,6.138307,2053.467,5
93094,14.84346,2346.758,3
93101,11.549955,21641.461,33
93102,18.173494,589.296,2
93103,9.326483,13216.271,23
93105,9.40669,19467.074,39
93108,6.276964,6314.197,18
93109,8.826037,8292.399,13
93110,8.418688,16339.796,20
93111,9.005016,17739.813,29
93116,15.281386,1488.448,5
93117,9.711307,31161.342,30
93120,18.173494,457.768,2
93121,18.173494,807.864,2
93150,6.834223,928.766,3
93160,15.281386,1523.011,5
93190,18.173494,660.218,2
93202,9.606131,3815.599,4
93203,7.540051,22411.837,9
93204,6.599847,4.856,3
93206,6.599847,92.272,2
93210,11.403778,12213.127,22
93212,7.916526,14571.753,21
93215,5.651136,15682.8,14
93218,4.495495,415.538,4
93219,5.051056,676.801,4
93221,7.131283,14378.271,19
93223,6.978048,9748.899,13
93224,5.414625,724.2,4
93225,11.074108,3306,3
93230,11.626914,49064.339,42
93234,6.323704,4944.837,5
93239,5.984113,753.758,3
93240,5.048102,3087.576,4
93241,11.496303,9652.647,6
93242,7.720679,3338.798,8
93243,7.092483,14.379,7
93244,4.960272,45.916,5
93245,9.52029,22002.486,21
93247,7.585101,17922.288,19
93249,6.599847,1165.538,2
93250,7.228547,3733,3
93251,5.447938,175.562,5
93252,5.228657,1703.772,5
93254,4.666667,423.315,1
93256,5.051056,5444.587,4
93257,7.566843,37938.748,30
93258,10.986936,2011.911,3
93263,10.802917,11942.51,7
93265,5.486172,596.903,3
93266,5.984113,1465.05,3
93267,5.01504,262.001,7
93268,9.706505,18895.915,12
93270,4.519283,5738.795,8
93272,5.051056,30.176,4
93274,7.620627,57133.42,47
93275,10.30423,1119.271,2
93277,10.585859,41378.471,37
93278,12.125768,1508.827,5
93279,12.166667,769.476,1
93280,11.789046,6479.867,6
93283,5.047921,1743.48,6
93286,7.636798,8507.542,11
93290,9.833333,1099.661,1
93291,9.738198,7411.655,12
93292,8.442877,14200.869,30
93301,14.966926,4567.506,13
93302,17.806806,684.56,2
93303,17.806806,339.403,2
93304,13.745099,17026.778,19
93305,12.663434,16416.157,19
93306,12.331912,39124.505,33
93307,10.108074,13167.732,35
93308,10.650651,31045.453,26
93309,13.111864,47879.76,34
93311,9.234924,15911.158,12
93312,10.567119,22970.76,12
93313,12.1988,7299.603,13
93314,5.47667,3012.516,5
93386,14.494474,1363.523,2
93387,11.797226,1844.299,2
93389,11.302177,1461.048,2
93390,14.666667,1181.838,1
93401,13.795199,19094.372,24
93402,11.324854,14842.856,12
93403,12.884383,1576.191,4
93405,12.251471,11242.598,12
93412,11.209502,1166.223,2
93420,8.356359,12596.112,10
93421,9.872852,1527.982,5
93422,10.4739,14401.401,11
93423,14.434737,3085.118,3
93424,7.626291,1229.573,3
93426,5.392315,2322.827,2
93427,4.500972,111.397,3
93428,9.770526,6063.316,7
93430,10.762774,3003.039,5
93433,14.685805,4087.234,4
93435,5.715247,65.063,5
93436,8.601633,45711.111,35
93440,5.567394,46.993,4
93441,8.913523,1342.666,3
93442,13.283127,4603.552,7
93443,13.156416,953.227,2
93444,4.751282,561.604,3
93445,14.685805,3.086,4
93446,10.526888,21109.624,10
93448,12.80955,301.891,4
93449,12.768361,3375.936,7
93450,5.392315,434.35,2
93451,7.260257,3020.491,4
93452,5.542278,743.577,2
93453,4.751282,14.835,3
93454,13.771137,36522.595,40
93455,11.266138,34591.915,30
93456,15.553905,2818.883,3
93457,10.80057,951.714,3
93458,14.383215,12690,9
93460,8.592987,1146.285,4
93461,6.599847,4.856,2
93463,8.913523,168.566,3
93465,8.088051,349.982,4
93483,14.685805,1587.68,4
93501,6.42874,4682.673,9
93502,8.000985,1147.248,3
93505,6.121524,4231,3
93510,7.166667,2836.429,1
93512,6.351111,117.192,4
93513,9.022319,1553.659,2
93514,6.815342,12993.589,16
93515,9.588951,1522.336,4
93516,7.632353,2312,2
93517,7.483306,1284.036,4
93518,4.748686,211.067,2
93523,4.503352,5145.685,4
93526,9.022319,707.317,2
93527,6.708547,111.385,4
93529,6.351111,464.078,4
93530,9.022319,36.585,2
93531,4.748686,11.081,2
93532,5.494456,4419.198,5
93534,10.688576,28568.011,38
93535,7.457775,52092.11,27
93536,7.287399,36685.74,26
93539,9.64797,3333.706,3
93541,7.483306,140.877,4
93543,5.630617,8923.928,8
93544,4.95251,1160.9,10
93545,6.710817,2485.901,6
93546,6.35029,1405.805,6
93549,6.708547,119.635,4
93550,7.412724,56550.296,28
93551,7.770149,21104.754,13
93552,8.231849,20533.882,11
93553,4.956467,2320.504,6
93555,9.517347,5713.252,8
93556,11.621891,1205.138,2
93560,4.5,3.138,2
93561,6.389269,10243.642,9
93562,4.70224,1768.219,3
93563,4.946423,14.869,3
93581,4.748686,961.41,2
93584,15.618495,1357.02,2
93586,7.246706,1194.085,5
93590,11.5,2460.157,1
93591,5.19631,5923.099,7
93592,4.70224,26.391,3
93601,4.615275,1105.502,12
93602,5.470137,1756.753,7
93604,5.167089,766.903,12
93606,5.081187,675.485,2
93608,6.986662,784.97,6
93609,6.577114,5594.437,21
93610,3.034098,8479.152,9
93611,11.927128,42336.99,51
93612,12.609387,33460.591,48
93613,15.48414,2233.134,4
93614,4.541699,6159.92,12
93615,5.690114,6533.678,7
93616,4.913904,2221.799,8
93618,8.657556,27143.29,24
93619,7.532684,30212.461,37
93620,3.384282,2222.871,9
93622,3.438811,591.673,8
93623,4.591924,159.672,5
93624,10.02137,2666.108,10
93625,5.816652,8664.917,18
93626,5.143549,2217.204,8
93627,6.986662,103.135,6
93630,4.010453,5044.921,13
93631,7.458526,7249.782,26
93635,12.77507,14941.42,11
93636,5.912018,8290.418,11
93638,11.24946,23036.543,14
93640,6.01951,6026.064,14
93643,4.309361,1726.412,4
93644,6.206757,8949.014,12
93645,4.309361,104.715,4
93646,8.811812,10473.564,8
93647,3.610213,2029.398,10
93648,7.81902,6875.687,10
93650,14.827888,4120.44,9
93651,5.475625,598.166,3
93652,3.838773,347.712,4
93653,3.254082,634.435,7
93654,9.075797,16249.054,20
93656,6.13325,6684.349,28
93657,8.186384,11997.139,15
93660,6.979023,4365.026,11
93662,9.977156,22871.006,30
93668,6.968802,1244.583,11
93669,4.309361,323.788,4
93673,4.011642,381.265,3
93675,3.570381,3.417,3
93701,13.932006,5326.242,21
93702,13.725919,45541.237,60
93703,13.25431,27683.022,37
93704,14.530098,27602.319,34
93705,13.818836,30078.644,39
93706,11.155843,31099.303,48
93710,12.737865,32636.264,31
93711,12.834709,34567.648,42
93720,12.0287,36318.674,32
93721,16.278104,6601.622,22
93722,10.905276,72201.393,45
93723,5.281779,2279.4,9
93725,8.188036,15905.016,37
93726,14.186422,43907.485,39
93727,11.454849,62837.867,44
93728,14.886078,15605.117,33
93729,16.124744,1945.737,3
93730,8.984957,8568.958,4
93737,5.25843,5695.718,8
93744,15.620999,1053.348,4
93745,13.909466,1618.825,4
93747,12.304365,1344.58,2
93755,13.804945,1307.831,2
93771,15.235424,148.625,3
93772,15.235424,145.208,3
93773,15.235424,167.417,3
93774,15.235424,196.458,3
93775,15.235424,143.5,3
93776,15.235424,134.958,3
93777,15.235424,114.458,3
93778,15.235424,116.167,3
93779,15.235424,191.333,3
93790,13.165232,451.628,2
93791,13.165232,145.838,2
93792,13.165232,105.85,2
93793,13.165232,115.259,2
93794,13.165232,465.741,2
93901,14.168227,24824.848,22
93902,19.666667,1528.342,1
93905,13.623399,58545.056,36
93906,13.816239,55211.974,32
93907,7.936215,20895.363,24
93908,7.983084,5544.552,32
93912,13.279191,2655.051,2
93915,13.056009,2384.784,2
93920,4.862064,1102.248,3
93923,12.466988,10763.437,11
93924,8.710016,873.99,7
93925,7.879009,1393.823,6
93926,8.862972,9996.931,6
93927,9.718162,19804.112,13
93930,10.259098,10323.033,9
93932,5.392315,4.721,2
93933,13.467909,25761.223,15
93940,13.654943,23581.852,21
93942,15.453738,1440.166,4
93943,16.757663,13.583,7
93950,15.748806,15567,12
93953,12.584,293.558,8
93955,14.74161,25773.174,24
93960,4.81164,12867.636,12
93962,12.597108,1444.416,5
94002,10.065909,27399.462,27
94005,9.131671,4625.025,7
94010,9.92751,36406.097,47
94011,13.960738,732.093,2
94014,13.109921,25059.233,27
94015,8.30684,62475.259,45
94017,9.538521,2418.099,4
94018,7.182332,4675.613,8
94019,8.669714,7412.43,14
94020,4.966732,1610.675,10
94021,4.94779,285.952,4
94022,11.987903,18194.169,20
94023,16.563237,1676.391,3
94024,10.774171,22757.172,36
94025,11.908631,39358.839,46
94026,13.178118,3178.435,12
94027,8.291389,7184.154,28
94028,7.150347,6922.037,9
94030,9.737179,22703,15
94035,9,455.14,1
94037,6.899168,1286.712,4
94038,6.899168,4968.774,4
94039,19.302453,764.504,2
94040,15.421394,33987.005,48
94041,14.408681,9114.556,10
94042,19.302453,886.034,2
94043,14.780275,30249.46,28
94044,7.820377,39058.641,26
94060,4.980348,719.605,6
94061,10.191687,34601.006,31
94062,8.69056,25707.212,51
94063,11.884167,32069.418,25
94064,19.5,1180.514,1
94065,10.395262,12579,7
94066,8.705546,34995.162,27
94070,9.72452,31136.881,30
94074,4.94779,381.269,4
94080,10.440032,41058.227,29
94083,12.911276,1132.207,3
94085,14.552298,11799.158,7
94086,14.834552,28655.776,28
94087,14.398665,44109.695,58
94088,12.168774,1415.317,3
94089,14.018277,15640.173,9
94102,15.628059,19730.241,23
94103,16.715142,4431.918,13
94104,18.28733,814.86,2
94105,18.111926,91.482,2
94107,17.150622,12459.726,18
94108,16.468019,10766.296,17
94109,15.720709,26255.832,30
94110,16.559056,58703.257,64
94111,18.119752,1798.589,7
94112,15.592206,61543.547,59
94114,16.174254,28444.276,44
94115,15.784264,21577.942,25
94116,15.099056,38479.427,56
94117,15.778714,32622.633,40
94118,16.040686,27067.594,31
94121,15.436568,36724.129,32
94122,15.377403,54058.599,54
94123,16.623002,14624.285,19
94124,16.170493,33960.799,29
94126,18.111926,1119.131,2
94127,15.690782,21535.437,32
94129,13.333333,4086.567,3
94131,14.879765,30035.524,38
94132,14.692654,31029.53,29
94133,16.786704,11179.837,13
94134,15.446442,43836.294,39
94140,18.859636,1535.665,4
94141,17.316121,530.293,2
94146,16.854084,959.115,3
94147,17.564204,2247.952,5
94158,17.222495,2.981,2
94188,14,219.389,1
94301,15.541825,16466.116,26
94302,17.877065,1081.347,3
94303,13.277502,22898.189,25
94304,16.469109,3848.501,9
94305,15.593264,6163.37,7
94306,15.336379,22723.041,37
94309,17.77256,6205.578,3
94401,10.354697,23759.05,28
94402,10.292846,24078.632,35
94403,12.164994,44188.377,28
94404,10.820349,28615.38,20
94501,15.472599,63843,51
94502,15.508414,14619,7
94503,9.464027,19788.876,10
94505,7.168208,8028.433,6
94506,6.789394,14989.592,11
94507,9.41106,12295.233,12
94508,5.861146,3744.676,6
94509,8.903413,62858.24,42
94510,11.828027,27476.997,25
94511,4.795204,981.989,3
94513,8.257145,17229.47,19
94514,5.333373,1268.806,4
94515,9.5635,6871.906,20
94517,9.629044,6760.056,10
94518,12.370884,18431.164,24
94519,13.906159,19632.907,22
94520,13.612501,25488,23
94521,12.412353,25990.985,32
94522,16.843849,659.242,2
94523,13.352342,33015.737,35
94525,10.656206,3329.231,8
94526,9.128981,29018.285,24
94530,15.035969,25275.516,46
94531,7.951072,25786.465,15
94533,11.982248,76022.238,56
94534,8.182273,19799.701,21
94535,9.595424,3944.899,16
94536,13.41048,64805.911,38
94538,14.146386,54507.884,45
94539,12.557923,52504.471,38
94540,14.769435,1315.005,2
94541,13.50341,51737.649,46
94542,10.189428,14727.398,11
94543,18.681713,733.724,3
94544,13.193997,74614.42,52
94545,12.969367,32851.422,27
94546,13.280987,44475.365,34
94547,14.023422,25200.334,18
94549,8.751409,28985.238,34
94550,12.60478,46314.259,44
94551,14.577182,37696.836,29
94552,7.284106,14435.001,21
94553,12.124951,38513.833,41
94555,12.880572,38265.077,28
94556,8.757991,16502.833,21
94557,13.173982,808.066,3
94558,8.182649,68212.659,71
94559,9.462899,27657.679,31
94560,14.480513,41584,24
94561,7.957814,22072.591,13
94563,8.816662,18511.661,27
94564,14.752368,19010.664,23
94565,8.808455,60277.072,41
94566,14.519325,45869.326,32
94567,4.980803,499.073,10
94568,15.332806,59521.299,23
94569,10.17224,181.744,3
94570,10.719901,1180.205,3
94571,5.5,154.815,1
94572,13.162227,10315.18,19
94573,7.473638,571.474,4
94574,7.156736,8704.998,21
94576,5.861146,223.801,6
94577,13.674038,41056.727,56
94578,13.5469,37093.457,32
94579,13.4947,21444.716,27
94580,13.0243,25468.054,37
94581,11.865681,1325.41,3
94582,11.051835,16393.815,8
94583,10.251208,27876.433,33
94585,12.910999,28913.882,24
94586,9.655832,1736.886,6
94587,13.160173,67644.6,42
94588,15.130868,25630.235,25
94589,12.985336,30419.056,21
94590,14.917582,37624.037,31
94591,11.991065,54444.767,40
94592,8.694247,1051.906,3
94595,8.835895,14517.763,13
94596,11.016085,15288.156,23
94597,14.209027,12289.705,19
94598,11.138267,29307.747,40
94599,8.790692,3107.466,9
94601,14.677773,52128.262,48
94602,14.129994,29335.439,47
94603,14.449772,31707.673,35
94605,12.242814,45456.202,60
94606,15.180276,39419.895,56
94607,16.026191,18650.315,30
94608,16.261747,30618.739,44
94609,16.191919,21367.751,43
94610,14.662904,31057.454,54
94611,13.426618,38073.382,54
94612,16.642437,9390.38,22
94614,15.755294,1196.704,4
94618,14.837634,16814.521,31
94619,13.708058,25161.641,46
94620,15.986244,945.563,2
94621,14.345012,33126.707,48
94623,16.755441,1060.344,3
94624,13.713793,1489.283,3
94661,14.26101,318.641,4
94662,18.405103,1092.943,3
94702,16.04862,17456.155,41
94703,14.819936,21851.098,34
94704,16.105035,24151.933,29
94705,15.536839,14068.03,30
94706,15.801834,13020.061,23
94707,14.713295,12455.287,39
94708,13.985873,11531.55,24
94709,16.59851,11298.819,23
94710,17.037608,7529.376,6
94720,14.653864,321.581,22
94801,14.242454,27098.171,25
94802,14.661831,1930.546,4
94803,11.991486,24015.019,23
94804,15.083414,36143.661,54
94805,14.437678,14121.218,42
94806,15.11396,51890.235,51
94807,9.212343,873.518,2
94820,13.641839,2011.504,4
94901,10.67557,28072.568,29
94903,11.85204,23079.426,22
94904,12.277891,11756.425,23
94912,13.719883,3243.967,2
94913,12.26478,604.93,3
94914,12.001251,906.728,5
94920,11.510264,12989.411,14
94922,4.63806,5.856,4
94923,4.781885,521.533,3
94924,7.502963,1676.349,5
94925,13.403342,8315.163,13
94927,13.637978,1646.608,4
94928,12.635972,39795.624,36
94929,6.835771,4.775,4
94930,10.421556,7394.565,18
94931,12.852404,7461.833,23
94933,9.6424,511.611,4
94937,6.018447,1181.282,3
94938,9.6424,406.918,4
94939,12.57275,1514.068,14
94940,6.835771,176.68,4
94941,12.234457,29978.83,34
94942,14.906568,1718.992,3
94945,13.418039,18907.452,22
94946,6.855669,1026.714,13
94947,11.474855,21986.544,23
94949,9.152928,7473,4
94951,12.205777,2323.001,13
94952,11.599856,34261.303,41
94953,16.928174,1312.855,4
94954,14.67355,34894.635,35
94955,13.122227,1590.685,2
94956,6.316051,970.447,7
94957,11.804372,2127.436,11
94960,11.997327,13480.804,20
94963,9.6424,325.93,4
94965,13.004719,7385.998,11
94970,7.518742,164.282,2
94971,6.835771,19.101,4
94972,4.63806,43.919,4
94973,9.6424,2036.566,4
94975,13.567583,1207.661,3
94976,14.17555,1118.119,5
94978,9.842068,1260.75,3
94979,15.801152,1534.957,4
95001,5.346939,1827.094,2
95002,12.166667,810.351,1
95003,11.136969,11488.532,13
95004,3.955597,4474.886,15
95005,8.133183,5792.856,15
95006,6.92367,9603.341,14
95007,8.409127,167.927,7
95008,14.622089,41152.26,54
95009,17.545342,1053.865,3
95010,13.249371,30.064,6
95011,16.454068,2131.551,3
95012,11.523345,10441.068,15
95013,9.519738,82.223,2
95014,13.129658,44652.033,31
95015,15.824165,2180.123,3
95017,6.156104,631.554,2
95018,5.964868,9838.078,22
95019,11.641932,1498.807,3
95020,10.997304,36070.085,23
95021,15.642012,2504.413,3
95023,11.256951,40906.486,37
95024,14.887503,3006.328,4
95026,5.945124,19.922,3
95030,11.62865,7465.068,14
95032,13.935902,27474.692,49
95033,5.039483,8391.834,19
95035,14.252893,61688.588,38
95037,10.358327,49578.149,29
95038,13.115994,2000.458,2
95039,8.759007,4691.932,10
95041,6.301164,228.516,3
95043,5.021694,464.875,3
95044,5.945124,916.403,3
95045,6.356109,4735.422,13
95046,6.955458,6235.133,10
95050,14.877792,32460.377,36
95051,13.970891,52403.411,39
95052,17.631189,1212.531,3
95054,12.815439,6972.407,5
95055,14.027317,1965.115,3
95060,12.428147,35454.973,50
95061,18.726756,1216.67,2
95062,13.724596,18391.963,20
95064,12.688813,10578.534,5
95065,9.091516,7706.378,16
95066,8.956781,6422.382,24
95070,11.582058,31266.759,38
95071,8.944345,666.822,6
95073,7.148386,8006.193,19
95075,5.021694,167.98,3
95076,7.279431,28477.202,37
95103,18.845706,175.45,2
95106,18.845706,180.632,2
95108,18.845706,182.853,2
95109,18.845706,999.397,2
95110,15.52396,19448.036,31
95111,13.483727,36366.979,26
95112,14.948243,52283.507,44
95113,16.551256,2233.75,15
95116,14.195693,54850.302,38
95117,13.767208,17474.959,19
95118,13.735041,31183.45,36
95119,12.350682,3922.961,5
95120,12.765136,29151.022,26
95121,13.462426,33706.04,26
95122,14.077871,56118.658,52
95123,13.789003,62730.397,39
95124,14.185883,41892.427,49
95125,14.369538,44359.424,46
95126,16.522583,22809.555,29
95127,11.875033,63685.823,50
95128,15.200807,28840.067,32
95129,14.141167,40540.15,60
95130,13.928168,13819.813,13
95131,14.118916,26299.12,22
95132,13.040459,39821.34,35
95133,14.081492,30462.555,31
95134,13.934262,7516.763,3
95135,11.464318,22445.315,17
95136,13.175408,33034.758,32
95138,9.708277,12673.017,8
95139,13.171607,7297.033,7
95140,5.785603,482.834,7
95141,6.898466,46.462,3
95148,12.336034,48845.721,34
95150,14.986498,1445.91,3
95151,14.994666,3716.189,4
95152,13.569578,1649.314,4
95153,12.111007,2246.112,3
95154,14.253056,1720.911,3
95155,14.97637,843.795,2
95156,15.614885,2542.665,3
95157,12.848717,1286.43,4
95158,13.072153,1441.688,4
95159,14.727063,2931.8,3
95160,16.833333,1119.982,1
95161,13.418858,2417.598,3
95164,13.935086,1536.12,2
95170,12.848717,1479.543,4
95172,16.947944,952.731,2
95173,16.211754,2403.372,3
95202,15.533671,3975.961,6
95203,14.071468,11698.55,30
95204,13.152682,29825.641,32
95205,14.140501,28764.544,34
95206,12.192162,38744.52,31
95207,13.595581,41511.134,31
95209,13.059666,24414.504,22
95210,12.414297,41097.673,35
95212,4.031798,348.173,4
95213,10.109216,2170.156,3
95215,8.553385,22454.453,32
95219,10.927831,12679.521,13
95220,3.787448,8017.84,6
95222,11.411066,5148.016,7
95223,6.194765,1912.726,6
95224,5.905685,182.248,2
95227,3.515758,688.252,6
95228,4.336366,2.394,2
95229,10.309543,12.86,5
95230,4.257844,743.624,10
95231,9.900596,3158.361,5
95232,4.309822,167.153,6
95236,4.349407,4604.536,8
95237,6.738316,3321.822,8
95240,10.537649,43705.199,34
95241,14.263308,1600.424,3
95242,8.773106,14561.456,23
95245,4.309822,634.561,6
95246,4.627824,132.469,11
95247,8.884215,4566.567,5
95248,4.309822,270.849,6
95249,10.461786,31.338,7
95251,10.421622,281.519,5
95252,4.279844,6320.187,2
95253,4.040492,1067.703,8
95255,4.309822,1348.054,6
95257,4.309822,326.567,6
95258,6.292485,4174.053,7
95267,14.247909,1039.203,2
95269,15.7344,2890.213,3
95301,11.263829,34467.401,29
95303,4.695179,859.358,4
95304,4.086615,729.675,4
95306,4.024709,942.529,6
95307,13.06773,29740.939,26
95309,4.336366,2.394,2
95311,4.156017,1836.053,5
95312,6.440736,79.344,4
95313,4.091937,1394.235,13
95315,4.15415,3786.256,3
95316,4.09667,1037.13,15
95317,3.18813,769.663,3
95318,4.631876,1548.945,5
95319,6.147913,2651.206,7
95320,6.559086,229.193,6
95321,4.146091,62.316,11
95322,7.496071,2319.024,5
95323,3.970147,918.907,5
95324,4.018747,113.278,8
95325,5.97705,21.795,4
95326,4.016609,1701.243,9
95327,4.336366,490.855,2
95328,9.635145,4915.274,4
95329,4.195246,3327.674,13
95330,9.545677,21570.034,9
95333,11.151395,2998.32,6
95334,8.335038,7176.735,6
95336,9.249003,35051.985,29
95337,8.084223,27328.176,30
95338,4.890335,11238.412,12
95340,12.041336,31060.788,39
95341,12.684406,24236.737,26
95344,15.67156,836.236,3
95345,5.153613,394.696,7
95348,12.609242,11312.533,11
95350,14.48041,49252.759,55
95351,12.96448,41782.188,42
95352,14.93252,1296.758,5
95353,14.93252,1553.382,5
95354,14.003644,25537.02,38
95355,13.877021,41610.335,41
95356,13.026058,24424.827,18
95357,12.670724,10412.069,25
95358,10.427424,29404.684,37
95360,4.101799,758.038,2
95361,9.117912,22883.618,22
95363,8.09322,8330.861,10
95365,11.663301,3835.189,4
95366,9.396258,17366.954,10
95367,10.827018,16133.87,11
95368,8.688724,4638.085,10
95369,4.715647,854.893,11
95370,8.686549,7398.732,14
95372,5.331874,1973.151,6
95374,2.991511,1840.546,6
95376,10.757421,30137.293,21
95377,4.421388,1385.405,2
95378,13.995614,1547.707,2
95379,5.331874,3530.499,6
95380,12.349126,39720.186,41
95381,13.533369,2235.667,4
95382,13.613237,15318.731,27
95383,5.331874,118.619,6
95385,3.991269,220.983,6
95386,9.355634,9249.942,12
95387,3.958437,1974.144,4
95388,9.747821,15550.535,20
95389,3.926286,223.966,5
95401,9.800845,35663.75,54
95402,18.789674,1332.931,2
95403,9.427858,36207.797,49
95404,12.363925,16679.563,45
95405,9.225384,10709.229,17
95406,13.215223,1815.477,3
95407,11.29397,14255.706,27
95409,9.159102,14082.19,16
95410,4.833333,689.691,1
95412,4.781885,383.327,3
95415,6.006836,1217.154,6
95416,14.086897,1021.377,3
95417,4.547156,176.677,5
95421,4.781885,1071.751,3
95422,13.990604,11281,8
95423,10.550725,574.579,3
95425,11.500474,10381.727,11
95428,5.824193,2468.795,3
95429,5.502115,170.397,8
95432,5.589157,458.704,7
95433,14.086897,402.204,3
95436,6.834764,3937.288,4
95437,11.940236,12019.234,17
95439,8.314908,1345.252,12
95441,5.534216,2394.502,13
95442,7.508734,144.137,11
95443,10.550725,77.846,3
95445,7.419008,2960.137,3
95446,6.834764,13.275,4
95448,11.481457,12043.184,32
95449,7.436481,1649.267,5
95450,4.781885,52.153,3
95451,8.191651,4817.298,6
95452,7.762368,301.751,6
95453,9.657871,5581.584,10
95454,4.547156,3025.785,5
95456,4.833333,1184.536,1
95457,4.341572,3030.858,3
95458,10.550725,2368.747,3
95459,7.419008,590.685,3
95461,4.316108,69.576,9
95463,5.993014,18.867,3
95464,12.503848,1696.07,7
95465,4.781885,198.183,3
95466,5.996833,1253.266,6
95467,4.341572,323.451,3
95468,7.419008,536.986,3
95469,5.621001,2264.464,8
95470,7.270569,5582.581,10
95472,7.658649,16966.608,26
95476,11.491846,30152.737,28
95481,14.877287,1000.644,4
95482,9.900324,24644.552,30
95485,9.470842,3046.718,4
95487,14.086897,257.773,3
95488,4.547156,143.251,5
95490,11.971895,6477.664,23
95492,13.518003,18779.598,25
95493,8.148928,251.684,2
95494,6.239209,244.868,8
95501,14.971199,19955.731,22
95502,16.912731,3698.612,10
95503,12.188143,17363.242,31
95511,6.063846,60.781,3
95514,6.006072,132.604,7
95519,9.109057,12600.267,10
95521,7.487237,7814.405,15
95524,7.781911,2605.462,6
95525,7.781437,447.537,9
95526,5.723979,623.646,4
95527,3.430171,853.091,2
95528,5.723979,1034.401,4
95531,11.468923,16923.805,13
95534,13.289038,628.411,4
95536,7.218783,3121.207,7
95540,11.329014,15127.264,18
95542,6.04355,2973.698,8
95543,6.215948,521.417,4
95546,4.703887,5113.336,6
95547,5.748539,483.203,7
95548,6.666667,1224,1
95549,4.26248,786.561,12
95550,7.573714,114.946,8
95551,11.839697,981.59,4
95553,6.063846,1.643,3
95554,6.063846,274.335,3
95556,6.051314,12.98,4
95558,7.05182,304.939,3
95562,10.797008,3788.862,4
95564,9.166667,490.484,1
95565,10.797008,246.356,4
95567,6.215948,2078.778,4
95568,6.393418,7.267,7
95569,9.330818,228.031,7
95570,7.031965,2634.267,5
95571,6.063846,93.635,3
95573,6.051314,861.03,4
95585,4.547156,68.442,5
95587,4.547156,3.183,5
95589,4.547156,66.851,5
95602,8.427203,13422.653,19
95603,10.269281,25373.647,29
95604,11.863472,3222.51,7
95605,11.49234,6846.966,4
95606,9.112329,259.251,5
95607,9.112329,654.11,5
95608,12.885276,54641.369,54
95609,12.891124,2385.312,4
95610,11.423251,45373.779,47
95611,13.901515,1494.749,2
95612,9.317231,1636.061,5
95614,5.487698,4174.01,2
95615,5.473694,510.502,7
95616,13.477713,49727.117,33
95617,15.362257,2223.88,4
95618,13.762642,19109.543,20
95619,7.543677,4396.004,6
95620,8.840003,21969.699,28
95621,12.592323,40646.635,35
95623,4.292402,2883.862,9
95624,10.298849,46023.099,28
95625,7.170506,2.226,3
95626,5.776089,6217.454,9
95627,9.050382,4573.162,8
95628,10.95311,41727.726,64
95630,11.753291,74200.813,44
95631,5.070604,6792.14,4
95632,7.044002,20532.369,25
95633,4.101339,667.4,4
95634,4.101339,825.037,4
95635,5.487698,13.483,2
95637,9.112329,135.608,5
95638,4.092272,2204.127,6
95640,7.954656,8910.618,9
95641,5.475565,1646.68,5
95642,7.378195,8416.155,15
95645,5.085297,839.716,9
95648,9.425815,44895.779,29
95650,10.954005,8571.217,15
95651,5.09399,563.911,2
95652,14.097161,678.288,5
95658,5.938645,5705.925,20
95659,4.219803,721.568,3
95660,12.963121,26067.382,22
95661,13.063216,31318.027,32
95662,9.710908,32120.659,29
95663,6.869466,2534.495,11
95664,5.487698,1082.507,2
95665,6.21717,3983.675,11
95666,4.908718,5240.947,11
95667,8.762539,30318.214,38
95668,4.219803,673.799,3
95669,4.023642,3635.308,2
95670,12.769502,51813.961,40
95672,5.379261,4589.758,7
95673,9.88379,15356.47,20
95674,4.219803,874.933,3
95676,4.880872,67.884,2
95677,13.020317,24190.498,24
95678,14.175413,43375.036,42
95681,3.96465,920.515,4
95682,9.149019,21424.819,21
95685,8.619362,2169.799,10
95686,4.733849,459.416,2
95687,13.381733,65922.202,50
95688,10.377448,27927.093,30
95689,4.918344,770.618,8
95690,5.269054,2746.001,6
95691,13.736279,28936.657,21
95692,9.033026,5042.372,8
95693,4.088402,6478.176,4
95694,4.909281,1286.35,11
95695,14.231041,35916.149,33
95696,14.867437,4009.517,8
95697,4.2454,814.919,3
95701,5.488961,15.703,3
95703,6.329118,1658.612,5
95709,9.394701,4718.955,12
95713,6.530238,10744.818,15
95715,5.488961,10.469,3
95717,5.488961,5.234,3
95720,2.721179,11.93,5
95722,6.448584,5351.307,9
95724,6.896003,13.089,3
95726,7.849629,9554.838,13
95728,6.752851,8.294,6
95735,3.468317,152.352,5
95736,6.986282,3.175,3
95741,12.000503,2130.581,3
95742,11.204536,4637.679,13
95746,8.086704,22645.918,18
95747,10.931222,42307.432,31
95757,14.084862,20728.328,17
95758,11.434033,47179.298,28
95759,14.207753,2377.874,3
95762,7.468801,35308.8,23
95763,15.197173,2772.187,3
95765,11.781174,25151.354,12
95776,13.601603,13433.977,18
95798,13.666578,1157.928,4
95811,16.648941,3316.203,23
95812,19,1756.865,1
95814,16.990627,3769.743,7
95815,13.785031,14216.872,23
95816,16.534384,17027.344,28
95817,15.078536,9823.965,20
95818,15.101428,21859.478,32
95819,14.462074,10521.459,17
95820,14.062008,28459.449,42
95821,14.371226,26563.611,48
95822,13.919596,44467.904,38
95823,12.263778,57081.51,47
95824,13.43687,22553.62,24
95825,14.437917,32877.326,38
95826,12.718906,37849.275,33
95827,13.462544,23217.389,19
95828,10.516668,49275.761,29
95829,7.896863,31005.836,24
95830,6.405694,719.4,7
95831,12.863485,20795.523,16
95832,11.58748,2407.905,17
95833,12.702457,33865.524,21
95834,14.035942,8851.096,17
95835,13.888712,23212.278,12
95836,4.219803,2.514,3
95837,5.650895,375.397,6
95838,11.910316,15164.639,19
95841,14.037364,18790.267,23
95842,11.778766,32329.463,31
95843,11.827666,30252.784,24
95860,15.427137,1500.032,5
95864,13.011201,23480.095,26
95865,14.616018,944.618,4
95866,14.616018,1194.51,4
95901,12.658264,12681.034,26
95903,7.01953,1612.885,3
95910,5.10802,44.506,5
95912,6.667722,5296.462,7
95914,4.256031,280.864,3
95917,4.735374,4107.219,12
95920,3.451505,92.902,2
95922,5.10802,11.127,5
95923,5.763041,51.207,3
95926,7.953638,34779.714,45
95927,11.546696,4118.435,10
95928,8.650463,32424.614,40
95932,7.877039,7873.889,12
95934,7.125449,126.175,3
95938,5.637852,4310.224,13
95939,3.654632,155.268,6
95943,4.028502,1043.035,5
95945,7.928983,12957.295,18
95946,4.342753,5924.455,11
95947,7.125449,2074.19,3
95948,7.253853,11463.732,18
95949,5.604689,18384.095,20
95953,9.483207,11120.079,13
95954,4.284353,13066.351,18
95957,4.920951,965.291,7
95959,6.995195,17929.73,20
95960,6.14732,797.165,8
95961,9.987729,14454.556,11
95963,5.518017,9775.354,17
95965,6.283382,18789.25,45
95966,5.782202,27300.818,35
95967,6.420929,2925.637,5
95968,4.880152,2268.484,6
95969,6.597886,25192.578,29
95970,4.108352,426.677,5
95971,9.290982,6847.296,11
95973,7.86781,28953.352,39
95975,4.002975,69.52,6
95977,4.49953,634.211,2
95979,4.58065,1587.369,3
95982,4.623755,3097.73,2
95983,7.125449,526.241,3
95987,5.633289,11.497,7
95988,3.666382,1716.819,8
95991,12.944414,39703.896,38
95992,16.022277,1708.383,4
95993,10.65912,36162.388,26
96001,10.04246,33669.097,35
96002,12.198762,27070.74,23
96003,9.072265,42966.565,36
96006,3.326535,164.512,2
96007,8.883256,22808.905,38
96008,5.625492,380.119,4
96009,4.749556,151.815,3
96010,3.430171,27.879,2
96013,6.415015,4764.689,7
96014,6.896805,282.288,3
96015,3.675795,258.8,3
96016,5.062775,373.651,7
96017,4.418361,35.029,2
96019,11.148435,9915.963,15
96020,11.279649,2508.982,5
96021,6.465889,7430.342,14
96022,6.575948,8489.763,22
96023,5.166667,632.323,1
96024,4.52766,210.882,3
96025,11.589519,2002.651,5
96027,6.896805,2170.086,3
96028,4.843342,1236.086,3
96029,5.041727,66.276,2
96031,6.896805,276.407,3
96032,6.350211,2482.035,8
96033,4.057393,181.566,3
96034,5.693462,193.026,7
96035,5.68344,3452.63,9
96037,6.896805,2.94,3
96038,5.203293,402.011,4
96040,5.34873,270.39,7
96044,4.618519,613.399,3
96047,4.061107,869.399,7
96048,3.430171,1143.03,2
96049,14.399267,2201.594,2
96050,6.120395,196.937,5
96051,4.418361,1443.964,2
96052,5.6742,1359.766,6
96055,5.725773,4136.084,7
96056,4.661299,1826.378,8
96057,6.166667,1077.545,1
96058,5.371283,1441.316,3
96059,3.801936,554.23,8
96061,3.910957,63.915,4
96062,4.293399,432.278,2
96064,4.690909,4049.786,7
96067,12.145139,30.356,3
96068,4.749556,35.531,3
96071,5.411582,132.266,7
96073,5.860225,4071.154,8
96075,3.910957,490.018,4
96076,4.520041,255.579,5
96078,5.397258,147.927,4
96080,7.975605,22022.885,21
96085,6.166667,21.737,1
96087,4.06187,511.816,5
96088,3.830368,4835.908,6
96091,5.927832,1602.135,6
96093,10.511455,3795.218,6
96095,4.057393,5.764,3
96096,4.293399,144.772,2
96097,8.935386,10426.409,12
96099,17.974565,1139.39,2
96101,8.055407,5816.038,8
96103,4.679897,1346.097,4
96104,4.631206,782.515,2
96105,9.676175,224.796,4
96107,7.483306,920.104,4
96108,3.675795,120.998,3
96109,6.069643,1097.791,3
96111,6.896003,201.578,3
96112,4.631206,32.269,2
96113,6.069643,31.365,3
96114,3.294116,3990.92,8
96115,4.631206,266.216,2
96116,3.675795,141.164,3
96117,2.877259,1449.056,2
96118,5.10802,1936.025,5
96120,5.410413,1054.813,2
96121,5.967453,1434.893,6
96122,9.676175,3457.201,4
96123,4.749556,158.275,3
96124,5.10802,185.443,5
96125,5.10802,77.886,5
96126,5.10802,341.215,5
96127,10.788333,817.055,3
96128,2.877259,2590.737,2
96129,9.676175,262.003,4
96130,7.550015,16774.429,22
96132,4.749556,323.011,3
96133,7.483306,90.983,4
96134,4.593339,2258.84,4
96136,4.658934,1142.738,5
96137,6.093764,1690.198,6
96140,11.470623,1052.416,2
96141,8.19854,412.931,4
96143,13.094131,3887,5
96145,10.565397,2443.884,14
96146,4.232877,837.821,7
96148,12.047483,234,7
96150,10.122723,12142.674,18
96158,12.973196,2530.326,5
96161,6.405761,6719.199,11
96701,12.538959,25419.508,22
96704,2.987371,7278.701,6
96706,11.196197,36985,13
96707,12.40018,12923.902,9
96708,4.05444,2694.183,4
96709,14.196028,2097.098,3
96712,9.655225,4172.874,6
96713,5.801056,1083.021,2
96714,6.667093,756.737,2
96717,12.797874,1466.116,4
96719,5.276896,2030.882,4
96720,6.07527,48107.153,37
96721,9.680172,2168.259,3
96722,6.667093,25.263,2
96725,4.544589,2401.316,2
96727,4.957834,6672,5
96729,4.736627,2368,2
96730,8.488819,142.645,3
96731,12.797874,106.97,4
96732,7.230926,8037.716,7
96733,7.316096,2866.943,4
96734,12.725298,39353.94,29
96740,5.769835,6936.869,4
96741,5.025848,174.461,3
96743,5.276896,1036.286,4
96744,11.867049,41091.355,31
96746,5.27367,13495.567,8
96748,5.959018,4380,5
96749,6.357383,4193.795,6
96750,6.109579,3491.114,5
96752,6.238595,5524,6
96753,7.683996,15196,11
96754,4.383962,58.433,2
96755,5.276896,2977.833,4
96756,5.601604,6399.539,6
96760,6.468337,960.462,6
96761,7.311181,16452.417,15
96762,12.797874,6562.914,4
96764,3.39106,1510,2
96766,9.138357,7212,5
96767,10.605188,1578.91,3
96768,7.352224,9643.821,7
96771,3.59654,3969,2
96778,3.728622,10342.743,5
96779,6.807517,2687.912,6
96781,4.180762,1192.297,4
96782,10.841601,13909.492,8
96783,4.180762,1468.292,4
96784,7.316096,1389.428,4
96786,7.425117,13725.448,8
96789,12.856421,33098,20
96790,5.801056,13.974,2
96791,10.320976,897.678,6
96792,8.441899,11133,5
96793,6.695388,21311.673,13
96795,10.772545,6165.06,9
96797,13.272414,15589,6
96801,19.333333,11.313,1
96802,19.333333,16.857,1
96803,19.333333,16.518,1
96804,19.333333,19.007,1
96805,19.333333,16.178,1
96806,19.333333,14.821,1
96807,19.333333,15.273,1
96808,19.333333,16.178,1
96809,19.333333,19.685,1
96810,19.333333,19.12,1
96811,19.333333,7.693,1
96812,19.333333,55.436,1
96813,13.283653,2232.799,8
96814,14.941751,6565.498,6
96815,15.113786,13659.774,20
96816,13.513307,34488.118,34
96817,13.705625,35361.401,32
96818,13.548429,16626.9,9
96819,12.20011,37229.983,28
96820,10.666667,4,1
96821,10.267475,16550.992,20
96822,13.425062,20635.834,20
96824,14.887043,1238.519,3
96825,10.792223,11377.671,15
96826,15.305022,14887.598,16
96828,16.206868,1355.741,4
96830,15.166667,142.515,1
96837,17.318782,807.753,2
96839,13.833333,1146.724,1
96860,11.333333,3500.1,1
96921,1,189,1
96928,1,2448,3
96932,1,1051,2
97001,5.204844,98.548,4
97002,7.300087,6631.58,19
97003,13.479496,23011.905,12
97004,4.665169,5092.645,14
97005,13.897181,10895.416,27
97006,14.21059,6832.556,20
97007,11.905023,28088.877,19
97008,15.15651,8597.887,18
97009,5.63797,8349.277,21
97011,8.406682,669.332,7
97013,11.31522,23662.165,25
97014,5.714353,1126.621,8
97015,13.932596,16042.652,25
97016,6.440451,1286.239,11
97017,4.636179,2793.268,6
97018,5.337437,2639.927,4
97019,5.522944,3243.057,6
97020,4.807791,855.92,2
97021,5.200957,1149.098,6
97022,3.949535,3726.554,8
97023,6.359806,10235.697,22
97024,10.985946,6433.687,7
97026,7.473968,3945.399,7
97027,14.823901,11979.327,17
97028,3.573626,828.978,2
97029,6.120976,280.516,2
97030,14.572226,34663.683,37
97031,6.932656,4933.133,8
97032,7.612997,4011.825,16
97033,6.120976,79.692,2
97034,12.971532,11150.801,16
97035,12.532957,25106.506,22
97036,15.083659,373.686,2
97037,5.204844,1098.312,4
97038,9.745025,16153.2,18
97039,6.120976,443.088,2
97040,4.868738,1735.3,2
97041,5.896594,3443.893,8
97042,4.398672,3290.38,7
97044,7.027858,927.017,4
97045,8.901794,46909.68,33
97048,5.061757,6390.22,14
97049,7.183433,1677.344,4
97050,6.120976,266.172,2
97051,11.990178,16092.783,15
97053,6.68438,2984.808,8
97054,3.359185,1543.021,6
97055,9.604946,17759.176,18
97056,9.93219,11522.751,22
97058,10.962797,20058.006,22
97060,12.924582,21440.095,23
97062,11.906317,28865.302,24
97063,5.204844,1726.736,4
97064,5.621479,3194.211,5
97065,6.120976,535.531,2
97067,10.085073,1997.522,7
97068,11.781539,13608.005,14
97070,12.064651,17129.383,15
97071,11.394968,19609.226,30
97075,15.458072,1264.154,2
97078,11.325937,14489.968,9
97080,10.880753,36208.509,38
97086,10.412648,30605.522,20
97089,7.835541,12591.98,8
97101,4.911514,4057.894,7
97102,8.039086,357.808,4
97103,9.890597,17519.165,20
97106,5.141023,4953.008,5
97107,7.948387,1939.895,8
97108,3.816874,328.333,3
97109,2.752935,526.288,4
97110,8.039086,2250.961,4
97111,8.833976,3760.33,7
97112,4.666943,1926.125,6
97113,10.909035,8112.782,9
97114,8.838235,4866.716,7
97115,8.958848,91.51,2
97116,10.843922,19489.995,21
97117,4.803031,730.521,7
97118,9.066328,430.108,5
97119,5.370204,4340.742,16
97121,11.573761,915.164,3
97122,5.402205,276.064,6
97123,11.701041,36757.875,41
97124,13.357256,35974.678,45
97125,6.058352,245.101,4
97128,13.163323,29488.741,28
97131,8.097918,138.885,9
97132,13.475062,27925.364,21
97133,8.196375,4887.539,8
97134,4.232623,161.577,3
97135,4.73609,971.838,6
97136,9.093927,1911.988,3
97137,4.488575,1439.743,4
97138,12.133062,9395.561,17
97140,8.570353,7184.711,19
97141,8.596438,5173.206,11
97144,6.01937,212.542,4
97146,9.197939,6988.654,10
97148,8.828434,3543.674,5
97149,5.585815,1036.211,3
97201,13.813982,7581.697,11
97202,16.395176,29595.89,51
97203,16.535908,15719.731,15
97205,16.36334,1288.78,2
97206,15.66781,51683.787,67
97209,17.600773,2295.245,4
97210,17.704509,10096.074,12
97211,16.235433,34154.207,43
97212,16.79662,23195.359,47
97213,16.130592,26233.554,33
97214,17.989783,16580.212,22
97215,16.929973,16695.184,23
97216,15.648941,9505.503,22
97217,15.901618,31003.435,37
97218,14.889489,15474.134,21
97219,14.470584,39140.854,37
97220,15.159153,30921.865,38
97221,14.425419,12816.809,18
97222,14.210927,35907.843,40
97223,13.894941,40312.253,37
97224,13.382592,18558.575,25
97225,13.198739,18456.169,25
97227,17.288572,5559.859,12
97229,13.065644,29986.04,20
97230,14.435134,36907.006,36
97231,5.6597,3327.987,13
97232,17.286106,9365.334,18
97233,14.589736,26167.278,21
97236,12.295187,18751.066,26
97238,8.833333,897.299,1
97239,13.939782,9567.656,17
97242,18.086326,663.989,5
97250,8.833333,1.09,1
97266,15.416367,32019.392,40
97267,14.055423,30811.656,25
97268,14.67716,1343.331,3
97269,16.539558,1173.088,3
97280,17.284677,1255.156,3
97281,15.838723,453.847,2
97283,18.695007,649.344,2
97286,17.193548,874.159,4
97290,16.286161,1603.8,2
97293,19.111875,403.431,2
97294,15.256541,1623.858,3
97298,14.440859,626.027,4
97301,15.270327,44257.747,49
97302,13.405508,34225.577,34
97303,13.972709,30108.602,25
97304,14.785499,2671.766,6
97305,10.801061,24289.205,29
97306,11.397552,24847.32,24
97307,13.896222,1672.367,3
97308,17.248942,923.454,3
97309,14.188765,1237.684,3
97317,12.631291,19612.174,27
97321,12.504163,14938.603,36
97322,13.44863,19554.076,26
97324,3.955525,1312.395,7
97325,7.884221,6256.45,13
97326,6.613864,1029.698,11
97327,4.99944,2991.043,3
97329,3.237084,162.319,3
97330,12.694861,34703.656,33
97331,12.189655,3.74,5
97333,10.704105,11725.375,25
97335,3.648242,152.459,5
97336,4.528223,133.762,6
97338,9.056827,21316.819,19
97341,12.426324,2861.894,7
97342,5.387367,520.521,3
97343,6.036197,663.783,5
97344,4.958136,1233.816,5
97345,3.237084,272.366,3
97346,5.387367,393.348,3
97347,5.63263,2023.77,9
97348,5.428639,2489.768,8
97350,5.387367,175.971,3
97351,5.85774,1650.847,8
97352,5.280092,6817.591,14
97355,8.869772,13142.8,24
97357,5.55722,377.799,3
97358,5.387367,615.161,3
97360,5.387367,340.113,3
97361,11.507155,10609.102,16
97362,9.927397,4688.905,12
97364,13.011305,1349.156,3
97365,13.630548,10891.722,14
97366,8.509138,1771.158,2
97367,10.384837,5571.416,12
97368,4.0632,3380.649,10
97369,7.981993,362.3,2
97370,9.365258,9080.51,18
97371,8.441482,473.331,6
97374,3.637052,4245.795,8
97375,4.159365,1349.09,6
97376,5.187771,978.331,6
97377,5.315684,959.391,12
97378,6.997997,8561.956,16
97380,5.613071,2176.685,12
97381,8.099588,16306.123,20
97383,9.656604,8834.786,11
97385,7.802284,4342.445,15
97386,6.848123,7765.749,12
97388,8.545651,41.603,5
97389,5.925338,1612.121,13
97390,4.681374,786.905,11
97391,9.804366,5700.561,13
97392,7.457896,2190.708,9
97394,8.21575,4843.808,6
97396,6.582727,3345.084,13
97401,13.925549,27591.015,31
97402,13.399124,40331.613,63
97403,13.082001,13695.841,14
97404,12.344267,34104.74,28
97405,10.723195,42490.787,52
97406,5.921308,168.091,6
97408,11.106439,6132.19,13
97410,4.76862,777.914,5
97411,7.276226,329.199,2
97412,3.931753,416.354,3
97413,7.913178,1533.771,5
97415,8.441438,9039.776,6
97416,3.455881,955.925,2
97417,8.254768,2521.227,9
97419,3.818701,1202.976,3
97420,7.735274,13021.983,16
97423,2.902167,317.473,3
97424,9.322135,17899.723,22
97426,8.500903,9837.29,13
97429,4.76862,663.463,5
97430,3.907645,370.954,5
97431,6.33613,2469.832,9
97434,3.748092,884.751,5
97435,4.674631,1938.848,3
97436,4.882504,1033.313,5
97437,4.12963,2380.306,4
97438,6.501135,1036.051,5
97439,9.871687,14255.305,12
97440,19.228882,1373.106,6
97441,10.219172,258.269,2
97442,4.76862,1943.892,5
97443,4.489242,1883.485,6
97444,4.854139,64.865,3
97446,5.454939,4925.32,13
97447,4.67365,806.393,3
97448,9.856703,13213.733,22
97450,6.185536,511.457,3
97451,4.219335,373.388,5
97452,6.508621,1655.036,9
97453,3.963326,941.279,7
97454,3.921384,1748.918,4
97455,5.4008,2550.591,9
97456,4.950842,3238.073,6
97457,10.540641,9993.624,22
97459,12.790539,4007.496,16
97461,4.045229,772.364,7
97462,6.336047,4194.401,13
97463,7.62574,4044.332,4
97465,6.185536,1659.945,3
97467,10.195958,4919.674,6
97469,8.944984,2549.585,4
97470,3.626663,2976.144,14
97471,7.76458,13095.026,16
97473,10.213958,387.567,6
97476,6.185536,334.867,3
97477,13.330558,30484.717,35
97478,10.688819,38828.882,39
97479,6.941195,2270.324,7
97480,3.896298,362.583,5
97481,3.455881,627.8,2
97484,4.76862,384.486,5
97486,3.960152,862.044,6
97487,8.821146,8751.288,12
97488,7.913178,1175.024,5
97489,7.913178,913.33,5
97490,4.088588,438.982,6
97492,7.62574,558.653,4
97493,5.425434,454.624,4
97496,3.455881,1344.744,2
97497,3.990043,1534.54,4
97498,4.795323,1811.385,3
97499,6.69604,1754,10
97501,14.075764,33095.003,37
97502,11.44113,19542.885,31
97503,7.302783,5448.303,10
97504,13.40067,32253.012,29
97520,11.402319,16051.979,18
97522,5.758533,475.48,2
97523,4.5,14.908,1
97524,5.419412,1196.773,12
97525,4.869318,5100.678,13
97526,9.080209,24095.328,18
97527,4.143177,9923.688,16
97530,7.185807,7435.563,17
97531,4.5,13.045,1
97532,4.885151,2831.716,11
97533,5.039787,382.913,3
97535,10.269488,6051.949,9
97536,5.758533,1070.78,2
97537,5.636223,293.236,3
97538,4.5,1643.61,1
97540,3.502124,1144.041,9
97541,5.758533,277.68,2
97543,3.359127,688.443,3
97544,5.047602,1764.448,5
97601,12.703516,17696.451,35
97602,15.859836,549.804,4
97603,10.964831,28905.869,44
97620,4.5,120.478,2
97622,4.27937,162.696,2
97623,3.88471,2297.922,3
97624,4.121505,32.842,7
97625,3.34046,230.739,5
97626,3.849372,161.468,7
97627,3.844245,583.622,4
97630,6.897596,4933.109,9
97632,5.787508,1514.947,6
97633,4.957481,1096.367,3
97634,5.774013,226.658,2
97635,6.938671,239.98,7
97636,4.5,198.028,2
97637,4.5,121.863,2
97638,4.5,570.541,2
97640,4.5,166.177,2
97641,4.5,1351.573,2
97701,5.673624,8867.474,7
97702,4.739102,8602.548,8
97703,5.166667,1428.361,1
97710,4.651813,125.956,2
97711,3.49803,109.859,2
97712,5.5,83.219,1
97720,4.651813,1035.473,2
97721,4.651813,259.235,2
97722,4.651813,70.301,2
97731,4.594384,308.682,6
97732,4.651813,123.027,2
97733,4.534797,1325.806,3
97734,3.523435,197.46,5
97735,4.5,141.251,2
97736,4.651813,105.451,2
97737,4.534797,412.366,3
97738,4.651813,42.473,2
97739,4.542074,1314.135,4
97741,9.330957,10858.41,7
97750,5.81323,384.162,2
97753,5.656752,13.5,4
97754,5.656752,4306.5,4
97756,8.382723,7780.491,5
97758,4.651813,7.323,2
97760,4.072717,3743.271,3
97761,5.053707,3547,2
97801,11.002674,15107.33,20
97810,6.860991,1038.739,17
97812,6.042737,604.909,3
97813,4.410537,1505.399,9
97814,10.260721,12131.95,20
97817,5.00543,59.975,3
97819,5.372304,28.692,6
97820,5.00543,13.23,3
97823,6.029714,1311.483,11
97824,5.284591,2083.985,9
97826,8.456758,1429.414,25
97827,7.127192,2601.857,6
97828,9.058716,2960.889,7
97830,5.816196,680.139,5
97833,5.094763,580.773,5
97834,5.118381,998.551,3
97835,8.301193,432.541,9
97836,5.085817,1839.507,6
97837,4.908718,96.991,6
97838,10.402858,17542.727,33
97839,5.085817,141.272,6
97840,5.118381,117.233,3
97841,5.181693,273.985,6
97842,6.666667,200.923,1
97843,5.091588,728.598,9
97845,5.00543,40.572,3
97846,7.21892,1987.109,5
97848,5.00543,92.609,3
97850,12.084201,17144.239,26
97856,5.00543,343.094,3
97857,5.526795,427.563,6
97859,4.327439,1063.255,4
97862,5.02092,3636.769,7
97864,5.00543,242.547,3
97867,10.058183,807.543,8
97868,4.715347,1255.991,8
97869,5.00543,857.295,3
97870,5.118381,588.924,3
97874,5.81323,364.27,2
97875,7.734898,2998.701,10
97876,8.088215,781.116,9
97877,4.8429,842.445,6
97880,4.269659,77.786,2
97882,6.840781,7502.6,7
97883,10.261383,2364.626,6
97884,4.828245,156.814,3
97885,5.190656,1347.515,6
97886,5.303254,1305.618,13
97901,4.636715,686.908,5
97902,3.664093,30.782,4
97903,3.664093,246.255,4
97904,4.651813,216.761,2
97905,5.255463,25.995,6
97906,3.664093,509.611,4
97907,7.241923,528.412,10
97908,3.664093,280.457,4
97909,5.914208,122.544,9
97910,3.664093,1631.439,4
97911,3.664093,177.851,4
97913,8.603592,4887.306,16
97914,11.013868,17401.221,29
97917,3.664093,34.202,4
97918,8.91107,4251.415,13
97920,3.664093,92.346,4
98001,9.516309,16135.22,19
98002,13.717699,31453.373,21
98003,13.460173,27374.974,38
98004,13.464288,7419.65,13
98005,13.49424,15486.578,19
98006,12.429711,20123.069,20
98007,14.048283,21893.055,39
98008,13.70553,23748.596,27
98010,5.88858,6790.165,7
98011,12.003058,23185.271,24
98012,10.382849,43939.689,41
98014,6.908041,7106.186,17
98015,15.936895,2651.56,3
98019,8.094627,11757.543,21
98020,11.753164,10886.895,19
98021,8.559829,19497.907,24
98022,8.020834,22100.937,26
98023,12.386367,41713.316,38
98024,9.307145,3480.225,9
98025,5.916471,870.55,4
98026,12.023722,32450.624,49
98027,9.004543,25334.981,28
98028,10.387334,15141.67,24
98029,12.600418,3076.653,6
98030,13.913596,8309.97,11
98031,11.767451,31610.763,37
98032,14.218052,23350.378,30
98033,14.186091,22236.202,28
98034,12.629893,42554.064,55
98036,11.553199,17180.464,42
98037,13.079497,26623.523,33
98038,8.864826,34083.634,43
98039,12.203354,3276.003,6
98040,11.157207,16756,11
98041,11.868206,1269.955,3
98042,7.79694,32578.502,48
98043,14.502656,13058.71,10
98045,10.210329,8362.519,9
98046,14.039315,2461.434,4
98047,11.771766,7102.229,17
98051,4.088369,4450.377,15
98052,11.991458,57971.77,55
98053,6.048451,12741.439,29
98055,11.888163,11658.804,10
98056,14.801822,10546.321,17
98057,16.790928,4662.385,10
98058,9.861727,32976.929,40
98059,11.132718,24397.844,31
98061,9.3296,483.541,3
98062,10.418209,657.418,3
98063,13.043788,1393.205,3
98064,13.815118,1603.349,3
98065,9.980982,3207.799,7
98070,7.383104,10036,9
98071,12.543873,704.808,2
98072,10.429148,24561.256,48
98073,14.092174,1848.403,4
98074,8.615826,20207.184,15
98075,7.764593,13514.419,11
98077,6.988072,13685.603,21
98082,12.824635,1961.48,3
98087,12.961386,33023.89,36
98089,16.141654,1302.348,2
98092,8.851327,34541.915,42
98093,12.281386,3426.203,4
98101,16.995917,5926.378,7
98102,17.133749,13956.776,18
98103,16.508851,37424.778,48
98104,16.937425,11631.754,18
98105,15.757829,10005.989,13
98106,13.204866,25841.724,25
98107,15.855297,6404.511,10
98108,13.738581,21300.944,43
98109,17.129963,6807.557,12
98110,8.666071,8488.459,6
98112,16.284994,22680.029,28
98113,15.794856,661.814,4
98114,18.643804,266.752,2
98115,15.490329,40845.755,44
98116,14.574912,17085.056,14
98117,15.570769,28596.838,34
98118,14.149538,26458.62,25
98119,16.425713,8646.527,14
98121,19.10611,2734.633,2
98122,16.393051,23237.342,31
98124,15.049235,937.402,3
98125,14.490568,17186.838,27
98126,14.60411,17405.477,28
98133,15.232329,29851.503,47
98134,15.049235,220.74,11
98136,11.792495,949.365,8
98138,13.04179,1150.222,4
98139,15.279743,1022.401,5
98144,16.204068,30249.263,31
98146,12.865702,27903.914,32
98148,13.128007,11733.681,23
98155,12.727042,36008.74,40
98166,11.667408,13440.977,16
98168,12.872951,33954.832,49
98177,13.794029,17980.606,36
98178,13.384625,7813.808,18
98188,12.273456,24219.732,32
98194,18.963526,352.647,5
98198,12.724558,36274.185,47
98199,15.33994,17087.206,15
98201,14.697768,28900.178,30
98203,13.070085,34595.094,41
98204,13.447324,30416.495,26
98206,16.796938,1749.973,4
98208,12.202422,40419.315,50
98213,16.796938,784.353,4
98221,9.274626,6592,9
98223,6.423612,37304.889,43
98225,9.272141,18549.885,15
98226,7.495783,20051.603,20
98227,11.666667,1219.848,1
98228,8.203218,2711.972,4
98229,6.994755,17168.687,16
98230,6.873789,431.27,3
98232,5.366862,268.478,2
98233,7.337114,15060.397,9
98236,9.581222,5223.2,8
98237,2.655637,502.635,2
98239,7.992468,5989.771,5
98240,6.873789,234.828,3
98241,3.961935,1167.031,2
98247,4.985856,3640.962,5
98248,7.119015,4558.905,6
98249,6.794992,3576.921,5
98250,9.336537,3277,3
98251,6.696666,3742.515,10
98252,7.79877,5716.112,16
98255,2.655637,12.888,2
98257,5.97439,2051.482,3
98258,8.852749,37996.491,37
98259,4.810204,337.935,2
98260,7.927876,5337.878,8
98262,5.166667,847,1
98264,8.118754,20353.04,13
98270,10.681852,36108.297,34
98271,7.782867,20632.13,23
98272,8.658755,25645.266,33
98273,8.190323,19543.09,29
98274,5.995333,9158.416,14
98275,11.515557,21232.539,19
98277,10.043253,33982.229,27
98281,7.602575,1191,2
98282,7.417949,16431.491,13
98284,4.489444,13385.645,14
98287,4.03108,542.813,5
98290,7.07134,31915.409,42
98291,10.801357,1998.042,4
98292,6.783741,21629.884,31
98294,7.823265,7911.956,11
98296,6.395312,15441.503,16
98303,4.278165,1821.945,5
98304,4.592165,1037.275,8
98310,13.309175,21357.072,17
98311,10.000921,17687.347,17
98312,10.384996,30817.765,36
98315,9.144018,6189.869,4
98320,5.159661,1861.27,2
98321,5.248339,16872.666,24
98322,4.472647,1060.067,3
98323,3.666322,39.117,7
98325,11.700159,80.324,4
98328,4.996936,9472.846,14
98329,5.712838,8099.367,11
98330,4.808154,119.32,8
98331,11.555209,5163.73,6
98332,6.350557,8854.883,6
98333,5.072951,3692,2
98335,8.018255,26291.117,20
98336,5.653105,1375.373,7
98337,15.779945,8879.592,10
98338,4.99806,21807.197,23
98339,11.700159,3396.547,4
98340,5.36287,3855.038,6
98342,8.081259,1855.075,2
98345,5.738859,1232.164,3
98346,7.256407,9058.172,11
98349,5.394318,4400.646,11
98351,4.278165,1189.075,5
98353,8.742244,1142.434,5
98354,13.70137,7650.54,13
98355,3.524235,228.319,4
98356,5.150212,1676.58,11
98358,11.700159,612.338,4
98359,3.865026,4965.695,10
98360,5.540509,13145.384,24
98361,4.659279,979.541,4
98362,9.962026,23560.171,26
98363,9.49399,13720.689,13
98366,10.45962,33283.693,28
98367,4.294289,19623.375,18
98368,9.713247,3105.371,9
98370,8.732648,29443.706,29
98371,10.139729,22524.589,40
98372,8.630148,16782.312,30
98373,9.821121,25080.575,31
98374,7.565083,30213.728,21
98375,9.231544,18431.093,22
98376,4.819316,1604.42,3
98377,4.851383,1457.775,7
98380,3.484232,5521.949,11
98381,8.024316,1645,2
98382,10.84314,7124.141,6
98383,8.216869,13917.417,17
98385,4.435099,1125.542,7
98387,8.43598,23863.257,31
98388,12.34376,6310.18,12
98390,9.482012,10488.81,22
98391,6.522635,42487.017,37
98392,9.246239,3378.193,4
98393,10.611809,1244.008,3
98394,5.307982,3128.878,6
98395,6.531036,1231.35,2
98401,18.166667,692.713,1
98402,15.198717,3836.408,29
98403,15.443804,6200.227,29
98404,13.160616,23862.322,33
98405,15.078952,22499.918,35
98406,14.753114,18310.521,46
98407,13.9662,20220.981,29
98408,13.782359,14312.156,22
98409,13.837477,15805.445,23
98411,16.583262,1153.302,2
98417,15.66148,1071.943,5
98418,14.085277,5857.826,10
98419,15.821469,858.274,2
98421,10.666667,520.323,5
98422,9.520254,21161.445,21
98424,7.988172,3604.622,15
98433,7.463385,11339.877,6
98438,7.333333,127.159,1
98439,9.637716,5387.717,5
98443,7.349715,5305.44,6
98444,12.835894,31321.654,38
98445,8.532573,17200.199,30
98446,7.552055,9256.676,17
98448,14.197124,2143.523,4
98464,15.565832,1634.253,3
98465,14.726712,6190.995,20
98466,13.067353,26765.027,33
98467,11.545121,8235.606,28
98490,16.583262,470.79,2
98496,15.834066,1878.697,2
98498,10.670315,29141.693,32
98499,14.093523,29464.237,35
98501,10.961719,22464.835,36
98502,13.913205,18533.88,14
98503,13.088482,15711.606,26
98506,9.278532,13747.719,17
98507,16.327571,1390.233,4
98508,17.333333,1241.932,1
98509,12.881682,2456.534,4
98512,7.6382,28328.645,34
98513,8.953357,23787.487,22
98516,9.396977,12116.568,18
98520,12.369702,20257.089,33
98526,4.369814,700.829,4
98528,4.158198,799.695,10
98530,4.47346,2.618,5
98531,7.451719,25158.084,38
98532,5.807508,21975.327,31
98533,3.524235,677.59,4
98537,11.562704,2640.675,20
98538,4.920714,52.175,3
98540,5.890473,1046.019,2
98541,6.677964,2257.291,10
98542,3.403147,612.134,6
98546,3.607907,2773.031,7
98548,3.186405,523.01,3
98550,9.322818,10795.312,11
98552,4.224526,489.116,4
98555,3.149675,0.727,2
98557,9.807474,3499.674,5
98558,4.339515,1196.983,7
98559,6.072714,2.624,3
98560,3.149675,52.371,2
98563,9.206742,1499.623,9
98564,3.765507,2241.882,4
98568,6.044242,2303.415,10
98570,3.539393,4162.27,9
98572,5.335207,1.847,3
98575,2.722345,205.179,3
98576,4.561143,3868.928,18
98577,6.152447,6051.599,8
98579,4.96902,13980.973,19
98580,4.193277,10133.052,11
98581,3.350269,533.885,4
98582,3.436336,369.457,6
98584,8.026814,27941.937,29
98585,3.62192,739.488,10
98586,5.335207,120.04,3
98589,4.025582,8476.689,14
98591,4.152876,3525.902,12
98592,4.174144,2357.595,4
98593,4.920714,1280.897,3
98596,5.293551,3781.866,8
98597,7.574664,9191.685,11
98601,5.415347,3367.748,9
98602,4.364844,213.502,4
98603,3.520594,1151.483,2
98604,8.284311,36236.628,28
98605,3.223228,432.968,3
98606,4.871046,6593.123,16
98607,8.669483,33330.02,35
98609,3.511535,33.976,5
98610,8.085824,3123.304,5
98611,3.3265,3667.102,15
98612,4.538673,2288.061,5
98613,4.364844,266.546,4
98614,5.335207,736.858,3
98616,3.557032,267.786,3
98617,4.364844,706.811,4
98620,4.364844,9.283,4
98621,4.538673,427.567,5
98622,10.2661,126.467,2
98624,5.335207,337.957,3
98625,3.513177,99.133,7
98626,10.06567,20022.53,34
98628,4.364844,14.587,4
98629,4.507294,10072.267,9
98631,17.490193,1252.693,4
98632,11.278894,32375.066,34
98635,4.364844,2877.636,4
98638,5.211782,1193.226,8
98639,4.60159,1044.473,3
98642,6.965452,11701.091,12
98643,4.538673,660.129,5
98644,18.333333,6.565,1
98645,4.24564,698.982,2
98647,4.538673,605.238,5
98648,8.46721,3071.386,9
98649,4.24564,933.406,2
98651,3.219542,831.63,2
98660,15.42211,12188.04,18
98661,11.815595,39680.704,42
98662,11.210083,28029.536,38
98663,12.139155,13697.035,21
98664,11.031688,15510.42,17
98665,12.97601,27688.672,42
98666,18.413063,619.153,2
98668,12.70084,1555.116,3
98670,4.364844,94.153,4
98671,7.920123,16198.696,19
98672,3.239757,150.266,6
98673,4.364844,458.83,4
98674,4.224783,4351.433,11
98675,4.947286,6288.753,13
98682,11.138539,47592.575,41
98683,13.09114,32305.402,28
98684,12.572476,21751.527,28
98685,10.985181,28940.488,17
98686,10.985398,11376.493,24
98801,6.896585,10322.69,8
98802,10.448283,32058.119,23
98812,6.889427,4947.146,15
98813,5.198462,126.677,3
98814,5.043766,446.578,5
98815,12.045257,4062,3
98816,5.569288,222.724,10
98822,5.318084,2083.245,2
98823,3.275334,2928.836,8
98827,4.649822,94.539,3
98828,6.226038,2302.464,4
98831,6.93702,2943.867,3
98832,3.905073,243.866,11
98833,6.266395,366.251,4
98834,5.240539,92.371,10
98837,4.47487,13243.659,12
98840,5.846193,5722.62,16
98841,4.900124,2191.582,6
98845,9.725232,420.562,2
98846,6.063593,998.069,10
98848,7.540322,12993.131,14
98849,2.911586,953.352,6
98850,4.071305,1423.008,7
98851,4.420091,3892.413,8
98853,2.882616,2.538,6
98855,4.493813,3829.75,6
98856,5.055267,2734.97,9
98857,8.476689,3755.52,7
98858,9.596726,887.363,4
98860,2.882616,5.075,6
98862,5.976463,2217.99,9
98901,8.172628,22592.317,25
98902,9.336929,37697.933,32
98903,10.814541,10754.258,25
98907,15.613828,1918.21,2
98908,6.406622,16852.573,35
98909,9.659636,2650.333,4
98922,5.220541,109.121,2
98923,3.676936,2208.807,6
98926,7.313981,24208.629,15
98930,9.828523,10882.779,6
98932,3.414055,498.64,9
98933,3.305388,999.197,8
98935,10.862747,2956.657,5
98936,5.837127,6568.747,5
98937,4.717522,3357.285,18
98938,3.166667,350.86,1
98942,7.537882,15153.186,8
98944,3.183888,1429.938,3
98946,5.220541,17.856,2
98947,3.676936,2494.712,6
98948,8.232426,13708.293,15
98951,3.696872,6789.643,14
98952,3.517087,1220.744,8
98953,3.166667,63.793,1
99001,11.912206,6758.828,4
99003,3.723093,4980.179,7
99004,9.226375,19324.848,25
99005,4.969525,6546.807,8
99006,5.798644,10563.485,12
99008,5.993704,831.96,9
99009,3.26663,3225.75,10
99011,13.166667,3115.279,1
99012,5.102945,812.849,3
99013,3.471395,605.63,5
99014,3.707111,1.924,3
99016,4.789807,1109.934,5
99017,5.403751,263.844,7
99018,5.102945,270.012,3
99019,4.441052,18.039,2
99021,6.298944,5219.9,6
99022,9.48499,6425.343,13
99023,4.906358,597.573,5
99025,5.837526,1879.566,5
99026,5.000485,1219.656,3
99027,5.884666,6082.735,8
99029,3.350281,303.631,3
99030,4.939945,962.746,5
99031,4.334792,988.747,5
99032,7.21102,837.639,8
99033,5.319932,641.645,12
99036,4.51232,1330.347,8
99037,10.360225,8426.178,14
99040,3.507087,352.35,2
99101,3.590782,1325.57,9
99103,6.87987,385.797,7
99104,4.547381,7.584,5
99105,4.712317,113.89,3
99109,5.23908,4961.08,9
99110,3.873646,248.061,5
99111,5.746956,4504.737,18
99113,5.163506,876.175,7
99114,6.116515,11297.983,14
99115,8.559929,1385.201,8
99116,5.73029,2782,7
99117,6.58441,459.867,6
99118,3.91839,903.306,3
99119,3.315466,1268.678,6
99121,3.91839,78.124,3
99122,8.058108,4507.176,13
99123,8.190203,368.982,4
99125,5.305823,566.513,9
99126,3.474274,184.712,3
99128,4.641085,306.759,9
99129,3.70308,1568.942,3
99130,4.547381,460.067,5
99131,4.333333,158.278,1
99133,7.948139,2117.689,10
99134,7.12378,411.662,3
99135,8.190203,236.435,4
99136,4.985858,90.04,2
99137,4.333333,302.296,1
99138,6.333333,1171.752,1
99139,3.552771,1521.531,3
99140,6.333333,299.822,1
99141,3.91839,1603.979,3
99143,5.007801,612.874,11
99144,7.12378,73.099,3
99147,6.634256,340.649,3
99148,3.657533,490.819,3
99150,4.143637,200.605,6
99153,3.552771,208.776,3
99154,7.12378,57.71,3
99156,4.916992,8337.271,11
99158,4.642877,416.771,9
99159,7.236491,951.618,12
99160,3.91839,136.717,3
99161,4.547381,1569.788,5
99163,7.734633,19849.188,16
99166,5.539587,3181.696,7
99167,4.333333,356.481,1
99169,8.776061,2711.322,9
99170,5.260569,1361.357,14
99171,5.336704,1353.018,9
99173,3.651421,1345.784,5
99176,4.731903,263.625,9
99179,4.985858,350.156,2
99180,3.253038,1087.669,6
99181,3.657533,1947.505,3
99185,6.634256,1205.072,3
99201,15.836474,10280.986,15
99202,14.265145,15089.805,38
99203,13.773385,18418.939,31
99204,13.761616,2664.562,7
99205,14.684902,41629.604,51
99206,12.151441,33595.173,37
99207,14.933843,22246.282,36
99208,12.19042,14807.173,19
99209,14.298144,1662.933,3
99210,17.079425,814.911,2
99211,13.305827,610.588,2
99212,12.566808,15432.475,21
99213,15.326497,652.181,3
99214,15.125533,1688.982,2
99216,11.757159,25531.858,29
99217,10.85145,5842.039,19
99218,16.60763,3702.501,3
99219,8.666667,562.531,1
99220,17.39576,993.961,3
99223,11.18899,24247.348,26
99224,7.307378,11668.297,25
99228,13.686469,1675.77,3
99301,11.140693,33109.849,19
99320,7.058456,9008.498,13
99322,11.26671,23.336,2
99323,3.676497,4185.376,4
99324,7.326504,1248.663,7
99326,4.712317,6.699,3
99328,5.822016,3817.285,13
99329,4.726549,7.805,5
99330,3.658209,111.422,2
99336,14.109513,37209.478,40
99337,7.944504,21772.963,27
99338,4.920806,6219.964,16
99341,4.712317,291.424,3
99344,11.091398,10772.361,10
99347,5.483783,2251.89,12
99348,3.73796,1456.23,14
99350,4.834209,1081.393,9
99352,10.524091,18851.238,36
99353,9.303572,15824.961,21
99354,11.691637,16329.085,16
99357,3.048406,322.813,3
99360,4.702885,1453.205,9
99361,4.759423,1526.289,14
99362,9.807368,32437.742,34
99371,4.694783,705.118,5
99401,4.157105,83.267,3
99402,4.184713,2248.497,7
99403,6.655999,20059.39,26
99501,13.737805,12378.285,19
99502,8.387016,14562.977,13
99503,15.012101,5953.687,25
99504,11.99544,39169.353,47
99507,10.014705,37376.753,44
99508,12.614955,27517.285,34
99509,7.049142,2135.424,3
99510,16.584602,990.238,4
99514,14.939877,2947.174,3
99515,10.314757,12950.197,18
99516,5.77476,20536.117,14
99517,9.9434,14472.42,23
99518,11.872044,10443.879,17
99519,7.954997,1158.948,4
99520,16.584602,1392.3,4
99521,11.763685,3121.086,5
99523,12.313873,2300.409,4
99524,16.44601,2103.469,5
99540,4.382858,2309.85,4
99549,6.097212,458.333,2
99556,4.809981,2852.497,6
99559,3.994396,6424,4
99561,4.139387,3403,6
99564,6.097212,458.333,2
99567,4.536327,8703.146,7
99568,4.837102,133.569,4
99569,4.107519,2660,3
99572,4.674143,84.897,4
99576,5.04982,2315,3
99577,7.706152,16992.854,15
99587,4.382858,39.15,4
99603,5.759409,9907.884,12
99605,4.666667,174.125,1
99606,6.097212,458.333,2
99611,5.740728,13750.052,14
99613,7.249064,416.312,2
99615,6.683786,13649,10
99622,4.139387,3403,6
99623,4.30569,24694.103,24
99631,4.666667,298.5,1
99633,7.249064,354.933,2
99639,4.837102,795.051,4
99645,6.154327,30835.352,16
99652,3.531599,14.202,3
99654,5.636761,38072.043,27
99660,6,969,1
99664,6.47968,5061.188,3
99665,5.941718,978,2
99669,6.718332,11297.065,7
99670,7.249064,118.756,2
99672,4.694617,2373.173,3
99674,4.730557,1581.616,2
99676,5.816496,1851,2
99680,4.139387,3403,10
99682,3,483,1
99683,2,552,1
99687,9.225677,3740.584,3
99688,3.73926,2123.1,2
99689,7.166667,689,1
99701,9.198954,15252.886,27
99705,7.058208,4822.372,9
99706,7.951264,919.804,2
99707,11.335664,1002.247,2
99708,7.294354,3627.483,4
99709,6.634241,21625.018,22
99710,4.092007,6.579,3
99712,4.170726,9689.224,8
99714,3.03619,1077.719,2
99723,5.829627,4452,5
99727,5.507272,1482,5
99729,6,44.198,2
99737,4.66638,4644,4
99742,5.669949,5840,6
99743,6,2187.802,2
99749,5.507272,1482,5
99750,5.507272,1482,5
99752,6.94414,3288,4
99760,5.516092,1450,2
99766,5.341723,2503,3
99780,6.300478,2232,2
99781,4.960996,1111,2
99790,4.166667,2.666,2
99801,10.357889,30081.347,23
99824,8.677752,2248.653,3
99827,6.474318,2518,3
99830,4.172723,1142,3
99833,8.226062,3255,4
99835,12.89889,8738,11
99840,6.833333,1061,1
99901,8.631231,10244,8
99918,4.172723,571,3
99919,4.172723,571,3
99921,7.062533,846.667,3
99923,1.833333,15,1
99925,7.062533,1693.333,3
99926,7.543119,1635,3
99929,5.582931,2484,4
